iso_alpha,Year,Publications,Country,SE_articles_total,Tertiary_education_expenditure_pct,GDP_per_capita,GDP_per_capita_PPP_constant,GDP_per_capita_PPP,GNI_per_capita_Atlas,GNI_per_capita_PPP_constant,GNI_per_capita_PPP,Education_expenditure_pct,Education_expenditure_pct_of_total,Internet_users_pct,Population,RnD_expenditure_pct,Researchers_per_million,Tertiary_enrollment_pct,Sci_tech_articles,Urban_population_pct,data_source_flag
AFG,2003,1.0,Afghanistan,7.34,,198.871115728727,1815.92819979586,966.962032048704,190.0,,980.0,,,0.0878912528559713,22733049.0,,,1.37434995174408,7.34,19.1600346409089,WB/UNESCO
AFG,2004,0.33,Afghanistan,6.75,,221.763653873013,1776.91820712187,971.633503054244,210.0,,980.0,,,0.105809030021958,23560654.0,,,1.39064002037048,6.75,19.3993593959593,WB/UNESCO
AFG,2005,1.0,Afghanistan,9.15,,254.184249149336,1908.11478234587,1076.08735259986,250.0,,1090.0,,,1.22414808372471,24404567.0,,,,9.15,19.7059095753667,WB/UNESCO
AFG,2006,0.0,Afghanistan,13.86,,274.218553561575,1929.72389709372,1121.83447078394,270.0,,1140.0,,,2.10712364546412,25424094.0,,,,13.86,20.1104530189181,WB/UNESCO
AFG,2007,0.0,Afghanistan,14.23,,376.223152003876,2155.35306784413,1286.94984307286,330.0,,1300.0,,,1.899999976,25909852.0,,,,14.23,20.5906579215423,WB/UNESCO
AFG,2008,0.0,Afghanistan,12.5,,381.73323802844,2191.50435559062,1333.74726657191,370.0,,1330.0,,,1.84,26482622.0,,,,12.5,21.1241481349633,WB/UNESCO
AFG,2009,0.0,Afghanistan,26.14,,452.053705477043,2565.02208584099,1570.69814519525,460.0,,1570.0,,,3.55,27466101.0,,,3.93815994262695,26.14,21.6885475109053,WB/UNESCO
AFG,2010,0.0,Afghanistan,27.68,9.03217,560.621505463146,2848.58606111495,1765.53802824846,530.0,,1770.0,3.4794499874115,17.0771293640137,4.0,28284089.0,,,,27.68,22.2614799010924,WB/UNESCO
AFG,2011,0.5,Afghanistan,41.62,8.98621,606.694676337726,2757.05258747725,1744.06062321558,550.0,,1740.0,3.4620099067688,16.0484294891357,5.0,29347708.0,,,3.68686008453369,40.62,22.8205691572485,WB/UNESCO
AFG,2012,1.2,Afghanistan,34.65,12.74171,651.417134470046,2985.31914452845,1988.42930381554,640.0,,1990.0,2.60420989990234,10.3568000793457,5.454500198,30560034.0,,,,34.65,23.3434391310979,WB/UNESCO
AFG,2013,0.0,Afghanistan,27.31,11.75683,637.087099117099,3046.57993117128,2133.24127098647,670.0,,2140.0,3.45445990562439,14.1028003692627,5.900000095,31622704.0,,,,27.31,23.8077136743646,WB/UNESCO
AFG,2014,0.33,Afghanistan,35.01,12.41128,625.054941813938,3017.94254424696,2224.49074815215,640.0,,2230.0,3.69521999359131,14.4659299850464,7.0,32792523.0,,,8.39764022827148,33.84,24.1910166387726,WB/UNESCO
AFG,2015,0.0,Afghanistan,21.19,15.95379,565.569730408751,2967.692067153,2284.07584789349,590.0,,2300.0,3.25578999519348,12.5089998245239,8.260000229,33831764.0,,,,21.19,24.4649118421568,WB/UNESCO
AFG,2016,0.0,Afghanistan,59.55,,522.082215583898,2958.7853992308,2213.1814410479,560.0,,2240.0,4.5439600944519,16.2117004394531,11.0,34700612.0,,,,60.49,24.6588345720126,WB/UNESCO
AFG,2017,3.0,Afghanistan,72.4,,525.469770891619,2952.99891598909,2335.79586234454,530.0,,2360.0,4.34319019317627,15.6613798141479,13.5,35688935.0,,,,69.98,24.8352821238871,WB/UNESCO
AFG,2018,0.7,Afghanistan,90.34,,491.337221382603,2902.39211285546,2432.27670083336,520.0,,2460.0,,,16.79999924,36743039.0,,,9.99592018127441,88.54,24.9991645191406,WB/UNESCO
AFG,2019,2.33,Afghanistan,139.36,,496.6025042585,2927.2451435353,2583.48533239877,520.0,,2620.0,,,17.60000038,37856121.0,,,,138.21,25.1437258839803,WB/UNESCO
AFG,2020,0.75,Afghanistan,145.71,,510.787063366811,2769.68574507111,2561.98176058622,490.0,2817.99602169091,2580.0,,,17.04850006,39068979.0,,,10.85435962677,140.25,25.2622103446137,WB/UNESCO
AFG,2021,0.8,Afghanistan,177.39,,356.496214115892,2144.16657002819,2144.16657002819,380.0,2157.11181691798,2160.0,,,16.51429939,40000412.0,,,,168.21,25.3478620272481,WB/UNESCO
AFG,2022,4.76,Afghanistan,169.19,,357.261152798144,1981.71016810561,2122.65936199211,370.0,1979.53034931513,2130.0,,,15.86629963,40578842.0,,,,157.05,25.3939250580909,WB/UNESCO
AGO,2003,0.0,Angola,5.89,,1133.66331960414,7516.81391491319,4322.19773213187,780.0,7180.57848917386,3960.0,,,0.370682065225727,17943712.0,,,2.87620997428894,5.89,54.0043545370761,WB/UNESCO
AGO,2004,0.0,Angola,9.73,,1451.47117870872,8079.52613328266,4770.6880256896,1190.0,8085.61282207077,4330.0,,,0.464814617985909,18600423.0,,,2.14597010612488,9.73,55.0445280863936,WB/UNESCO
AGO,2005,0.0,Angola,10.04,8.2836,2145.88621098663,8892.92106099154,5415.6121201567,1590.0,9664.2480807055,4890.0,2.12011003494263,7.99235010147095,1.143399954,19291161.0,,,2.6385600566864,9.79,56.0,WB/UNESCO
AGO,2006,0.5,Angola,12.57,8.70122,2930.44428606516,9586.17542123825,6017.8181625822,2090.0,10927.6221644637,5380.0,2.28146004676819,7.45479011535645,1.5,20015279.0,,,2.55977010726929,12.57,56.8939032662772,WB/UNESCO
AGO,2007,0.0,Angola,10.16,,3515.05678985496,10434.7087224445,6727.96328831171,2800.0,10962.6956866449,6030.0,,,1.700000048,20778561.0,,,,10.16,57.7564632930133,WB/UNESCO
AGO,2008,0.33,Angola,11.85,,4578.15526451058,11131.6310145389,7315.60233033586,3450.0,11089.9615122995,6300.0,,,1.899999976,21578655.0,,,,11.85,58.5851745819614,WB/UNESCO
AGO,2009,0.0,Angola,13.78,,3645.14846565169,10930.2531201205,7227.5636424754,3680.0,9257.94895066898,6620.0,,,2.299999952,22414773.0,,,,13.45,59.3775316348744,WB/UNESCO
AGO,2010,0.0,Angola,14.68,,4101.63715564669,11074.0723813984,7411.6546086217,3780.0,10592.7486352733,6780.0,3.42131996154785,8.68476963043213,2.799999952,23294825.0,,,,14.6,60.1310289535053,WB/UNESCO
AGO,2011,0.14,Angola,17.78,,5184.15269151846,11034.5919687814,7537.59656406157,3960.0,11547.9045458858,6960.0,,,4.699999809,24218352.0,,48.42677,6.44004138280629,17.78,60.8431610396073,WB/UNESCO
AGO,2012,0.0,Angola,21.3,,5702.45306277434,11516.8133246588,8246.36081151609,4750.0,11685.6338389901,7650.0,3.08191085718142,8.37043244524554,7.699999809,25177394.0,,,,21.3,61.5114223949332,WB/UNESCO
AGO,2013,0.0,Angola,23.85,,5688.57916213471,11622.978345524,8504.09532069445,5330.0,11392.0528538547,7960.0,4.43894951297476,8.82697061127785,13.0,26165620.0,,,9.22339720175662,23.28,62.1333075212361,WB/UNESCO
AGO,2014,0.9,Angola,34.57,,5649.68762467535,11718.4286832376,9017.69018159709,5430.0,10295.4900814985,8530.0,,,21.3623407584103,27160769.0,,,,33.62,62.723115793241,WB/UNESCO
AGO,2015,0.25,Angola,32.12,,3641.72893920253,11389.7609549481,8067.48584683702,4450.0,8591.5894287539,7710.0,3.48689580393413,8.9187765351992,22.0,28157798.0,,,8.78320868033121,29.16,63.51567832685,WB/UNESCO
AGO,2016,0.0,Angola,37.81,,2082.37343594705,10963.9967887173,7882.51370525255,2960.0,8492.22867583789,7530.0,2.75493664582725,6.55097404850717,23.20000076,29183070.0,0.03229,18.93579,9.78287696232453,36.45,64.2992302517989,WB/UNESCO
AGO,2017,0.33,Angola,55.13,,2832.14997950512,10565.1676483607,8125.70639391928,2440.0,8639.21071358951,7700.0,2.46687881104886,6.76377686213957,26.0,30234839.0,,,,52.43,65.0850525086068,WB/UNESCO
AGO,2018,0.0,Angola,29.7,,2891.83032378747,10154.8389228005,8370.22875787099,2300.0,9089.27855197459,7800.0,2.18351298946275,5.77752454566543,29.0,31297155.0,,,,29.71,65.8732136723372,WB/UNESCO
AGO,2019,0.0,Angola,36.39,,2507.86807213642,9712.97944927269,8621.65930812477,2460.0,8010.0596942101,7940.0,2.07306438181603,6.04535564723515,32.12939835,32375632.0,,,,35.26,66.6637823180533,WB/UNESCO
AGO,2020,0.0,Angola,48.51,,1749.1794838482,8904.94900580168,7782.15153413853,2000.0,7121.41458419446,7200.0,2.66744733689285,5.29473572273771,33.32089996,33451132.0,,,,46.17,67.4568270208187,WB/UNESCO
AGO,2021,0.07,Angola,42.35,,2266.96834861584,8720.18768742123,8720.18768742123,1960.0,8112.67440287258,8110.0,2.29719689513241,6.91961006302706,34.55649948,34532429.0,,,,40.17,68.2524163556969,WB/UNESCO
AGO,2022,0.0,Angola,44.99,,3598.53669077341,8750.99363032299,9373.4083091956,2290.0,8219.34214495565,8790.0,2.38535898416633,6.64047212078077,35.83800125,35635029.0,,,,45.14,69.0506188977513,WB/UNESCO
ALB,2003,0.0,Albania,22.68,,1908.69900687608,8025.2480324802,5169.16314519267,1700.0,8085.64415328662,5300.0,3.03534007072449,10.5735998153687,0.971900415195857,3039616.0,,,16.3662395477295,22.68,44.0295089223208,WB/UNESCO
ALB,2004,0.0,Albania,17.91,,2446.90949947798,8483.25881549279,5594.81688580464,2170.0,8641.11396650213,5720.0,3.1308000087738,10.7031602859497,2.42038779776014,3026939.0,,,19.1295795440674,18.44,44.9784925669394,WB/UNESCO
ALB,2005,0.0,Albania,25.77,,2741.72136549578,8964.28082219496,6014.3155961528,2690.0,9004.88746033882,6130.0,3.20023989677429,11.3579702377319,6.04389086404814,3011487.0,,,22.389009475708,24.59,45.9937666920583,WB/UNESCO
ALB,2006,0.0,Albania,26.35,,3057.77257038113,9563.98954154527,6752.91540163161,3130.0,9690.04544068851,6950.0,3.10271000862122,10.9329500198364,9.609999657,2992547.0,,,26.2101001739502,25.97,47.0701050949378,WB/UNESCO
ALB,2007,0.0,Albania,41.9,,3743.05529896187,10262.9242359026,7584.67436194396,3580.0,10474.6780169527,7790.0,3.14638996124268,11.1771898269653,15.03610039,2970017.0,0.08411,,30.2319297790527,40.9,48.2022815728384,WB/UNESCO
ALB,2008,0.83,Albania,52.48,,4498.50486763601,11056.3059173381,8469.28996108484,4160.0,11168.2931588001,8510.0,,,23.86,2947314.0,0.14973,155.23568,31.6839599609375,52.48,49.3850699230207,WB/UNESCO
ALB,2009,0.0,Albania,68.72,,4213.65007574693,11430.5746310655,9030.61738450029,4390.0,11364.4656567598,8890.0,,,41.2,2927519.0,,,32.9239883422852,67.72,50.6132439427449,WB/UNESCO
ALB,2010,0.0,Albania,124.83,,4149.14469936847,11829.0042369631,9754.86619784549,4430.0,11675.2360063561,9660.0,,,45.0,2913021.0,,,43.3279304504395,122.81,51.8815774292716,WB/UNESCO
ALB,2011,0.0,Albania,140.71,,4465.70914328865,12153.0636591785,10273.4276843078,4460.0,11936.6551737524,10280.0,3.17881310743026,10.9672234716811,47.0,2905195.0,,,49.3997040639925,138.98,53.2917382892465,WB/UNESCO
ALB,2012,0.0,Albania,150.63,,4280.93316338873,12463.518369846,10608.7790745201,4430.0,12157.2743736945,10530.0,3.29533986928598,11.509856714685,49.40000153,2860708.0,,,58.6214186004979,146.89,53.8637553661449,WB/UNESCO
ALB,2013,0.0,Albania,148.81,21.92905,4542.92903556739,12873.4298184073,10882.042303638,4690.0,12837.9084989683,11070.0,3.53355002403259,12.1239099502563,51.79999924,2816902.0,,,63.8440585382953,147.06,54.2979678058548,WB/UNESCO
ALB,2014,0.0,Albania,154.14,,4793.59751131525,13366.5040948145,11787.8702732821,4750.0,13322.8043863092,11900.0,3.18177734553254,10.9181681167363,54.29999924,2773767.0,,,65.5507096860696,151.98,54.7325813178673,WB/UNESCO
ALB,2015,0.06,Albania,159.48,21.15599,4199.53912925398,13876.7616296598,12386.6003347481,4660.0,13960.8822321897,12530.0,3.41300010681152,11.1775503158569,56.90000153,2731293.0,,,61.9608485481051,157.56,55.1579291374894,WB/UNESCO
ALB,2016,0.17,Albania,165.44,19.09854,4457.63412207495,14643.4285614716,13055.8912586429,4670.0,14843.5301503375,13270.0,3.91997003555298,13.596960067749,59.59999847,2689469.0,,,58.4884791901189,161.29,55.5738734464276,WB/UNESCO
ALB,2017,1.28,Albania,133.42,18.85009,5006.36012951959,15359.3974577025,14110.6720568255,4700.0,15463.0031088742,14140.0,3.54673004150391,12.3852100372315,62.40000153,2648285.0,,,58.0177836674929,129.38,55.980276426546,WB/UNESCO
ALB,2018,0.23,Albania,170.56,,5897.65452588774,16170.9234325287,15055.3473824585,5400.0,16257.9579256863,15040.0,3.08201370407389,10.8817322436585,65.40000153,2607733.0,,,56.0802964109938,165.78,56.377000259892,WB/UNESCO
ALB,2019,2.24,Albania,203.1,,6069.43903131027,16761.1230178682,16442.0254754945,5900.0,16657.3218041809,16230.0,3.8701798915863,13.4334001541138,68.5503911218006,2567801.0,,,61.4085141527142,192.83,56.7639071287255,WB/UNESCO
ALB,2020,0.15,Albania,167.16,,6027.91350716348,16457.7189744991,16287.6136733864,5970.0,16164.4087037474,16020.0,3.32505011558533,10.267430305481,72.23767711,2528480.0,,,61.5853024328899,181.95,57.1408592155544,WB/UNESCO
ALB,2021,3.57,Albania,241.09,,7242.45513146613,18212.794718288,18212.794718288,6940.0,17960.3067374382,17960.0,3.00555992126465,9.40900993347168,79.32371752,2489762.0,0.18998,449.1043,59.9698690125562,255.02,57.5077187031778,WB/UNESCO
ALB,2022,2.56,Albania,238.59,,7756.96188744253,19388.7927279351,22138.4966146921,7720.0,19435.9244628967,21750.0,2.72977995872498,9.01408958435059,82.61367544,2451636.0,0.19997,428.69994,62.647921513098,242.18,57.8643477747383,WB/UNESCO
AND,2003,0.0,Andorra,4.7,,34063.5784040571,63656.1958332184,41147.8806964122,,,,,,13.546412876439,69486.0,,,8.82861995697021,4.7,90.9887515425879,WB/UNESCO
AND,2004,0.0,Andorra,1.31,4.96431,39021.1278078772,64353.4858113531,42717.2377750894,,,,1.54411995410919,,26.8379543894637,74325.0,,,8.74967002868652,1.31,90.5157699584961,WB/UNESCO
AND,2005,0.0,Andorra,4.93,3.88254,40829.801878928,65114.8053663021,44577.819335205,,,,1.64497005939484,,37.6057662174867,77421.0,,,8.41534996032715,4.93,89.9563631945418,WB/UNESCO
AND,2006,0.0,Andorra,5.02,6.6278,43467.210990395,66390.293726491,46852.658391836,,,,2.24489998817444,,48.9368469989479,79585.0,,,9.89391040802002,5.02,89.3789218918348,WB/UNESCO
AND,2007,0.0,Andorra,6.23,4.53195,48336.2283340364,65534.1168555171,47501.4309285593,,,,2.10469007492065,,70.87,81877.0,,,,5.9,89.0500030517578,WB/UNESCO
AND,2008,0.0,Andorra,1.68,,49132.5157047203,60691.6051530637,44838.9949989065,,,,2.87392997741699,,70.04,83495.0,,,10.986120223999,1.68,88.9407363930477,WB/UNESCO
AND,2009,0.0,Andorra,2.55,3.59818,43975.0183658196,57203.9708883731,42522.9945655822,,,,3.14292001724243,,78.53,83888.0,,,,2.55,88.84433315185,WB/UNESCO
AND,2010,0.0,Andorra,1.2,3.86129,42746.830952263,58285.0577756981,43853.1712383454,,,,2.97662997245789,,81.0,80706.0,,,,1.2,88.7604726056609,WB/UNESCO
AND,2011,0.0,Andorra,0.88,3.84056,46657.1561204071,60470.4662377044,46436.1158609322,,,,2.98706007003784,,81.0,77783.0,,,,0.88,88.6888340319763,WB/UNESCO
AND,2012,0.0,Andorra,4.53,,41500.5435782722,58172.1323929474,45503.0444828745,,,,2.56577895521486,9.84161391329076,82.69999695,76834.0,,,12.870249017038,4.53,88.6290967082924,WB/UNESCO
AND,2013,0.0,Andorra,5.26,4.58887,42470.3161158563,57332.1585611366,45609.2307235645,,,,2.50616002082825,6.19552993774414,84.40000153,75194.0,,,14.5405405405405,5.27,88.5809399121053,WB/UNESCO
AND,2014,0.0,Andorra,4.18,6.07554,44369.6596894579,59929.2444670501,48505.6017355504,,,,3.07420992851257,13.3152103424072,86.09999847,73737.0,,,13.5399673735726,4.18,88.544042920911,WB/UNESCO
AND,2015,0.25,Andorra,7.96,5.47481,38654.9347217207,62105.1542389675,50733.2390023674,,,,3.28034996986389,10.4428100585938,87.90000153,72174.0,,,13.8206896551724,7.04,88.5180850122057,WB/UNESCO
AND,2016,0.0,Andorra,7.83,5.8952,40129.8192026671,64402.8092369468,53110.1426260689,,,,3.23707008361816,9.99098014831543,89.69999695,72181.0,,,15.2011095700416,7.5,88.5027454634853,WB/UNESCO
AND,2017,0.0,Andorra,1.67,5.67515,40672.9943362327,63239.6577711911,53084.8639640903,,,,3.21708989143372,9.39243984222412,91.5674670273926,73763.0,,,15.6664896441848,1.17,88.4977035522461,WB/UNESCO
AND,2018,0.0,Andorra,3.19,5.64106,42819.774579353,63048.5985572834,55244.6554088177,,,,3.2467200756073,13.4619197845459,93.5,75162.0,,,15.7132150886835,2.52,88.5080998493791,WB/UNESCO
AND,2019,0.0,Andorra,5.41,,41257.8045861543,63215.899791913,57475.0692842215,46450.0,,63070.0,3.15060997009277,10.8952398300171,90.71869659,76474.0,,,15.4352596927579,4.91,88.5391793666245,WB/UNESCO
AND,2020,0.0,Andorra,8.14,,37361.090067211,55488.4902991095,52095.8414004627,42450.0,,58900.0,2.63213046553066,8.99186922593895,93.20570374,77380.0,,,15.2605749006777,7.68,88.5907780427517,WB/UNESCO
AND,2021,0.67,Andorra,9.44,,42425.6996761083,59332.2029100127,59332.2029100127,44720.0,63827.8799764936,63830.0,2.381921736037,10.264735366383,93.89749908,78364.0,,,15.4117647058823,8.52,88.6627318165299,WB/UNESCO
AND,2022,0.0,Andorra,9.6,,42414.0590111349,63913.3835079105,68459.2247863103,47600.0,,71410.0,2.64727997779846,6.96124982833862,94.05169678,79705.0,0.15818,,34.6414389161411,9.09,88.7548766267286,WB/UNESCO
ARE,2003,6.92,United Arab Emirates,546.62,,29659.5710296993,89828.493399274,92635.8207708156,29030.0,91789.6650718366,92600.0,,,29.4779534120864,4192457.0,,,,544.73,80.8489432668434,WB/UNESCO
ARE,2004,7.83,United Arab Emirates,563.1,,33376.6880534412,93166.1568863784,98661.409213788,33220.0,96615.7302626056,99130.0,,,30.1312961695367,4428967.0,,,,565.49,81.4729199268812,WB/UNESCO
ARE,2005,6.04,United Arab Emirates,718.77,,38719.3138285388,92750.9226341994,101301.379290923,36880.0,103611.824226813,102920.0,,,40.0,4664790.0,,,,716.33,82.2122832763517,WB/UNESCO
ARE,2006,4.76,United Arab Emirates,835.69,,44342.603055045,94872.5121329578,106813.979370437,41670.0,112783.284367749,109090.0,,,52.0,5009100.0,,,,832.92,82.5588968646829,WB/UNESCO
ARE,2007,3.75,United Arab Emirates,788.38,,45854.7352436978,87180.6001633546,100813.140247761,43420.0,107303.099151878,104090.0,,,61.0,5624635.0,,,,786.47,82.758608500318,WB/UNESCO
ARE,2008,9.7,United Arab Emirates,906.71,,50054.1700685968,80285.1613062103,94628.1996900371,44890.0,104274.847264206,95770.0,,,63.0,6302664.0,,,,900.73,82.9658963549658,WB/UNESCO
ARE,2009,7.08,United Arab Emirates,1044.34,,37803.0663737818,71488.9696792101,84780.2609702593,41310.0,81441.9725535964,85650.0,,,64.0,6707058.0,,,,1028.34,83.1701992996163,WB/UNESCO
ARE,2010,10.27,United Arab Emirates,1264.69,,44795.2846234991,70913.7569272495,85120.1372214041,42380.0,75573.9768716026,85100.0,,,68.0,6869838.0,,,,1241.16,83.3714299144178,WB/UNESCO
ARE,2011,12.91,United Arab Emirates,1423.22,,51921.8890746408,73190.4056300014,89665.3752336557,45610.0,86007.5816145984,89700.0,,,78.0,7104538.0,0.47252,,,1396.15,83.5695007795347,WB/UNESCO
ARE,2012,13.71,United Arab Emirates,1607.36,,53141.6251661086,73644.0549928884,89198.0332724859,51180.0,87539.4714982617,89270.0,,,84.9999915049492,7391448.0,,,,1582.11,83.7643244751488,WB/UNESCO
ARE,2013,15.62,United Arab Emirates,1763.04,,53247.2278745159,74237.2038000319,87526.3039873404,53780.0,87939.7358623729,87630.0,,,88.0,7693031.0,,,,1735.91,83.9558135814626,WB/UNESCO
ARE,2014,21.88,United Arab Emirates,1814.55,,52725.2307981936,74145.1175448951,87477.7258300501,53360.0,87082.1032869258,87610.0,,,90.4000107121939,8059440.0,0.67523,,,1779.07,84.1438806787019,WB/UNESCO
ARE,2015,29.59,United Arab Emirates,2314.25,,44910.3458860776,75238.5571858454,73986.0815808827,49990.0,76232.2235698689,74320.0,,,90.5,8505237.0,0.86569,2168.42732,,2273.31,84.3284383471193,WB/UNESCO
ARE,2016,23.51,United Arab Emirates,2562.72,,42721.1136110991,75671.036861385,69987.0059667469,46180.0,74467.3898593867,70370.0,,,90.6000073180483,8935095.0,0.9318,2509.55341,,2527.75,84.5093991669984,WB/UNESCO
ARE,2017,29.22,United Arab Emirates,2866.45,,43733.6242018215,72529.0423512365,70281.8969423807,42230.0,74458.8801125218,70770.0,,,94.8199225383446,9223225.0,,,,2888.62,84.686675718659,WB/UNESCO
ARE,2018,39.55,United Arab Emirates,3080.82,,47135.3478795605,72671.0787288764,77446.2084020359,44570.0,76713.7663977402,77700.0,,,98.4500017817194,9346701.0,1.26389,2464.56964,53.2113281680102,3063.21,84.8601805824625,WB/UNESCO
ARE,2019,38.04,United Arab Emirates,4137.79,,45938.6084572227,72822.9466438922,79816.3029999451,46690.0,76289.8608079645,80200.0,3.86019992828369,13.5688695907593,99.1499979561243,9445785.0,1.31065,2476.63113,53.8814655213653,3917.2,85.0298263388195,WB/UNESCO
ARE,2020,54.65,United Arab Emirates,4467.88,,37991.738387966,66808.6209256028,66790.6630877602,41310.0,61227.6357312833,66440.0,3.98417997360229,12.7982301712036,100.0,9401038.0,1.48831,2581.47405,54.9746998074699,4394.25,85.1955255681984,WB/UNESCO
ARE,2021,79.94,United Arab Emirates,5266.62,,44118.4936214315,68580.1312912676,68580.1312912676,43230.0,68460.7781319188,68460.0,3.89404010772705,14.7556104660034,100.0,9575152.0,1.49469,2606.78477,56.4520334436146,5201.38,85.3571908511355,WB/UNESCO
ARE,2022,71.67,United Arab Emirates,6401.84,,50759.7590190204,70075.63837395,75059.7702106115,46990.0,81656.4336388835,75070.0,,,100.0,10074977.0,,,60.4188226013954,6147.28,85.5147347682487,WB/UNESCO
ARG,2003,33.49,Argentina,4484.81,16.18717,3320.47775133903,20005.1385113465,10933.3925490794,3620.0,18171.8319942743,10490.0,3.53504991531372,14.3547201156616,11.9136965509954,38424282.0,0.41012,715.84326,64.0304870605469,4453.03,89.752468256564,WB/UNESCO
ARG,2004,33.21,Argentina,4604.3,17.20481,4242.02099089422,21591.449396517,12117.6797424042,3340.0,18083.7257416297,10770.0,3.48652005195618,15.1393003463745,16.0366841054923,38815916.0,0.40376,763.13901,64.5891418457031,4580.24,89.9397208794212,WB/UNESCO
ARG,2005,45.12,Argentina,4883.23,16.24196,5067.65342293276,23262.4075792816,13464.8128469454,4230.0,19249.6717829029,11930.0,3.86000990867615,15.8031702041626,17.7205833696065,39216789.0,0.42075,816.8412,63.4893112182617,4852.62,90.1233737736072,WB/UNESCO
ARG,2006,42.36,Argentina,5574.16,17.75414,5869.38028970204,24877.2493922296,14843.5778660497,5440.0,22637.9370831282,14350.0,4.12821006774902,15.5098400115967,20.9272021035896,39622115.0,0.45216,888.89168,66.9444732666016,5518.94,90.3033726521064,WB/UNESCO
ARG,2007,49.16,Argentina,5682.94,17.7498,7185.25155147027,26850.6645932771,16455.1129794785,6460.0,24795.7081085415,16020.0,4.46260976791382,15.1015701293945,25.9466329403819,40016763.0,0.46007,971.29008,66.6672210693359,5534.33,90.4796632279031,WB/UNESCO
ARG,2008,71.74,Argentina,6229.5,17.66036,8944.1102657357,27658.4853446831,17276.757088071,7600.0,26093.9362014127,16850.0,4.84438991546631,15.7478399276733,28.1126234799907,40424148.0,0.47055,1032.67483,68.5610733032227,6141.33,90.6521912139817,WB/UNESCO
ARG,2009,87.25,Argentina,6819.11,18.85052,8150.23527028221,25747.1976809995,16182.0753479301,7720.0,23967.3283821675,15680.0,5.53105020523071,16.0206699371338,34.0,40854831.0,0.58398,1031.64133,70.6931915283203,6632.61,90.8209023233265,WB/UNESCO
ARG,2010,110.54,Argentina,7153.65,19.85806,10260.1313108254,28056.2570212342,17847.6110367346,9160.0,26389.5942719744,17240.0,5.01972007751465,15.0479698181152,45.0,41288694.0,0.56104,1119.05035,73.803669361107,7006.47,90.9930051940977,WB/UNESCO
ARG,2011,101.79,Argentina,7625.07,19.43274,12704.2831819684,29425.7593876084,19104.9909405228,10590.0,28577.6583773868,18560.0,5.29063987731934,15.1585597991943,51.0,41730660.0,0.56597,1175.37229,77.0101185060955,7356.17,91.1072286738406,WB/UNESCO
ARG,2012,142.88,Argentina,7803.52,19.94066,12949.717486654,28825.9666865361,19430.4178068112,11770.0,28129.1578284396,18970.0,5.3458399772644,14.5182600021362,55.79999924,42161721.0,0.63491,1197.6554,78.1465174294761,7579.45,91.2041217246797,WB/UNESCO
ARG,2013,131.0,Argentina,7945.07,20.23468,12963.675773326,29227.6601818437,19928.989490167,12760.0,28444.3316752748,19500.0,5.43660020828247,14.457929611206,59.90000153,42582455.0,0.61849,1193.37333,78.5681646081939,7700.03,91.3014507719473,WB/UNESCO
ARG,2014,146.72,Argentina,8330.4,20.40408,12233.1444119186,28200.8152571318,19487.4181748868,12240.0,27224.4197964567,19090.0,5.36144018173218,13.7993297576904,64.69999695,43024071.0,0.59396,1202.47388,81.072589697739,8058.27,91.3975345472954,WB/UNESCO
ARG,2015,182.43,Argentina,8393.72,20.5357,13679.6264980954,28669.2061336796,19899.1499275245,12500.0,27720.5596990605,19530.0,5.77611017227173,13.9633102416992,68.0430641088122,43477012.0,0.62262,1225.50983,83.75569332589,8098.51,91.4923019108628,WB/UNESCO
ARG,2016,166.97,Argentina,8601.99,20.36758,12699.9623137756,27802.1057201498,20105.761359796,12130.0,26942.1597448156,19660.0,5.54548978805542,13.3555402755737,70.9689808206024,43900313.0,0.55815,1254.06674,86.6743832906399,8320.39,91.5856817228217,WB/UNESCO
ARG,2017,174.84,Argentina,8793.98,22.08034,14532.5009308511,28334.904184742,23385.0740904917,13070.0,27772.3291620252,22790.0,5.45432996749878,13.2639198303223,74.2949068657957,44288894.0,0.55632,1206.01905,89.3297346952415,8535.98,91.6776028433824,WB/UNESCO
ARG,2018,204.87,Argentina,9234.47,,11752.7998922979,27367.115094108,24410.3919063335,12390.0,26440.5138987603,23540.0,4.87773990631104,12.5233402252197,77.7,44654882.0,0.4883,1220.93622,91.0846512732766,9044.42,91.7679941327998,WB/UNESCO
ARG,2019,218.51,Argentina,9223.65,,9955.97478680428,26629.5529419501,23516.8261980886,11210.0,25128.2470114307,22590.0,4.77165985107422,12.5144596099853,79.9469520347551,44973465.0,0.47813,1224.69939,95.1928240640628,9080.32,91.8567844513802,WB/UNESCO
ARG,2020,210.76,Argentina,9999.61,,8535.59938004389,23877.0931404855,22393.3479575353,9040.0,22767.2261305656,21790.0,5.27689981460571,12.4222898483276,85.51438646,45191965.0,0.54126,1250.48347,99.3697348717996,9992.12,91.9439026594897,WB/UNESCO
ARG,2021,215.14,Argentina,9980.73,,10738.0179223384,26300.274261175,26300.274261175,10070.0,25772.618386908,25770.0,4.65393018722534,12.2848997116089,87.15070683,45312281.0,0.5236,1288.13477,107.219557633976,9943.87,92.0292776175651,WB/UNESCO
ARG,2022,255.75,Argentina,9122.18,,13962.1894087223,27825.0273492567,29804.0832363731,11890.0,27489.2806552139,29260.0,4.79263019561768,12.7075796127319,88.37535691,45407904.0,0.54951,1301.43112,107.103901423423,9086.96,92.112838186126,WB/UNESCO
ARM,2003,1.0,Armenia,323.45,,882.030167695474,6569.26023440631,3836.22556765865,910.0,7883.47685467717,3960.0,2.14505004882812,0.0,4.57521722477781,3182500.0,0.32109,,35.0657081604004,321.55,64.6663537455064,WB/UNESCO
ARM,2004,0.0,Armenia,344.62,,1130.08791444158,7299.40001858866,4377.22759685965,1120.0,8717.83321899078,4560.0,2.48673009872436,0.0,4.8990085713054,3164900.0,0.25659,,35.8360900878906,346.31,64.5972633621116,WB/UNESCO
ARM,2005,0.0,Armenia,394.95,,1557.48458908655,8362.90084037119,5172.21892098698,1460.0,10045.6560409343,5390.0,2.71202993392944,13.6480903625488,5.252999783,3146400.0,0.25761,,37.7094497680664,396.13,64.5334210637509,WB/UNESCO
ARM,2006,0.0,Armenia,358.51,,2041.65267068997,9525.23146779778,6072.7592448335,1910.0,11488.091990086,6360.0,2.71577000617981,13.578519821167,5.631800175,3127100.0,0.24057,,41.5903587341309,356.42,64.4758978663344,WB/UNESCO
ARM,2007,1.0,Armenia,405.91,,2962.70234594569,10898.8483795634,7136.75405490071,2600.0,13187.4676962625,7520.0,3.01893997192383,13.4655895233154,6.021299839,3107400.0,0.21107,,44.4558410644531,403.51,64.4257647857723,WB/UNESCO
ARM,2008,1.0,Armenia,384.85,11.29243,3777.66859313767,11727.4821272949,7827.31666718878,3390.0,14120.0087059886,8290.0,3.17272996902466,14.2684497833252,6.21,3087100.0,0.22438,,46.5244903564453,381.61,64.3840928379746,WB/UNESCO
ARM,2009,0.0,Armenia,438.63,9.3612,2820.5926553347,10143.2350796867,6811.69247966418,3140.0,11557.9552952429,7090.0,3.84079003334045,13.4512195587158,15.30000019,3066000.0,0.29093,,49.0897102355957,433.46,64.3519530388516,WB/UNESCO
ARM,2010,0.0,Armenia,493.99,11.65396,3041.34450723339,10438.5641904169,7095.21267955823,3280.0,12330.3794772306,7450.0,3.24900007247925,12.4005098342896,25.0,3044800.0,0.24139,,50.5839875932926,485.69,64.3304164043132,WB/UNESCO
ARM,2011,1.67,Armenia,588.71,11.2919,3349.55309771906,10990.177099035,7624.26772626905,3360.0,12211.1504126266,7890.0,3.14384007453919,12.593339920044,32.0,3027900.0,0.27014,,51.2949290708131,585.97,64.3207449145194,WB/UNESCO
ARM,2012,1.17,Armenia,548.98,9.49214,3511.56399687426,11796.2741177994,8942.63537897164,3700.0,12816.5875165428,9300.0,2.77248001098633,12.3689699172974,37.5,3024100.0,0.23853,,44.4855719494927,506.57,64.3268379506998,WB/UNESCO
ARM,2013,0.5,Armenia,532.37,10.31781,3680.16692158886,12194.0189523843,9454.87852836557,3940.0,13188.8801700463,10040.0,2.65018010139465,11.1367597579956,41.9,3022000.0,0.22216,,44.8347790892711,516.27,64.3584061131466,WB/UNESCO
ARM,2014,2.89,Armenia,540.71,13.62262,3852.11800610384,12667.3757330249,9736.2349746279,4000.0,13310.6281791395,10170.0,2.24724006652832,9.36711978912354,54.6228058583362,3013800.0,0.24151,,47.7150849538629,506.73,64.4142934233291,WB/UNESCO
ARM,2015,0.67,Armenia,534.03,12.68896,3512.39350276709,13112.7600902915,9756.84084836026,3910.0,13450.8295657643,10150.0,2.80591011047363,10.6563596725464,59.1008337674937,3004600.0,0.25002,,48.7313687040259,523.49,64.4929623431549,WB/UNESCO
ARM,2016,3.75,Armenia,536.98,13.18401,3524.42476874707,13192.9940731731,10570.2720413936,3690.0,13205.3357092904,10820.0,2.75812005996704,10.1971998214722,64.3460297653742,2992300.0,0.23305,,54.3432877365993,512.66,64.5928753345316,WB/UNESCO
ARM,2017,1.66,Armenia,539.3,12.99242,3869.05373867752,14243.8749003795,12066.0043093819,3900.0,14419.7163173509,12490.0,2.70759010314941,10.4031295776367,64.7448843250726,2979400.0,0.22788,,55.5065519523494,523.38,64.7124948593667,WB/UNESCO
ARM,2018,5.36,Armenia,524.57,,4196.00562301769,15037.0452420712,12877.4937543553,4220.0,15030.9663687255,13080.0,2.11331180512289,8.67858759584602,68.2450522610271,2969000.0,0.18876,,57.4585357681354,486.19,64.8502833795679,WB/UNESCO
ARM,2019,2.58,Armenia,627.03,,4597.22887399548,16215.3607965094,14975.7539538157,4650.0,15981.4447966368,15180.0,2.15984239839771,8.57524427236558,66.5439496866159,2962500.0,0.17854,,53.5944174785534,615.21,65.0047033570428,WB/UNESCO
ARM,2020,1.97,Armenia,622.39,,4268.68093304583,15052.9359791136,14706.3173043422,4230.0,14790.6487178862,14470.0,2.70555996894836,8.82777976989746,76.50770055,2961500.0,0.2092,,52.3331534448642,594.27,65.174217253699,WB/UNESCO
ARM,2021,3.43,Armenia,576.14,,4685.17997128509,15921.705281964,15921.705281964,4580.0,15464.0086707675,15460.0,2.76784992218018,9.6553201675415,78.61225758,2962300.0,0.20557,,56.6235144830279,565.63,65.3572875314441,WB/UNESCO
ARM,2022,5.64,Armenia,655.3,,6571.97445545099,17886.1783877168,19158.3333506542,5690.0,17299.2105616752,18680.0,2.4918999671936,9.4465503692627,77.02767465,2969200.0,0.20955,1187.43401,57.1818422625098,674.73,65.5624462874485,WB/UNESCO
ATG,2003,0.0,Antigua and Barbuda,1.83,,12173.2319860305,25136.001691807,20127.3455720216,11680.0,,18990.0,,,17.2286487816884,77884.0,,,,1.83,30.6003743426951,WB/UNESCO
ATG,2004,0.0,Antigua and Barbuda,0.67,,13037.8895772257,26303.6179046605,21628.6836543361,12850.0,,20400.0,,,24.2665437161785,78719.0,,,,0.67,29.905566716031,WB/UNESCO
ATG,2005,0.0,Antigua and Barbuda,1.79,,14368.5708796058,27692.634871178,23484.8001049759,14050.0,,22360.0,,,27.0,79611.0,,,,1.79,29.1737995723752,WB/UNESCO
ATG,2006,0.0,Antigua and Barbuda,1.58,,16173.8136329968,30827.3416754916,26949.4085822897,15740.0,,25640.0,,,30.0,80604.0,,,,1.58,28.43525787418,WB/UNESCO
ATG,2007,0.0,Antigua and Barbuda,5.25,,18204.5124043068,33245.2678606765,29850.5675722136,17310.0,,28380.0,,,34.0,81704.0,,,,5.25,27.7201265838981,WB/UNESCO
ATG,2008,0.0,Antigua and Barbuda,5.29,,18786.6743142216,32756.3067839753,29978.2095850517,17750.0,,28580.0,,,38.0,82912.0,,,,5.29,27.0585906639822,WB/UNESCO
ATG,2009,0.0,Antigua and Barbuda,3.78,7.35313,16472.2478528568,28405.6900929523,26156.915171859,15750.0,,24870.0,2.22264003753662,6.92814016342163,42.0,84173.0,,,14.8930101394653,3.78,26.4808350768849,WB/UNESCO
ATG,2010,0.0,Antigua and Barbuda,2.19,,15217.3950790922,25826.6086383235,24071.0297948617,14390.0,,22820.0,,,47.0,85320.0,,,16.6952054794521,2.19,26.0170447850587,WB/UNESCO
ATG,2011,0.0,Antigua and Barbuda,0.85,,14911.7275084471,25023.9174488179,23804.0790107696,14100.0,,22500.0,,,52.0,86332.0,,,15.1060820367751,0.35,25.694689859722,WB/UNESCO
ATG,2012,0.2,Antigua and Barbuda,2.08,,15639.8078114787,25592.9066121735,23011.7386611366,14530.0,,21550.0,2.13043025907083,10.1432566158553,58.0,87260.0,,,25.1156271899089,2.08,25.4555618588267,WB/UNESCO
ATG,2013,0.0,Antigua and Barbuda,2.72,,15051.5113587425,25206.8458285339,21760.5232864254,14500.0,,20610.0,2.35972143126598,10.7302337628903,63.40000153,88064.0,,,,2.72,25.2475667667937,WB/UNESCO
ATG,2014,0.0,Antigua and Barbuda,1.7,,15532.1062063584,25557.5249124716,21671.4737856616,14830.0,,20720.0,2.3044409375638,10.3166237216653,67.77999878,88765.0,,,,1.7,25.0899726107741,WB/UNESCO
ATG,2015,0.0,Antigua and Barbuda,3.3,,16077.6340769406,25734.1516444171,20985.4388292177,14550.0,,19750.0,1.9934755302761,7.63021186110744,70.0,89409.0,,,,2.57,25.0,WB/UNESCO
ATG,2016,0.0,Antigua and Barbuda,4.34,,16556.8551801588,26627.71453894,21320.4375067809,15080.0,,19930.0,2.17149931504636,6.48356977771811,70.27159882,89969.0,,,,4.29,24.9239807471655,WB/UNESCO
ATG,2017,0.0,Antigua and Barbuda,5.45,,16965.7288273816,27199.1952402262,21422.0021576627,15860.0,,20360.0,2.28158315038897,7.17285462739055,70.54419708,90468.0,,,,5.45,24.8500263836871,WB/UNESCO
ATG,2018,0.0,Antigua and Barbuda,4.64,,18273.4270684912,28878.6067675471,24524.2137953887,17460.0,,23390.0,2.26922708436893,7.58762543454399,70.81790161,90926.0,,,,4.8,24.7781432093764,WB/UNESCO
ATG,2019,0.0,Antigua and Barbuda,6.32,,18896.3721832248,29651.8641526705,26550.589844733,18250.0,,25450.0,3.35725653382563,9.5436641711259,71.09259796,91364.0,,,,5.32,24.708337524045,WB/UNESCO
ATG,2020,0.86,Antigua and Barbuda,6.56,,15369.6082250401,23930.6714995115,22370.0918693813,15460.0,,22380.0,3.0051830460864,7.37875673022059,71.36840057,91846.0,,,,6.52,24.6406156275043,WB/UNESCO
ATG,2021,0.0,Antigua and Barbuda,7.43,,17348.6006987182,25745.4958067746,25745.4958067746,16690.0,24877.4407310146,24880.0,2.50897393198865,6.85999508093725,71.64530182,92349.0,,,,6.09,24.574983819566,WB/UNESCO
ATG,2022,0.0,Antigua and Barbuda,7.02,,20003.3909394099,27785.5572316838,29761.8058055292,18730.0,,28290.0,2.50368755552383,7.80537969275292,71.9233017,92840.0,,,,6.28,24.5114484000414,WB/UNESCO
AUS,2003,623.4,Australia,25877.1,,23757.5898471684,47581.2285345879,30167.241365541,21420.0,41206.4243593188,29320.0,,,,19720737.0,,,,25663.77,85.4097077818668,WB/UNESCO
AUS,2004,701.68,Australia,28033.19,,30886.0500949401,49061.2761503925,31814.504982852,25890.0,43055.8034766681,30910.0,,,,19932722.0,1.84802,4073.65927,,27795.58,85.518767609412,WB/UNESCO
AUS,2005,796.65,Australia,31994.97,22.19504,34535.20727091,49997.0664953941,33089.7023501837,30790.0,44196.0799952825,31870.0,,,63.0,20176844.0,,,,31769.37,85.6190871221958,WB/UNESCO
AUS,2006,909.06,Australia,34320.11,21.98008,36658.8243476122,50693.7248649798,34890.2248136693,34670.0,45598.1236536849,33540.0,,,66.0,20450966.0,2.17862,4269.01789,,33996.09,85.7492544263523,WB/UNESCO
AUS,2007,960.07,Australia,36315.46,22.50197,41128.2476618402,51663.2403953881,36708.1660067256,37470.0,46849.6758090816,35080.0,,,69.45,20827622.0,,,,35801.05,85.8968519574969,WB/UNESCO
AUS,2008,1056.71,Australia,37767.96,22.45879,49811.2067218988,52473.3819160773,37616.0112400482,42510.0,48309.406990532,36080.0,,,71.67,21249199.0,2.39898,4379.63519,,37194.51,86.0253816967666,WB/UNESCO
AUS,2009,1096.24,Australia,39537.36,22.11265,42954.8494884573,52407.9115378584,40434.4890899118,44230.0,49245.2123025919,39020.0,,,74.25,21691653.0,,,,38978.93,86.1278139101818,WB/UNESCO
AUS,2010,1121.79,Australia,42096.62,22.27661,52313.8939041213,52739.2681556133,39504.361082784,46900.0,48947.1306717051,37970.0,,,76.0,22031750.0,2.3702,4568.56658,,41460.13,86.2198600512143,WB/UNESCO
AUS,2011,1215.41,Australia,45374.3,23.20185,62799.3895017032,53257.0473237603,42152.816179831,50570.0,51317.3006770389,40460.0,,,79.4876977139029,22340024.0,2.23459,,,44899.9,86.3268946146423,WB/UNESCO
AUS,2012,1339.75,Australia,46728.07,23.67862,68301.4402512587,54403.8836902433,43007.2697824131,60500.0,53008.7315059672,41700.0,,,79.0,22733465.0,,,,46285.11,86.4451259136625,WB/UNESCO
AUS,2013,1635.65,Australia,50921.2,25.9484,68476.6788496118,54895.0052588984,46123.4750962848,66360.0,52665.0267173842,44980.0,,,83.453497167,23128129.0,2.17733,,,50403.4,86.5740515760243,WB/UNESCO
AUS,2014,1843.68,Australia,52854.67,26.53865,62817.2061751737,55489.068844146,47108.5906459966,65500.0,52756.7209876134,45880.0,,,84.0,23475686.0,,,,52133.71,86.7221289343356,WB/UNESCO
AUS,2015,1908.17,Australia,54235.21,28.85535,56970.3613028094,55879.9958817103,46464.5867627929,60780.0,52222.7485495095,45520.0,,,84.5605149091408,23815995.0,1.91969,,119.679389953613,53536.9,86.8778642539361,WB/UNESCO
AUS,2016,1959.94,Australia,55173.81,26.82461,50084.4440606385,56529.951824687,47446.2103030951,54330.0,51560.0857319084,46320.0,,,86.54000092,24190907.0,,,119.682777404785,54562.89,87.0166295249235,WB/UNESCO
AUS,2017,1973.7,Australia,55219.84,,54117.547718609,56881.8569859104,48564.8286592372,51700.0,53145.5168270483,47240.0,,,86.5450488476768,24592588.0,1.88102,,109.993309020996,54671.54,87.12809266445,WB/UNESCO
AUS,2018,2009.92,Australia,56691.37,,57410.1737346009,57647.8455068105,50371.233830782,53280.0,53836.6323311037,48780.0,,,90.0082016,24963258.0,,,103.322090148926,55784.76,87.2267680845925,WB/UNESCO
AUS,2019,2061.27,Australia,58770.26,,55194.7585097428,58048.6188420831,52885.8313816377,55090.0,54774.4591203895,51080.0,,,93.60990143,25334826.0,1.82826,,109.759559631348,57313.1,87.3019647888406,WB/UNESCO
AUS,2020,2087.67,Australia,58870.89,,51983.4523666382,57260.4650530108,54184.1614486854,53770.0,54720.7411994487,52890.0,5.38625001907349,12.1691398620606,94.6934967,25649248.0,,,110.139221191406,57901.21,87.2713470458985,WB/UNESCO
AUS,2021,2215.09,Australia,61975.95,,60758.9044397144,58327.4146842325,58327.4146842325,57220.0,57556.8373971094,57560.0,5.34109020233154,12.1088399887085,96.97219849,25685412.0,1.85783,,112.688293457031,60308.46,87.2353407632761,WB/UNESCO
AUS,2022,2461.4,Australia,62305.03,,65169.5191118657,60029.1329190733,66103.1797066957,60790.0,59134.2886898362,63510.0,5.05915021896362,12.6419696807861,96.11940002,26018721.0,,,106.240760803223,58183.41,87.3343268253813,WB/UNESCO
AUT,2003,94.86,Austria,7972.47,23.5198,32110.1159661425,54919.7101911513,31958.8592412083,27950.0,56523.1609007592,31880.0,5.39253997802734,10.4178800582886,42.7,8121423.0,2.18701,,,7877.35,66.9263574955092,WB/UNESCO
AUT,2004,96.64,Austria,8157.43,26.12133,36614.2506533707,55980.1531665622,33518.5160023521,33610.0,57660.2094379086,33470.0,5.34223985671997,9.83547019958496,54.28,8171966.0,2.18238,3186.95396,,8025.15,66.9558612872944,WB/UNESCO
AUT,2005,104.75,Austria,9013.02,27.28277,38157.37022862,56890.1996184204,34776.6699535218,38510.0,58358.4973013226,34700.0,5.28515005111694,10.2281703948975,58.0,8227829.0,2.38942,3470.7262,,8898.66,66.9797950654143,WB/UNESCO
AUT,2006,116.04,Austria,9235.59,27.16193,40382.2078298575,58460.1550504163,37388.0795380765,41170.0,60247.7594612212,37480.0,5.26367998123169,10.3371200561523,63.6,8268641.0,2.376,3536.82275,,9065.21,67.0006968062814,WB/UNESCO
AUT,2007,114.99,Austria,9930.95,27.75351,46622.9622913635,60470.825141587,39192.372452379,44230.0,61987.4854410503,39150.0,5.17918014526367,10.4166803359985,69.37,8295487.0,2.4336,3823.63127,63.8021202087402,9787.57,67.0211044863084,WB/UNESCO
AUT,2008,148.82,Austria,10426.33,27.19456,51581.3982361071,61157.9014974191,41046.7900352112,48890.0,62912.2426536479,41390.0,5.2985200881958,10.5120296478272,72.87,8321496.0,2.58632,4152.75477,66.1983871459961,10193.32,67.0435560819078,WB/UNESCO
AUT,2009,155.44,Austria,10977.59,26.196,47857.4446635266,58810.3596828696,40686.6736355681,48900.0,60335.2854709297,40670.0,5.76567983627319,10.5603704452515,73.45,8343323.0,2.61279,4157.93027,67.9915771484375,10723.83,67.0705895694924,WB/UNESCO
AUT,2010,191.8,Austria,11211.53,27.71448,46611.1393420232,59730.4673903053,41735.4574798744,49460.0,61231.6329080737,42090.0,5.73625993728638,10.7506904602051,75.17,8363404.0,2.74321,4379.18237,75.0402526855469,10965.93,67.1047429254747,WB/UNESCO
AUT,2011,228.96,Austria,11806.83,26.85606,51116.8953522042,61272.1724662899,44171.5618687028,50380.0,61903.8125839497,44320.0,5.62787008285522,10.9618196487427,78.7399930986888,8391643.0,2.68567,4430.53569,77.2625122070312,11627.54,67.1484255415056,WB/UNESCO
AUT,2012,263.87,Austria,12181.72,33.30418,48250.4059142637,61376.6345930428,46156.4832073037,49760.0,61621.6295933403,46200.0,5.51612997055054,10.6584596633911,80.0299939169903,8429991.0,2.93372,4720.81116,79.5471267700195,11976.12,67.2085909812279,WB/UNESCO
AUT,2013,291.56,Austria,12414.79,32.33793,50305.3545774973,60862.9693673785,47519.8522796571,50260.0,61209.1971755475,47650.0,5.59404993057251,10.670069694519,80.6188,8479823.0,2.97993,4782.1241,80.9616012573242,12202.11,67.2981308784247,WB/UNESCO
AUT,2014,325.61,Austria,12632.76,32.51695,51314.9722616322,60845.5743980711,48355.4977624407,49960.0,61271.6270852729,48410.0,5.49767017364502,10.4925403594971,80.9958249574764,8546356.0,3.11263,5009.44199,81.0195693969727,12373.89,67.4154327591781,WB/UNESCO
AUT,2015,336.78,Austria,13137.08,32.63359,43915.228020857,60951.6037273662,49549.3162311441,47190.0,61094.8209965594,49040.0,5.49143981933594,10.7222204208374,83.9401419315026,8642699.0,3.06917,5073.42857,82.2563095092773,12946.63,67.5576175537383,WB/UNESCO
AUT,2016,284.42,Austria,12976.33,32.48871,45061.4993920192,61572.6257402404,52397.8635176674,45980.0,62567.6881782118,52380.0,5.50954008102417,10.8798904418945,84.3237425711653,8736668.0,3.13356,5400.34772,82.8496932983398,12789.07,67.7218061923556,WB/UNESCO
AUT,2017,328.2,Austria,13072.27,,47163.7425775142,62535.8105711345,53869.8321183556,44800.0,62530.5016317958,53360.0,5.40181016921997,10.8424501419067,87.9355865856062,8797566.0,3.07376,5416.07999,83.8392562866211,12859.58,67.9051196052802,WB/UNESCO
AUT,2018,305.4,Austria,13121.29,,51194.0749841299,63777.9362157476,56636.4953030542,48710.0,63521.3345173185,56050.0,5.25437021255493,10.6811504364014,87.4791372262556,8840521.0,3.10828,5682.44087,85.8698883056641,12801.87,68.1046787227623,WB/UNESCO
AUT,2019,353.92,Austria,13708.07,,49885.9947355204,64609.2836396895,60354.9279422121,50900.0,64512.4371266421,60220.0,5.23678016662598,10.6711502075195,87.7522047870069,8879920.0,3.14405,5958.85643,86.3234329223633,13266.8,68.3176044750522,WB/UNESCO
AUT,2020,381.98,Austria,14005.41,,48716.4098900349,60276.3307697326,58523.0337816246,49000.0,61260.4521358082,59170.0,5.57961988449097,9.73538017272949,87.52942813,8916864.0,3.20758,5829.2859,88.7071990966797,13440.62,68.5410177924001,WB/UNESCO
AUT,2021,430.49,Austria,14969.64,,53648.6437976214,62968.8538770186,62968.8538770186,53440.0,64007.4658324243,64010.0,5.48071002960205,9.78234004974365,92.52915104,8955797.0,3.25565,6323.00331,93.940071105957,14370.95,68.773601700253,WB/UNESCO
AUT,2022,453.45,Austria,14537.08,,52336.7725223758,65694.4591501468,72286.6352565355,56310.0,64044.8778733193,72470.0,5.27749013900757,9.95557975769043,93.61409139,9041851.0,3.17775,6632.30683,94.5116882324219,14103.32,68.998085127906,WB/UNESCO
AZE,2003,0.0,Azerbaijan,287.37,5.57932,883.692580745256,7329.40601818943,4718.42112335948,840.0,,4560.0,3.28614997863769,15.1708402633667,,8234100.0,0.32496,,,285.87,51.7257995605469,WB/UNESCO
AZE,2004,0.14,Azerbaijan,369.87,6.4163,1045.0136328106,7937.8594791002,5247.53834369248,960.0,,4940.0,3.44770002365112,14.2350397109985,,8306500.0,0.29831,,,371.24,52.2831993103027,WB/UNESCO
AZE,2005,0.5,Azerbaijan,359.53,6.94571,1578.36733030667,10054.1003389401,6854.93618773207,1290.0,,6070.0,2.97462010383606,13.2231502532959,8.030400276,8391850.0,0.21994,,,360.65,52.5028533935547,WB/UNESCO
AZE,2006,0.0,Azerbaijan,285.61,7.00232,2472.95725732287,13371.6585214534,9398.01324799672,1920.0,,8270.0,2.55552005767822,10.100419998169,11.9921999,8484550.0,0.17165,,19.7894592285156,284.78,52.6540145874023,WB/UNESCO
AZE,2007,0.0,Azerbaijan,416.03,7.94791,3851.33015175141,16587.3657240228,11973.9596318522,2740.0,,10220.0,2.5492799282074,9.77937030792236,14.53999996,8581300.0,0.17006,,19.3645992279053,415.83,52.8281555175781,WB/UNESCO
AZE,2008,1.33,Azerbaijan,482.58,11.33714,5574.46810432575,17963.0208126838,13216.8434969769,3900.0,,11860.0,2.44092988967896,7.76384019851685,17.08,8763400.0,0.16554,,19.0478897094727,482.78,53.063304901123,WB/UNESCO
AZE,2009,0.01,Azerbaijan,630.91,13.96427,4950.39949009423,19242.3900077231,14245.503536762,4820.0,,13190.0,3.22430992126465,9.3439302444458,27.4,8947243.0,0.24976,,19.057710647583,613.91,53.1358125434574,WB/UNESCO
AZE,2010,0.5,Azerbaijan,603.88,14.03889,5843.5337683582,19925.3900662137,14930.4099923544,5400.0,,14040.0,2.78062009811401,8.70083999633789,46.0,9054332.0,0.21848,,19.2600431394615,592.88,53.2848367714869,WB/UNESCO
AZE,2011,0.0,Azerbaijan,640.75,14.62596,7189.81869211976,19358.0778100345,14804.5744507911,5490.0,,13790.0,2.43564009666443,7.2198600769043,50.0,9173082.0,0.21084,,19.6473062365442,627.46,53.5085461893249,WB/UNESCO
AZE,2012,1.0,Azerbaijan,679.97,,7495.86527658099,19523.3737161356,15994.1466501837,6440.0,,15090.0,2.06763005256653,5.64367008209229,54.20000076,9295784.0,0.21427,,20.4384614704139,653.97,53.8076442276208,WB/UNESCO
AZE,2013,1.0,Azerbaijan,476.47,,7875.34536661549,20398.6462250349,17267.5118919538,7450.0,,16410.0,2.44213008880615,6.46412992477417,73.000001372,9416801.0,0.20969,,21.4404253568261,468.82,54.1821087431318,WB/UNESCO
AZE,2014,0.33,Azerbaijan,391.27,,7890.84028062087,20709.201611232,17563.6122454385,7740.0,,17060.0,2.63303995132446,7.23872995376587,75.0000156363396,9535079.0,0.20978,,23.1597349800287,380.52,54.6319175926151,WB/UNESCO
AZE,2015,0.0,Azerbaijan,449.94,12.81609,5500.50364628486,20678.7539572375,15075.2726347911,6610.0,,14590.0,2.95167994499206,7.62711000442505,77.0,9649341.0,0.22232,,25.4831961094662,435.88,55.1570486328276,WB/UNESCO
AZE,2016,1.0,Azerbaijan,592.94,17.08263,3880.6852276838,19822.4105943941,14535.8020210633,4790.0,,13660.0,2.90340995788574,8.19577980041504,78.2,9757812.0,0.20637,,27.2368629930846,585.16,55.7574797205266,WB/UNESCO
AZE,2017,0.0,Azerbaijan,732.12,16.40216,4147.1981423222,19659.0048562768,14315.9296431061,4110.0,,13770.0,2.4738199710846,6.95455980300903,79.0,9854033.0,0.18468,,28.4670565431322,716.45,56.4331887124691,WB/UNESCO
AZE,2018,2.38,Azerbaijan,810.68,,4739.7943123408,19781.8509058437,15282.9995232298,4080.0,,14550.0,2.45543003082275,7.39965009689331,79.7999954887896,9939771.0,0.18416,,28.9724903670069,794.13,57.1841534654123,WB/UNESCO
AZE,2019,2.72,Azerbaijan,924.14,,4805.75371765917,20101.491875147,16675.3179361558,4510.0,,16030.0,3.1764600276947,9.76756954193115,81.0999990651547,10024283.0,0.20013,1715.46385,32.9221812477847,1038.67,58.1308191977779,WB/UNESCO
AZE,2020,2.23,Azerbaijan,1033.88,,4229.91064904503,19126.096851126,15163.5703327282,4480.0,,15070.0,4.33204984664917,10.7878503799438,84.59999573,10093121.0,0.2239,1732.37308,36.3854742250215,1057.42,58.2934691761937,WB/UNESCO
AZE,2021,1.25,Azerbaijan,1014.28,,5408.04535175023,20111.3756952109,20111.3756952109,4910.0,19693.9063534123,19690.0,3.7020800113678,11.5088195800781,85.99998954,10137750.0,0.20836,1743.43016,39.0095977224788,1021.54,58.3659969744818,WB/UNESCO
AZE,2022,2.06,Azerbaijan,1174.57,,7770.594223351,21051.2442291612,22548.5145929929,5670.0,,21040.0,3.04689002037048,11.6396102905273,88.0,10141756.0,0.1513,1702.31299,41.0017793895325,1155.81,58.4382815854684,WB/UNESCO
BDI,2003,0.0,Burundi,4.42,,111.406682804391,996.569433908385,531.812612190661,120.0,,520.0,,,0.201273196735924,7043154.0,,,,4.42,8.67614339385788,WB/UNESCO
BDI,2004,0.0,Burundi,5.02,18.28288,125.194965184533,1006.51241783279,551.562209247904,120.0,,540.0,3.74495005607605,9.17908000946045,0.349060461879596,7310656.0,,,2.10109996795654,5.02,8.9185547789176,WB/UNESCO
BDI,2005,0.0,Burundi,4.3,15.30763,147.234619294225,978.5419608465,553.047973755317,130.0,,540.0,3.63216996192932,10.9592695236206,0.542100012,7587299.0,,,2.13503003120422,4.3,9.1806167624459,WB/UNESCO
BDI,2006,0.0,Burundi,5.63,,161.892755640319,995.027813698961,579.707804427125,150.0,,580.0,,,0.657599986,7865547.0,,,2.16554999351502,5.63,9.4646291775586,WB/UNESCO
BDI,2007,0.0,Burundi,4.48,,166.162744906755,991.931411319069,593.56073450487,160.0,,590.0,,,0.7,8161874.0,0.20068,,2.26625990867615,4.48,9.77289185737152,WB/UNESCO
BDI,2008,0.0,Burundi,2.54,21.20969,189.502074570768,998.565055501985,609.042906440331,180.0,,610.0,5.19289016723633,12.6155395507812,0.81,8505637.0,0.15417,,2.49793004989624,2.54,10.1064353383035,WB/UNESCO
BDI,2009,0.0,Burundi,3.33,18.34551,198.431524048225,985.184772509514,604.588154086318,190.0,,600.0,6.17194986343384,16.3016891479492,0.899999976,8947646.0,0.14096,,2.6779100894928,3.33,10.4979900434482,WB/UNESCO
BDI,2010,0.0,Burundi,12.37,18.03359,216.727705301976,988.018678716302,613.695880029834,200.0,,610.0,6.77523994445801,16.5881004333496,1.0,9376444.0,0.13719,,3.05528938002435,12.56,10.9843097335487,WB/UNESCO
BDI,2011,0.0,Burundi,10.02,17.45981,230.069761381132,991.659881666872,628.665448296178,220.0,,620.0,6.31926012039185,14.9792995452881,1.110000014,9717978.0,,,,10.02,11.5616652230006,WB/UNESCO
BDI,2012,0.33,Burundi,10.65,20.57904,231.098787811507,999.220068163159,637.247080191101,230.0,,640.0,6.16776990890503,16.4283199310303,1.220000029,10071028.0,0.10702,19.57969,2.92052732762984,10.65,12.2244596804615,WB/UNESCO
BDI,2013,0.0,Burundi,14.28,24.23367,234.844770150871,1011.43131303134,687.370968311715,240.0,,690.0,5.99539995193481,17.2432594299316,1.2642181112,10439341.0,,,3.70341642841244,13.71,12.9670962745892,WB/UNESCO
BDI,2014,0.89,Burundi,12.91,,250.544492155185,1019.17607398667,724.371954183273,240.0,,720.0,6.78452014923096,23.8400001525879,1.04239212643994,10799785.0,,,4.46892058042299,12.53,13.7839781740413,WB/UNESCO
BDI,2015,1.01,Burundi,12.5,,254.402585226788,992.28580552029,722.032898379933,240.0,,720.0,6.37133979797363,27.4972400665283,2.0,11047580.0,,,5.25856537918645,12.47,14.6695085474754,WB/UNESCO
BDI,2016,0.45,Burundi,11.72,,232.937812100153,1006.55907385999,764.282221636915,240.0,,760.0,4.69199991226196,20.784610748291,2.200000048,11239451.0,,,3.97908916361797,11.17,15.6180905635494,WB/UNESCO
BDI,2017,0.78,Burundi,13.19,,246.060725714184,1020.8498275719,791.393494929898,240.0,,790.0,4.76202011108398,19.7648506164551,2.6607485347534,11506762.0,,,4.30528005798307,12.9,16.6241273909209,WB/UNESCO
BDI,2018,0.0,Burundi,20.41,,245.661678332009,1043.40558434036,823.013102241659,250.0,,810.0,5.07863998413086,19.5192604064941,4.019499779,11859446.0,0.21312,22.4816,4.55281922933846,19.15,17.6820221982475,WB/UNESCO
BDI,2019,0.0,Burundi,29.9,,234.31061590725,1054.72592734898,868.423731660834,250.0,,860.0,5.34668445378401,21.2221666369194,6.072199821,12255336.0,,,,30.13,18.786178154187,WB/UNESCO
BDI,2020,0.54,Burundi,35.24,,252.702452750006,1027.62896276744,946.413218223156,240.0,,940.0,5.32158506838731,20.7419523430914,6.430099964,12617036.0,,,,37.16,19.9309984273971,WB/UNESCO
BDI,2021,0.18,Burundi,26.93,,264.172844085398,1032.38274081999,1032.38274081999,250.0,1024.1496375992,1020.0,4.87114173892375,20.4385400056007,6.777999878,12965481.0,,,,29.42,21.1108861865354,WB/UNESCO
BDI,2022,1.23,Burundi,27.99,,301.832255755105,1028.11134640179,1101.23579609841,280.0,,1090.0,,20.6370838073023,7.144800186,13321097.0,,,,33.96,22.3202446002597,WB/UNESCO
BEL,2003,213.17,Belgium,10883.66,,30655.2092679024,51788.8439641975,30930.6283334744,27100.0,54404.3869524967,31520.0,,,49.97,10376133.0,1.8412,2985.44684,59.6124610900879,10754.81,82.9609538786731,WB/UNESCO
BEL,2004,247.26,Belgium,11535.55,,35429.4077933344,53406.6918625203,32059.6878637798,32910.0,55506.5553114751,32500.0,,,53.86,10421137.0,1.8205,3116.44787,62.0411491394043,11404.57,83.2655230829461,WB/UNESCO
BEL,2005,262.84,Belgium,12766.14,21.69712,36809.7013403619,54346.8934219288,33177.8909458158,37780.0,56159.6104768338,33590.0,5.79584980010986,11.1755199432373,55.81999969,10478617.0,1.7906,3173.07923,62.8203315734863,12640.32,83.5645449743707,WB/UNESCO
BEL,2006,325.48,Belgium,13014.6,,38705.1067959147,55367.6227467909,35251.4450697593,39940.0,57022.0070725154,35760.0,,,61.9818700222023,10547958.0,1.82269,3318.08595,63.3717384338379,12855.64,83.8578905877926,WB/UNESCO
BEL,2007,321.65,Belgium,13622.59,,44319.165448813,56983.4612170064,36798.1918857259,42740.0,58734.9878540507,37310.0,,,66.7604202433135,10625700.0,1.84999,3431.0838,62.461841583252,13465.32,84.1454309580577,WB/UNESCO
BEL,2008,364.97,Belgium,14332.71,21.31581,48303.397956286,56787.7366257416,37883.3319417819,46570.0,57917.7711978301,38800.0,6.33294010162354,12.4724502563477,68.8573221425131,10709973.0,1.93684,3447.86531,62.7642097473145,14086.19,84.427037120012,WB/UNESCO
BEL,2009,408.41,Belgium,14799.65,22.42587,44923.3400135081,55258.7071019668,37905.658312629,47120.0,57252.508717755,38650.0,6.43465995788574,11.8001499176025,74.5441455527336,10796493.0,1.99134,3554.67756,64.9798431396484,14617.7,84.7025801085014,WB/UNESCO
BEL,2010,459.84,Belgium,15080.34,22.16835,44197.393671162,56240.2030936241,39839.9772772918,47110.0,57291.8795344071,40450.0,6.44078016281128,11.948920249939,77.6397855126946,10895586.0,2.0613,3755.63584,66.8578872680664,14844.6,84.9719309583717,WB/UNESCO
BEL,2011,488.15,Belgium,15583.08,21.9973,47760.8298776546,56585.302500068,41244.8495035213,46720.0,56240.0174101169,41310.0,6.38481998443604,11.6030197143555,81.6099959955952,11038264.0,2.15739,3880.19574,67.7034072875977,15359.79,85.2349607044689,WB/UNESCO
BEL,2012,537.88,Belgium,16327.84,,44874.1709182123,56356.8251292137,42483.5250666788,47170.0,57170.3204929779,43440.0,6.56625986099243,11.6744003295898,80.7199905482042,11106932.0,2.27079,4116.61624,69.7490615844727,16090.89,85.4915403816388,WB/UNESCO
BEL,2013,567.24,Belgium,16589.95,21.84376,46964.5946777056,56263.175267967,43864.1204196838,47950.0,57257.8163195776,44870.0,6.60135984420776,11.8087701797485,82.1702,11159407.0,2.32047,4161.62059,71.7841110229492,16396.54,85.7415410247275,WB/UNESCO
BEL,2014,638.37,Belgium,16888.19,22.49618,47995.7786961339,57002.9092185206,45147.6429534057,48050.0,57882.7456856131,46060.0,6.55866003036499,11.8351898193359,85.0012379539925,11209057.0,2.35858,4544.86674,74.0397262573242,16668.98,85.9848336685807,WB/UNESCO
BEL,2015,598.84,Belgium,16730.49,22.12875,40893.804537772,57509.0245728704,46071.914889496,45520.0,58552.3076652682,46720.0,6.46963977813721,12.007269859314,85.0529417508701,11274196.0,2.43496,4731.81573,76.423942565918,16490.59,86.2212893480444,WB/UNESCO
BEL,2016,600.17,Belgium,16792.56,22.2845,41854.5498296444,57901.497690315,48414.5518065681,43240.0,59066.5630831545,48850.0,6.48613023757935,12.1512203216553,86.5164766644457,11331422.0,2.53291,4798.32663,77.2435073852539,16559.77,86.4507790979645,WB/UNESCO
BEL,2017,604.04,Belgium,16305.94,,44035.3239358548,58529.3302957537,50256.0631772784,42310.0,59512.8818095644,50700.0,6.44915008544922,12.3418598175049,87.6796808175598,11375158.0,2.67654,4757.30821,80.7738189697266,16085.55,86.6731739531869,WB/UNESCO
BEL,2018,596.74,Belgium,16529.95,,47487.2100392561,59357.6896884396,52466.7330784599,45980.0,60040.2857754799,53000.0,6.38883018493652,12.1805801391602,88.6473429951691,11427054.0,2.86365,5040.00069,79.1237487792969,16199.65,86.8883449485575,WB/UNESCO
BEL,2019,647.22,Belgium,16644.86,,46716.6227467964,60479.9769955469,56712.469571978,48070.0,61434.1657899664,57190.0,6.32381010055542,12.2196102142334,90.275428012141,11488980.0,3.15154,5290.87935,79.3044815063477,16216.59,87.0961631189222,WB/UNESCO
BEL,2020,584.66,Belgium,16947.47,,45906.2875805246,57333.5424137924,56120.0958420466,46330.0,58454.9155707728,56620.0,6.75470018386841,11.5557899475098,91.52641629,11538604.0,3.36823,5418.91258,79.4996032714844,16602.95,87.2964994991269,WB/UNESCO
BEL,2021,635.48,Belgium,18319.58,,51658.238294958,60669.2137746534,60669.2137746534,51140.0,61451.4019804768,61450.0,6.38081979751587,11.6143798828125,92.78867618,11586195.0,3.40589,5770.89032,82.6882019042969,17845.94,87.4305564090635,WB/UNESCO
BEL,2022,642.92,Belgium,17612.3,,50639.0264882739,62602.9270469765,68878.9167847285,54330.0,61037.61190764,69760.0,6.27611017227173,12.0103797912598,94.00783071,11680210.0,3.19592,5818.71223,83.5736465454102,17124.05,87.489200269855,WB/UNESCO
BEN,2003,0.0,Benin,46.42,20.60177,676.002878084282,2639.04370114641,1841.60297282525,570.0,2538.74590770052,1830.0,2.28315997123718,16.6825294494629,0.951327114915695,7913070.0,,,5.43203020095825,46.42,39.4169696013044,WB/UNESCO
BEN,2004,0.0,Benin,60.84,19.48373,758.695803786371,2672.84404357157,1915.34644347874,690.0,2614.01851276087,1900.0,2.56690001487732,19.2139492034912,1.18254096518994,8159094.0,,,5.47938013076782,60.84,39.8525699078742,WB/UNESCO
BEN,2005,0.29,Benin,60.94,21.20287,779.437777753268,2632.47251454328,1945.56414050696,780.0,2533.55567432064,1940.0,2.6566801071167,18.7903900146484,1.271000028,8426144.0,,,5.41120004653931,60.94,40.3097749006517,WB/UNESCO
BEN,2006,0.0,Benin,77.59,20.64072,809.147072506221,2652.21841967159,2020.60567735886,810.0,2546.91217450489,2010.0,2.56340003013611,19.7096099853516,1.537899971,8693242.0,,,6.20295000076294,74.22,40.7877794072449,WB/UNESCO
BEN,2007,0.0,Benin,93.97,20.16098,912.338247188342,2729.13741390352,2135.53787864779,870.0,2599.69562804147,2120.0,2.36331009864807,14.9486904144287,1.79,8953969.0,,,7.43086004257202,93.1,41.2857782552618,WB/UNESCO
BEN,2008,0.5,Benin,92.83,17.6369,1060.60254502099,2777.61974031765,2215.35163851726,970.0,2664.17251245949,2210.0,2.77728009223938,19.0885791778564,1.85,9228466.0,,,7.34216022491455,89.79,41.8029662723105,WB/UNESCO
BEN,2009,0.2,Benin,117.63,18.49557,1024.10277858112,2758.07243150648,2213.32895623031,1020.0,2663.23120847779,2210.0,3.08927011489868,18.1756191253662,2.24,9509423.0,,,9.3462495803833,116.75,42.338538285999,WB/UNESCO
BEN,2010,0.12,Benin,105.59,15.6043,973.244254931526,2733.57399641151,2220.32854604233,1020.0,2639.69459092182,2210.0,3.67997002601623,26.1439609527588,3.13,9797484.0,,,12.6081895828247,104.59,42.8916891239353,WB/UNESCO
BEN,2011,0.0,Benin,128.9,,1059.41358852588,2732.01249647957,2264.84186926384,1030.0,2667.00115385919,2260.0,,,4.14832306562512,10093623.0,,,11.8088598251343,128.78,43.4616136137276,WB/UNESCO
BEN,2012,0.39,Benin,143.3,24.7532,1071.5258366283,2779.7264808532,2346.08416204547,1050.0,2711.01725078876,2330.0,3.56202006340027,25.0213108062744,4.5,10397657.0,,,12.8605403900147,139.15,44.0475065829838,WB/UNESCO
BEN,2013,0.59,Benin,178.78,21.03575,1168.92699279226,2893.0467015352,2511.65309588333,1140.0,2850.6397694023,2500.0,3.3275101184845,22.3412208557129,4.900000095,10708834.0,,,14.7752199172974,177.22,44.6502883669319,WB/UNESCO
BEN,2014,0.0,Benin,179.52,20.34996,1204.39918670094,2987.38236326153,2670.41561399187,1180.0,2927.74210439146,2660.0,3.161789894104,22.2277107238769,6.0,11030004.0,,,14.6916198730469,177.48,45.2880529235999,WB/UNESCO
BEN,2015,1.0,Benin,180.0,22.14901,1002.41886879614,2952.00218338705,2725.33724817144,1100.0,2917.28258086422,2710.0,3.17298007011414,17.4795207977295,11.25500011,11360681.0,,,12.4851799011231,171.29,45.9407403257663,WB/UNESCO
BEN,2016,0.0,Benin,173.32,,1010.5338961993,2962.66381572265,2842.0246258376,1040.0,2966.63211822544,2830.0,2.89910006523132,18.7914009094238,14.5,11697842.0,,,11.9529895782471,168.22,46.6094559006664,WB/UNESCO
BEN,2017,2.29,Benin,207.64,,1054.97408066814,3041.77929984989,2885.89383987721,1020.0,3018.50122179338,2880.0,3.53558993339539,19.8796501159668,18.7,12039780.0,,,11.337929725647,201.06,47.2942774880391,WB/UNESCO
BEN,2018,1.0,Benin,233.16,,1151.7409703472,3155.4510650627,2965.30628143664,1120.0,3116.90552568519,2950.0,2.93161988258362,17.7091808319092,19.0,12383347.0,,,11.5739097595215,218.84,47.9952829275963,WB/UNESCO
BEN,2019,0.5,Benin,276.96,,1130.82135339795,3281.10470051465,3148.97969597838,1170.0,3277.08801761847,3130.0,2.73204741460628,18.8681161491591,20.50099945,12726755.0,,,10.3906803131103,314.3,48.7125500590248,WB/UNESCO
BEN,2020,0.22,Benin,317.18,,1200.19426557789,3317.8597222557,3244.58772756805,1190.0,3287.45815142963,3220.0,2.89898431911618,15.7203538987759,22.12059975,13070169.0,,,10.3808002471924,351.4,49.4461567219896,WB/UNESCO
BEN,2021,1.0,Benin,381.61,,1318.65158075198,3464.2886286745,3464.2886286745,1280.0,3427.21137670351,3430.0,3.09692638090381,14.7747873406015,28.20470047,13413417.0,,,9.82796955108643,402.31,50.1961807561354,WB/UNESCO
BEN,2022,0.17,Benin,413.69,,1266.42711031904,3588.32519938147,3843.54493453525,1360.0,3529.45354312172,3820.0,3.0972642678305,14.9914706871899,30.53730011,13759501.0,,,10.2350101470947,441.45,50.9627000010887,WB/UNESCO
BFA,2003,0.08,Burkina Faso,76.54,,362.373899996953,1561.83310184915,1037.83799373892,310.0,1387.9931244885,1030.0,,,0.373440303233526,13082532.0,0.24112,,1.50508999824524,76.34,20.563327262892,WB/UNESCO
BFA,2004,2.0,Burkina Faso,71.32,,403.81283743461,1581.25620933294,1079.00009143593,370.0,1409.03057556951,1070.0,,,0.400295285492178,13500533.0,0.21514,,,71.57,21.3392180754924,WB/UNESCO
BFA,2005,2.37,Burkina Faso,72.52,9.57532,441.164148016012,1664.99543180023,1171.76432318624,440.0,1472.63066851892,1160.0,3.94112992286682,19.4941902160644,0.469900012,13932123.0,0.15166,,2.14314007759094,71.47,22.0179778440204,WB/UNESCO
BFA,2006,0.01,Burkina Faso,99.37,11.12015,455.513655620024,1714.76034904509,1244.00243845036,470.0,1515.77815122977,1240.0,3.98218989372253,18.2017002105713,0.632700026,14373707.0,,,2.25787997245789,99.17,22.5528306908743,WB/UNESCO
BFA,2007,1.67,Burkina Faso,105.16,15.20193,514.684451177238,1731.93046335077,1290.49951012021,490.0,1527.75845016728,1290.0,4.07982015609741,17.8638191223144,0.75,14816307.0,0.09836,,2.40549993515015,101.66,22.9741760828193,WB/UNESCO
BFA,2008,0.0,Burkina Faso,119.4,,619.437533256264,1779.32710911571,1351.36041564366,550.0,1567.23029668564,1350.0,,,0.920000017,15258093.0,0.16568,,2.92968010902405,116.35,23.3633747838557,WB/UNESCO
BFA,2009,0.51,Burkina Faso,129.04,,601.569520671859,1779.32305627973,1359.69224908667,590.0,1559.02682689622,1340.0,,,1.129999995,15710066.0,0.17787,,3.26682996749878,129.07,23.7452325601116,WB/UNESCO
BFA,2010,0.39,Burkina Faso,124.54,18.8408,624.957252224766,1873.97146230828,1449.42216378185,630.0,1654.85591718043,1410.0,3.50222992897034,16.1728191375732,2.400000095,16176498.0,,46.5781,3.34944579587797,122.21,24.115092498158,WB/UNESCO
BFA,2011,0.0,Burkina Faso,150.19,15.31161,725.024767725475,1939.86659989406,1531.34338243982,660.0,1741.85008602347,1470.0,3.98515009880066,19.5006103515625,3.0,16661908.0,,,3.91906920981907,146.47,24.4682976845657,WB/UNESCO
BFA,2012,0.31,Burkina Faso,189.0,17.50099,731.470138867833,2003.6646118745,1571.83884477315,710.0,1859.52296888015,1530.0,3.60315990447998,15.8953800201416,3.724999905,17172287.0,,,4.33792685706514,184.63,24.8001912059054,WB/UNESCO
BFA,2013,0.53,Burkina Faso,163.87,21.71843,759.762065168498,2057.0639319853,1642.89213125776,750.0,1855.87134556578,1600.0,4.08343982696533,16.1652793884277,5.0,17695409.0,,,4.57338342077701,158.79,25.106116148748,WB/UNESCO
BFA,2014,0.07,Burkina Faso,169.34,12.2894,764.861675106225,2083.19844698304,1661.31773793757,730.0,1844.84383916901,1590.0,4.05329990386963,19.3681106567383,6.0,18229461.0,0.19719,,4.89539917725699,169.06,25.3814155996643,WB/UNESCO
BFA,2015,0.0,Burkina Faso,192.98,13.65212,630.124750752312,2101.70266192027,1691.57935387408,680.0,1872.28056435647,1610.0,3.67008996009827,18.0270805358887,6.545700073,18777487.0,,,4.90356866333498,189.69,25.621432645225,WB/UNESCO
BFA,2016,0.4,Burkina Faso,205.94,,663.742364842886,2162.72578977814,1881.75893134407,650.0,1966.15616844643,1800.0,,,7.140999794,19334856.0,,,5.40541465878063,200.72,25.821510372001,WB/UNESCO
BFA,2017,0.07,Burkina Faso,208.93,,709.091535894695,2232.28781490944,2042.40295259917,650.0,2051.20294341519,1970.0,5.62846994400024,21.4440002441406,7.790400028,19894407.0,0.61361,,5.8341880408112,201.85,25.9769918665632,WB/UNESCO
BFA,2018,0.64,Burkina Faso,254.91,,777.465618514048,2316.39432079045,2073.3235382155,730.0,2151.89517055865,2010.0,5.488609790802,22.661169052124,8.498900414,20438288.0,,,6.31826110291158,247.05,26.0832202154822,WB/UNESCO
BFA,2019,0.0,Burkina Faso,261.75,,764.853077774946,2391.53626844484,2232.16282016585,750.0,2261.72535004967,2130.0,5.45615632520251,21.6566204230503,9.27180600953186,20961952.0,0.17435,,6.90532594926159,292.13,26.1187254401157,WB/UNESCO
BFA,2020,0.03,Burkina Faso,261.62,,825.237038782475,2380.93171826574,2380.72282781802,780.0,2323.29346571367,2300.0,5.21148277030166,20.9924587920549,12.97319984,21478690.0,0.25116,,7.64277062242324,314.28,26.3578373628627,WB/UNESCO
BFA,2021,1.6,Burkina Faso,331.81,,895.535288442991,2486.43093147762,2486.43093147762,820.0,2340.83934816233,2340.0,5.24913346712028,21.3924651599231,18.1522007,21995243.0,0.25057,,9.30513098594236,357.04,26.8114307743017,WB/UNESCO
BFA,2022,0.48,Burkina Faso,411.23,,827.330843486661,2469.19956941259,2644.82146127902,840.0,2221.6375385917,2470.0,5.29456753304241,21.9580967321077,25.3987999,22509038.0,,,9.67069485831779,451.82,27.2791369742712,WB/UNESCO
BGD,2003,1.39,Bangladesh,493.64,9.1102,426.74880754362,2958.91503115633,1746.12725781019,440.0,,1800.0,2.06940007209778,16.6816291809082,0.163877665498048,140970351.0,,,5.99128007888794,491.14,24.5525557512625,WB/UNESCO
BGD,2004,0.22,Bangladesh,531.3,11.54205,455.614016909798,3071.83778764611,1861.51256286906,490.0,,1930.0,1.94014000892639,15.9531202316284,0.199036333744363,142902856.0,,,5.55667018890381,529.71,25.0094809886101,WB/UNESCO
BGD,2005,1.13,Bangladesh,593.35,,480.08585075452,3231.61370692891,2019.73839561771,530.0,,2090.0,,,0.241600007,144715786.0,,,6.13484001159668,590.53,25.4769540701509,WB/UNESCO
BGD,2006,1.5,Bangladesh,740.2,12.92764,490.388026533289,3407.4273502159,2195.29485462256,550.0,,2300.0,2.13128995895386,17.3365306854248,1.0,146405973.0,,,7.07040023803711,721.97,25.9479149992596,WB/UNESCO
BGD,2007,1.7,Bangladesh,871.17,11.4676,537.955492792911,3608.91543819399,2388.10025150358,580.0,,2520.0,2.20221996307373,18.1534004211426,1.799999952,147989278.0,,,7.66305017471313,854.97,26.415303779311,WB/UNESCO
BGD,2008,2.46,Bangladesh,1056.49,13.26487,613.06204104124,3787.9382761855,2554.85788229705,640.0,,2720.0,2.0545699596405,17.8161907196045,2.5,149474264.0,,,8.62265968322754,1035.62,26.87206041368,WB/UNESCO
BGD,2009,0.37,Bangladesh,1159.19,13.50141,679.211477428056,3942.13631207203,2675.2594592947,700.0,,2850.0,1.93941998481751,14.0298700332642,3.099999905,150873714.0,,,10.4939298629761,1146.75,27.3111249057412,WB/UNESCO
BGD,2010,6.01,Bangladesh,1426.96,,757.385280361508,4125.46390163202,2833.69544359604,780.0,,3030.0,,,3.700000048,152201981.0,,,,1404.43,27.7254372588696,WB/UNESCO
BGD,2011,5.0,Bangladesh,1391.46,10.29338,837.336944695647,4352.42643359325,3051.26983271811,870.0,,3250.0,2.13269996643066,16.7939701080322,4.5,153591076.0,,,13.2663245348367,1356.89,28.1100162712427,WB/UNESCO
BGD,2012,0.67,Bangladesh,1921.35,14.73352,859.680536375497,4592.04840919812,3434.27815090447,950.0,,3680.0,2.17549991607666,15.7451200485229,5.0,155070101.0,,,13.4211598649529,1892.64,28.4787972894576,WB/UNESCO
BGD,2013,6.86,Bangladesh,1787.42,,958.262989798283,4822.72621378266,3691.10431102117,1010.0,,3940.0,1.96616995334625,14.034649848938,6.63,156532141.0,,,13.4900578063704,1743.13,28.8407036106763,WB/UNESCO
BGD,2014,8.52,Bangladesh,2408.26,,1094.46199702838,5068.63965672741,3972.50647733491,1080.0,,4190.0,2.09871663086838,13.3063279357793,9.052900314,157964929.0,,,13.5777392703559,2373.86,29.1944442321013,WB/UNESCO
BGD,2015,5.32,Bangladesh,2182.74,,1224.38647668165,5352.71133299566,4212.23578089428,1200.0,,4440.0,1.87225417109978,12.0441031435219,12.36880016,159383179.0,,,15.5739926180902,2123.0,29.5395099477892,WB/UNESCO
BGD,2016,11.44,Bangladesh,2590.98,33.27739,1649.28380858601,5682.53553494306,4579.13228682862,1400.0,5948.76716836578,4790.0,1.28183996677399,11.0494499206543,16.89909935,160811932.0,,,17.3985207411042,2552.39,29.8753915517965,WB/UNESCO
BGD,2017,11.9,Bangladesh,3126.85,,1811.08221668646,6005.70718781048,4882.60692615639,1640.0,6213.06232148755,5050.0,2.11342875356648,,21.5,162186147.0,,,18.5175604399834,3423.67,30.2015798381799,WB/UNESCO
BGD,2018,22.77,Bangladesh,3182.44,,1965.24372731467,6392.59334024091,5490.15881865179,2020.0,6648.23254484934,5710.0,2.09477473545666,14.2451717852618,25.56509972,163523103.0,,,19.5710492453779,3212.8,30.5175656009959,WB/UNESCO
BGD,2019,16.82,Bangladesh,5204.89,,2129.79896954606,6838.32611608243,6047.12401504125,2220.0,7118.43299450914,6290.0,1.13094997406006,8.73295021057129,30.38310051,164913055.0,,,22.7094642473405,4640.6,30.8228396343012,WB/UNESCO
BGD,2020,22.63,Bangladesh,5121.48,,2248.85078828233,7015.19792797056,6640.58437331062,2320.0,7305.57046664294,6920.0,2.13974351741877,15.0307025894897,36.10910034,166298024.0,,,22.6923019564501,5084.6,31.1168927321524,WB/UNESCO
BGD,2021,54.42,Bangladesh,7551.78,,2482.84917843357,7441.06913961254,7441.06913961254,2600.0,7832.73091628663,7830.0,2.17090882504654,12.769976047482,38.91744466,167658854.0,,,23.9006822335243,7463.57,31.3992156886061,WB/UNESCO
BGD,2022,59.31,Bangladesh,7056.17,,2716.48592780431,7888.16389098304,8449.20977931373,2850.0,8200.66631894632,8780.0,2.08538657806243,12.4040438079191,41.61650085,169384897.0,,,23.5005059888653,7255.24,31.673734726234,WB/UNESCO
BGR,2003,5.15,Bulgaria,1714.23,19.69626,2719.63335037372,15271.4839489061,8416.36583467588,2370.0,13707.7959494579,8550.0,3.99845004081726,11.1802501678467,12.04,7775327.0,0.47222,1224.19554,42.8536109924316,1709.8,69.7808456420898,WB/UNESCO
BGR,2004,1.01,Bulgaria,1850.12,21.27294,3389.86047992391,16388.9600145841,9200.52324783377,3060.0,14775.4774162463,9310.0,4.24988985061646,12.2791795730591,18.13,7716860.0,0.47086,1263.77329,43.6935691833496,1841.53,69.9193344116211,WB/UNESCO
BGR,2005,3.37,Bulgaria,2032.9,16.85969,3900.02501966492,17678.0339712293,10291.425046769,3800.0,15772.6390990182,10320.0,4.10879993438721,12.0725202560425,19.97,7658972.0,0.44269,1301.70634,46.225269317627,2022.53,70.0869598388672,WB/UNESCO
BGR,2006,5.26,Bulgaria,1932.09,17.28856,4523.37797301782,19024.543813813,11405.6124506198,4300.0,16333.3369831831,11120.0,3.90346002578735,12.010479927063,27.09,7601022.0,0.44216,1348.08734,47.7948303222656,1902.19,70.5075225830078,WB/UNESCO
BGR,2007,7.2,Bulgaria,2469.59,16.43187,5888.87094585161,20440.2525941501,12821.8132298505,4820.0,16526.9933559132,11890.0,3.680340051651,11.113920211792,33.64,7545338.0,0.43003,1471.47888,51.2403411865234,2430.76,70.6844177246094,WB/UNESCO
BGR,2008,11.07,Bulgaria,2345.31,19.40024,7271.67443724077,21845.954719527,14346.9225493653,6080.0,17550.3938249024,13660.0,4.2190899848938,12.6122598648071,39.67,7492561.0,0.44731,1505.75099,52.6504096984863,2280.19,70.902099609375,WB/UNESCO
BGR,2009,7.88,Bulgaria,2682.99,20.69422,6988.63048446496,21251.2168646802,14188.1172172749,6680.0,18100.9289740317,13730.0,4.27429008483887,12.6567497253418,45.0,7444443.0,0.49338,1593.43114,55.0083694458008,2676.97,71.3017349243164,WB/UNESCO
BGR,2010,7.22,Bulgaria,2606.28,14.80771,6854.2987837778,21724.2863457596,14954.2908464673,6960.0,19178.4126196444,14550.0,3.85746002197266,11.1634197235107,46.23,7395599.0,0.56299,1470.69323,58.354850769043,2485.7,71.5149307250977,WB/UNESCO
BGR,2011,9.7,Bulgaria,2459.0,16.97615,7849.98219737366,22321.033168819,15747.3599553305,7210.0,20430.686549623,15140.0,3.54690003395081,11.1000499725342,47.9799930506026,7348328.0,0.5295,1606.20566,59.8246803283691,2423.57,72.6101653885532,WB/UNESCO
BGR,2012,20.01,Bulgaria,2648.91,17.8056,7432.33753378983,22618.8104278919,16327.2363246359,7400.0,19740.9264509651,15920.0,3.47650003433227,10.6909198760986,51.8999876658503,7305888.0,0.60039,1537.4066,62.1616516113281,2537.31,72.7684860229492,WB/UNESCO
BGR,2013,16.98,Bulgaria,2680.44,15.91611,7796.37945241455,22954.396399855,16893.7939132873,7580.0,20445.6607370287,16260.0,4.05766010284424,11.4398002624512,53.0615,7160005.0,0.63424,1685.20345,68.2013397216797,2639.63,72.9632821572019,WB/UNESCO
BGR,2014,14.54,Bulgaria,2661.88,,8070.01289303544,23455.4830019277,17990.7860607342,7780.0,20875.974736024,17640.0,4.19388008117676,11.3103504180908,55.4903766299262,7073572.0,0.79007,1822.03088,72.981559753418,2520.47,73.0844879150391,WB/UNESCO
BGR,2015,14.35,Bulgaria,2554.77,,7269.02586513711,24562.648880929,18896.1145714262,7530.0,21252.7301447774,18070.0,3.88469004631042,10.4063396453857,56.6562516053086,6984225.0,0.94947,1976.75906,78.2999572753906,2498.86,73.1030578613281,WB/UNESCO
BGR,2016,12.56,Bulgaria,2544.29,,7822.89886431732,25636.7443903478,20745.9250164072,7490.0,23123.9441848946,19700.0,3.81435990333557,11.6558198928833,59.825547661014,6894139.0,0.77009,2236.855,80.6399612426758,2415.05,73.1750030517578,WB/UNESCO
BGR,2017,25.03,Bulgaria,2963.85,,8697.13373333715,26691.758001902,22317.2366242463,7730.0,24616.5757947499,21300.0,4.07754993438721,12.7309503555298,63.4101013837926,6803468.0,0.74037,2125.46017,81.2245864868164,2885.62,73.3904571533203,WB/UNESCO
BGR,2018,32.05,Bulgaria,3375.36,,9849.88769989118,27690.893655005,23997.7941525242,8860.0,25500.4917571317,23130.0,4.05201005935669,11.7900295257568,64.78201069118,6710798.0,0.75505,2343.48736,83.134880065918,3244.55,73.600212097168,WB/UNESCO
BGR,2019,36.78,Bulgaria,4302.46,,10354.2500414088,29149.921509976,26765.556194772,9920.0,28268.0210738297,25930.0,4.21430015563965,11.7067098617554,67.9469809417603,6616726.0,0.83576,2420.08954,84.7503128051758,4258.38,73.7162322998047,WB/UNESCO
BGR,2020,25.68,Bulgaria,4559.2,,10760.7616180234,28521.2062482596,27351.8659900682,10090.0,27023.7950815031,26360.0,4.48298978805542,11.914999961853,70.16248359,6550696.0,0.84549,2401.16918,85.5331115722656,4475.96,73.3239898681641,WB/UNESCO
BGR,2021,51.55,Bulgaria,4858.99,,12966.8085197381,30958.9830238332,30958.9830238332,11720.0,29722.7138698435,29720.0,4.7092399597168,12.2527103424072,75.27144583,6507301.0,0.76933,2346.69591,85.3017501831055,4748.48,73.346765618041,WB/UNESCO
BGR,2022,42.47,Bulgaria,4784.13,,13999.9113358453,32433.6587569626,36320.2814407535,13100.0,29240.0514143815,34350.0,4.50109004974365,11.9818496704102,79.12686326,6465097.0,0.75174,2557.19806,84.1293563842773,4858.97,73.4799164005224,WB/UNESCO
BHR,2003,2.25,Bahrain,132.81,,14486.0269029822,54431.8763559658,45426.9345929614,13180.0,45674.562156671,43400.0,,,21.5549449917804,764517.0,,,25.1201400756836,128.81,88.8325339694118,WB/UNESCO
BHR,2004,1.33,Bahrain,142.48,,15963.9493171617,54045.092888858,46317.0284807634,14680.0,44922.3516329037,44290.0,,,21.4586805077435,823741.0,,,,137.23,89.8569005979296,WB/UNESCO
BHR,2005,3.5,Bahrain,161.53,,17966.1657837625,53478.2662415503,47268.2721608302,16550.0,48767.6937565373,46050.0,,,21.30369949,888822.0,,,19.0136394500732,154.86,91.168165501421,WB/UNESCO
BHR,2006,2.25,Bahrain,182.09,,19267.282615072,52691.9323366851,48009.4917424269,17850.0,51296.5883607537,47010.0,2.87440991401672,11.9186601638794,28.24399948,960424.0,,,17.5358505249023,180.09,92.7186075361661,WB/UNESCO
BHR,2007,0.0,Bahrain,177.24,,20908.4042548073,52731.7921672618,49347.4946175489,19600.0,54395.9873083259,48670.0,2.57500004768372,11.0267295837402,32.91,1039295.0,,,,171.24,94.460505558445,WB/UNESCO
BHR,2008,2.5,Bahrain,160.23,,23299.4992780392,52765.3899455546,50330.3248604766,21070.0,57984.3463893623,48520.0,2.49677991867065,10.5586700439453,51.95,1103496.0,,,,157.23,96.3461384245376,WB/UNESCO
BHR,2009,2.0,Bahrain,189.71,,19465.3140745038,50665.7507489219,48625.6569236478,18940.0,47376.969868034,43540.0,,,53.0,1178415.0,,,,185.79,98.3277849907243,WB/UNESCO
BHR,2010,1.29,Bahrain,213.0,,21819.3291098099,50704.8479679819,49254.5770068143,19510.0,51735.6085960582,44890.0,2.35114974984976,8.62552422968448,55.0,1228543.0,,,,210.46,100.0,WB/UNESCO
BHR,2011,1.0,Bahrain,180.98,,25032.7867743333,53132.3284162611,52677.4511190668,20040.0,56204.3691807026,46050.0,2.31235396487985,8.76965450044426,76.9999665032303,1195020.0,,,46.3075025646345,179.89,100.0,WB/UNESCO
BHR,2012,0.0,Bahrain,159.51,,26438.6733230428,54516.8406594787,56712.5692656153,24670.0,60372.1642469759,54930.0,2.54483008384705,8.17982959747314,88.0,1208964.0,,,47.6811679519633,155.94,100.0,WB/UNESCO
BHR,2013,2.62,Bahrain,241.91,24.40469,26989.7601148469,55376.4005147894,56310.3117458189,25970.0,63405.1242881023,54320.0,2.38286995887756,7.45860004425049,90.0000397,1253191.0,,,44.1274788546413,231.95,100.0,WB/UNESCO
BHR,2014,3.53,Bahrain,214.55,,26451.7965647453,55065.8189472129,54299.0564613228,25480.0,60273.7593970589,51750.0,2.36918997764587,8.6840295791626,90.5031334814656,1314562.0,0.09713,384.87249,44.7866602427761,202.15,100.0,WB/UNESCO
BHR,2015,0.67,Bahrain,180.86,,23734.0551143019,54149.9131524721,48034.2468880503,23640.0,53599.80995692,45470.0,2.55344009399414,7.32818984985352,93.4783007986129,1370322.0,,,45.6439860607554,173.03,100.0,WB/UNESCO
BHR,2016,0.14,Bahrain,234.78,,23800.001440631,54107.0752236423,47428.9018907649,22720.0,52665.5233403909,44920.0,2.80248290251154,9.62066806104186,97.9999807024146,1423726.0,,,46.7631772606016,229.6,100.0,WB/UNESCO
BHR,2017,0.56,Bahrain,255.57,,24784.7693514607,53859.7749589601,50184.5005767301,22360.0,53799.3127886153,47500.0,2.21637010574341,7.22384977340698,95.8781357543453,1501116.0,,,48.7280981931009,254.44,100.0,WB/UNESCO
BHR,2018,2.13,Bahrain,337.97,,26324.4066549559,54893.0724411368,51993.1307818652,24200.0,55329.5446368252,49270.0,2.38893976833662,9.25130901584206,98.6446725799886,1503091.0,,,50.2628341348842,319.24,100.0,WB/UNESCO
BHR,2019,4.19,Bahrain,465.67,,27259.7438599327,56749.9628370612,56599.5214364411,25800.0,56719.0943213493,53440.0,2.11146982812491,8.55740317815593,99.7015043807778,1483756.0,,,52.9045782700327,448.78,100.0,WB/UNESCO
BHR,2020,2.13,Bahrain,509.0,,24342.8444554718,53814.2452592358,53436.0316999712,23870.0,50453.6636111207,49770.0,2.05801907522052,7.1386052862896,99.67103159,1472204.0,,,54.4077922369055,563.68,100.0,WB/UNESCO
BHR,2021,5.82,Bahrain,650.35,,27147.8083882286,54954.6757895532,54954.6757895532,25240.0,51553.0939020486,51550.0,1.85115940115918,7.66467244701359,100.0,1504365.0,,,47.5015525503536,665.36,100.0,WB/UNESCO
BHR,2022,10.28,Bahrain,671.6,,30470.5219276023,57572.997981018,61667.8791526737,28300.0,60432.2115752265,59060.0,1.71192127094005,7.66017986372767,100.0,1524693.0,,,50.3073760962771,613.67,100.0,WB/UNESCO
BHS,2003,1.44,Bahamas,3.66,,26429.1247787663,34740.7635535381,27030.8969354897,25900.0,39073.7820876835,26570.0,,,20.0,335618.0,,,,3.66,81.4819614595541,WB/UNESCO
BHS,2004,1.0,Bahamas,3.03,,26650.2934234303,34617.8051137459,27659.5379542056,27470.0,38386.4193433051,27230.0,,,22.0,339782.0,,,,3.03,81.6708410883427,WB/UNESCO
BHS,2005,3.0,Bahamas,7.37,,28602.4181869995,35365.4663980219,29142.9002174362,28880.0,39186.693475503,28600.0,,,25.0,343894.0,,,,7.37,81.8605578035102,WB/UNESCO
BHS,2006,0.22,Bahamas,6.12,,29184.7865087908,35789.1322131898,30401.5076893706,29230.0,38263.4533547402,29750.0,,,26.0,348375.0,,,,6.12,82.0396098391364,WB/UNESCO
BHS,2007,1.75,Bahamas,11.14,,30051.8489587756,35797.118972073,31232.1313711332,29690.0,38840.3260159033,30550.0,,,27.0,353334.0,,,,11.04,82.1964954293015,WB/UNESCO
BHS,2008,2.0,Bahamas,6.05,,29392.3824416397,34498.0351399173,30678.6265520661,29660.0,37288.2906501646,30450.0,,,31.54,358120.0,,,,6.05,82.3197128080855,WB/UNESCO
BHS,2009,1.88,Bahamas,9.83,,27512.9130950084,32630.263065979,29196.6178477223,27920.0,34063.981524705,28750.0,,,33.88,362810.0,,,,9.83,82.3977602095684,WB/UNESCO
BHS,2010,4.58,Bahamas,9.2,,27473.100430502,32711.4592459383,29624.9753841279,27320.0,33569.5456393987,28930.0,2.45165990475209,12.4952255987713,43.0,367478.0,,,,9.2,82.4198104431593,WB/UNESCO
BHS,2011,0.13,Bahamas,10.78,,27090.8376801379,32535.6625139135,30073.6769305961,26990.0,32296.5231572796,29370.0,2.35576638581195,12.3615014826565,65.0,371729.0,,,,10.78,82.4130347470308,WB/UNESCO
BHS,2012,0.76,Bahamas,8.01,,28552.0242683151,33667.5547098911,31035.5500568874,27910.0,30200.1224162896,30230.0,2.30391197238935,12.1764484167983,71.74819946,375469.0,,,,8.01,82.3947485339925,WB/UNESCO
BHS,2013,2.23,Bahamas,18.89,,27642.7419759179,32402.9163503108,30294.4768305201,26870.0,29658.0978718806,29430.0,2.4242884241713,12.1424660852394,72.0,378953.0,,,,18.89,82.3635791100868,WB/UNESCO
BHS,2014,0.17,Bahamas,15.89,,29137.2175632622,32712.6356664811,31726.1740873862,27220.0,30800.8390264874,30480.0,2.24714705533939,12.0861684638054,76.91999817,382298.0,,,,15.89,82.3180931037043,WB/UNESCO
BHS,2015,1.27,Bahamas,12.77,,30719.405417469,32777.5849410742,32137.5784729905,27620.0,32389.0934519598,30790.0,2.2723175918231,11.5541169421682,78.0,385346.0,,,,12.77,82.2568571432361,WB/UNESCO
BHS,2016,0.44,Bahamas,13.91,,30616.5363157284,32172.3365152976,32285.2760366069,27820.0,32120.6181590656,30770.0,2.58786212973921,11.6442261202761,80.0,388055.0,,,,13.86,82.1784378570728,WB/UNESCO
BHS,2017,2.87,Bahamas,20.78,,31875.4881749619,33050.0350128611,34282.1710357791,29570.0,32879.8358562569,32780.0,2.69510162053495,11.5325187865534,80.59999847,390485.0,,,,20.78,82.0814018736052,WB/UNESCO
BHS,2018,0.47,Bahamas,20.64,,32642.3353203452,33650.2164350935,35227.7619063243,30650.0,32248.5541993955,32930.0,2.49264112462151,12.7988041921042,83.0,392717.0,,,,20.64,81.9643158212241,WB/UNESCO
BHS,2019,0.33,Bahamas,19.0,,33640.3369861278,33202.4902105068,36116.0002025353,31630.0,32712.7862808783,34420.0,2.62573176503127,12.9164965230537,90.69329834,394675.0,,,,17.91,81.8257463283204,WB/UNESCO
BHS,2020,1.5,Bahamas,21.42,,26178.7537607708,26452.695760929,27204.625909518,25180.0,26050.1575365351,25810.0,3.7125229961238,12.6566403628894,92.4437027,395863.0,,,,21.42,81.6642600232849,WB/UNESCO
BHS,2021,0.29,Bahamas,22.14,,30367.8605757708,31064.6822166194,31064.6822166194,29910.0,29228.2090201962,29230.0,3.04890655208507,10.6851768495684,92.34980011,396373.0,,,,22.93,81.4784235345083,WB/UNESCO
BHS,2022,0.17,Bahamas,17.75,,34957.1613279737,34342.9285316569,36785.5703317271,33790.0,31439.7845957083,34790.0,2.62367021406169,10.3566126185111,92.2559967,397538.0,,,,17.7,81.3200717047725,WB/UNESCO
BIH,2003,1.41,Bosnia and Herzegovina,155.74,,2033.94700935864,8709.95671578197,4917.21777082528,1860.0,8608.41858992552,5230.0,,,3.96503683387051,4178523.0,0.01826,55.34689,18.8590297698975,155.07,43.5181993184523,WB/UNESCO
BIH,2004,0.0,Bosnia and Herzegovina,208.97,,2452.6860917386,9344.83015887193,5407.4522119455,2360.0,9158.83003300497,5680.0,,,15.4689716227665,4140987.0,0.0159,57.25219,21.1273002624512,209.64,43.8380473519042,WB/UNESCO
BIH,2005,0.0,Bosnia and Herzegovina,256.37,,2739.61076866057,9814.46964102531,5955.82808939622,2810.0,9613.21195790867,6200.0,,,21.3267010007738,4096493.0,0.02697,61.48538,24.1594295501709,259.32,44.1570799336802,WB/UNESCO
BIH,2006,0.5,Bosnia and Herzegovina,298.29,,3166.12865344833,10430.4119951847,6869.04034776665,3160.0,10214.0181452297,7080.0,,,25.1223856852117,4063272.0,0.01969,164.44144,27.0378398895264,300.96,44.4752743285185,WB/UNESCO
BIH,2007,1.08,Bosnia and Herzegovina,324.95,,3931.48948737505,11178.6814832392,7686.11364644569,3680.0,11077.2919035398,7910.0,,,27.92,4013424.0,0.02521,184.20563,30.7171401977539,321.12,44.7926078011574,WB/UNESCO
BIH,2008,2.25,Bosnia and Herzegovina,398.8,,4841.69311934649,11983.7199632138,8586.80554963258,4500.0,12019.6340942302,8900.0,,,34.66,3947544.0,0.01842,,34.473949432373,397.68,45.1090576163352,WB/UNESCO
BIH,2009,2.4,Bosnia and Herzegovina,458.34,,4539.91863774968,11826.6501351383,8698.14260939833,4790.0,12078.332926111,9030.0,,,37.74,3879794.0,0.02106,,36.9575691223145,454.15,45.4246010387901,WB/UNESCO
BIH,2010,2.92,Bosnia and Herzegovina,491.73,,4506.47828548389,12142.8616958168,9085.76474744316,4820.0,12055.985298464,9230.0,,,42.75,3811472.0,,,38.5334587097168,482.95,45.7392153332604,WB/UNESCO
BIH,2011,6.15,Bosnia and Herzegovina,551.18,,4982.69375768263,12487.6490566037,9761.48356644998,4900.0,12054.2100090089,9840.0,,,43.88769913,3741798.0,,,41.9769592285156,546.46,46.0528777644843,WB/UNESCO
BIH,2012,8.03,Bosnia and Herzegovina,550.32,,4693.78899115381,12626.9263237753,10121.1278081174,4900.0,12287.8642551468,10200.0,,,45.0644989,3670113.0,0.26533,155.74572,44.7015495300293,540.9,46.3655655972,WB/UNESCO
BIH,2013,12.73,Bosnia and Herzegovina,490.13,,5034.56634817068,13135.7175053454,10808.2876334613,5170.0,12851.2740594578,10950.0,,,48.52130127,3610859.0,0.32132,228.0143,51.3600883483887,483.03,46.6954224739896,WB/UNESCO
BIH,2014,7.5,Bosnia and Herzegovina,491.61,,5206.06573475132,13458.852576408,11167.8524537099,5180.0,13100.2939247478,11260.0,3.31473965674631,,49.91770172,3564829.0,0.25725,283.73763,54.1655807495117,494.7,47.130783484831,WB/UNESCO
BIH,2015,9.38,Bosnia and Herzegovina,584.17,,4662.25869219448,14220.0900038037,11845.4600112171,5140.0,13939.2185939213,11930.0,3.0181128667772,,52.59999847,3518541.0,0.21603,353.6653,55.5336608886719,551.9,47.5711645087011,WB/UNESCO
BIH,2016,6.75,Bosnia and Herzegovina,584.92,,4928.5665903114,14873.6411107879,12899.4451443422,5070.0,14658.202132581,12920.0,4.26451015472412,10.2874002456665,60.2565354318987,3473003.0,0.21337,406.85468,56.9546089172363,573.87,48.0248845752382,WB/UNESCO
BIH,2017,15.68,Bosnia and Herzegovina,748.93,,5345.01978766473,15554.6587430766,13627.0836811249,5070.0,15086.1009937081,13510.0,2.83868424239217,,64.8920205128383,3428682.0,0.1978,471.50932,54.528678894043,715.6,48.4918401819106,WB/UNESCO
BIH,2018,11.59,Bosnia and Herzegovina,761.17,,6047.84707207392,16348.9997145353,14858.6247595644,5720.0,15894.6218180975,14770.0,3.89297008514404,9.6307897567749,70.1201350394885,3387000.0,0.19199,459.76526,49.7987518310547,730.43,48.971927825824,WB/UNESCO
BIH,2019,16.06,Bosnia and Herzegovina,829.49,,6122.37541352353,17029.2971980343,16428.7132755213,6180.0,16636.7710638726,16400.0,4.04449987411499,10.133150100708,69.9463476317266,3345533.0,0.19001,451.01282,46.6677894592285,858.75,49.4650440037758,WB/UNESCO
BIH,2020,23.73,Bosnia and Herzegovina,1004.72,,6130.31187968266,16747.0353918695,16369.9392465531,6160.0,16364.271697034,16280.0,3.01954088371123,,73.21175294,3299349.0,0.20325,446.11618,43.8039207458496,1007.25,49.9710852122997,WB/UNESCO
BIH,2021,15.18,Bosnia and Herzegovina,1122.99,,7295.34378682258,18286.6614977175,18286.6614977175,6970.0,18053.4849205208,18050.0,4.13622999191284,10.1768798828125,75.67620138,3244907.0,0.19035,445.69281,45.0589485168457,1091.63,50.4899479477034,WB/UNESCO
BIH,2022,18.04,Bosnia and Herzegovina,1039.36,,7655.59421024383,19298.117076437,21651.3043527017,7710.0,18184.3402917595,21370.0,2.97012986426524,,78.8455371,3204802.0,0.18743,540.14789,45.6063499450684,1029.2,51.0215287060993,WB/UNESCO
BLR,2003,0.0,Belarus,1279.07,,1819.52653114699,13413.9265504854,7361.72161065634,1630.0,10727.1459874062,7370.0,,,,9796749.0,0.61147,,61.6584510803223,1278.27,71.3092422485352,WB/UNESCO
BLR,2004,0.0,Belarus,1285.37,24.67875,2378.33700470129,15052.1182160947,8482.92020705117,2170.0,12087.3856027014,8480.0,5.7122597694397,12.5523500442505,,9730146.0,0.62759,,62.9585113525391,1283.57,71.7658538818359,WB/UNESCO
BLR,2005,1.0,Belarus,1339.42,25.47756,3126.07176665248,16579.8731683834,9636.8911237784,2820.0,14702.3732674672,9650.0,5.8710298538208,12.6201095581055,,9663915.0,0.67852,,65.4601211547852,1338.35,72.0310134887695,WB/UNESCO
BLR,2006,0.0,Belarus,1210.16,26.71441,3848.22350300163,18349.8719060634,10994.5981291674,3510.0,16695.4399491325,10960.0,6.07696008682251,12.4503202438354,16.2,9604924.0,0.66065,,68.3140869140625,1218.49,72.6113815307617,WB/UNESCO
BLR,2007,0.0,Belarus,1310.09,20.189,4735.48107556066,20019.6111676728,12320.0240259124,4310.0,17992.6515264659,12210.0,5.15210008621216,10.1337203979492,19.7,9560953.0,0.96203,,71.1050872802734,1308.4,73.0913467407227,WB/UNESCO
BLR,2008,2.0,Belarus,1070.73,,6376.17569162063,22137.9472928315,13886.1314067667,5470.0,21232.5910553156,13710.0,,,23.0,9527985.0,0.74147,,71.3163528442383,1067.13,73.5531692504883,WB/UNESCO
BLR,2009,1.15,Belarus,1205.3,20.0739,5352.48809190697,22236.8387691136,14034.1911205907,5660.0,20490.9752452534,13730.0,4.3689398765564,8.44954967498779,27.43,9504583.0,0.62167,,75.3678512573242,1200.76,74.1909646620571,WB/UNESCO
BLR,2010,0.0,Belarus,1054.44,17.1275,6034.67885177216,24012.6133040213,15339.099903096,6150.0,22221.7325791984,15030.0,5.22003984451294,11.7781295776367,31.8,9483836.0,0.66913,,80.1169697729485,1042.65,74.5501403808594,WB/UNESCO
BLR,2011,0.14,Belarus,1114.89,17.29592,6527.6593428786,25404.7566082412,16563.2014078209,6350.0,24686.0929075653,16380.0,4.68479013442993,11.6266498565674,39.6488956598961,9461643.0,0.6776,,87.3373753061346,1106.53,75.0597534179688,WB/UNESCO
BLR,2012,0.0,Belarus,1043.1,17.87294,6953.21591683101,25879.1319400701,18114.7508606708,6630.0,26046.7042355954,17710.0,4.95964002609253,12.7523002624512,46.91,9446836.0,0.64603,,93.4729592664074,1030.11,75.5281066894531,WB/UNESCO
BLR,2013,0.14,Belarus,1107.04,17.58319,7998.0802045456,26147.6253584645,19014.0529737698,7030.0,26163.3365802091,18350.0,5.0094199180603,12.2739896774292,54.17,9443211.0,0.65191,,95.4975003100193,1091.18,75.94970703125,WB/UNESCO
BLR,2014,1.33,Belarus,1059.93,16.89418,8341.31809294883,26564.4347246547,19037.8847440186,7620.0,26891.9711131499,18470.0,4.81830978393555,12.406720161438,59.0163187101542,9448515.0,0.50548,,94.316359554493,1043.07,76.3405227661133,WB/UNESCO
BLR,2015,4.67,Belarus,988.28,16.75625,5967.05595058777,25513.2132958317,18133.5313085883,6740.0,23523.5456375217,17360.0,4.78751993179321,11.4617300033569,62.230360906803,9461076.0,0.49999,,93.7888271999214,974.79,76.6263885498047,WB/UNESCO
BLR,2016,0.17,Belarus,1008.15,16.10117,5039.77560949445,24846.8301529359,17832.4778855815,5640.0,22024.9997106471,16990.0,4.94654989242554,12.1587800979614,71.1130457603832,9469379.0,0.50063,,91.5206757734477,982.57,76.8458709716797,WB/UNESCO
BLR,2017,0.5,Belarus,1080.38,16.47839,5785.54491935194,25503.9809845207,18413.747563367,5320.0,23360.6236927383,17720.0,4.79500007629395,12.2816896438599,74.4364454136036,9458989.0,0.58411,,89.4706479354735,1055.64,77.0208206176758,WB/UNESCO
BLR,2018,1.13,Belarus,1228.81,,6360.037502312,26363.4629778536,20025.9815543598,5730.0,25078.4563967473,19300.0,4.83656978607178,12.7802095413208,79.1298866919307,9438785.0,0.60443,,84.7097808751504,1191.32,77.2132720947266,WB/UNESCO
BLR,2019,5.25,Belarus,1502.43,,6837.77339645635,26798.8206398076,22301.5932411839,6370.0,25848.9581020891,21640.0,4.97948980331421,13.3307399749756,82.7891520910901,9419758.0,0.57733,,81.2921953254514,1613.3,77.4550771852757,WB/UNESCO
BLR,2020,4.1,Belarus,1521.33,,6542.85579976768,26731.4953869922,24872.3066744528,6410.0,25825.6353398117,23860.0,4.86263990402222,12.7811498641968,85.08791245,9379952.0,0.53901,1473.37761,79.900160036935,1550.1,77.7890385790408,WB/UNESCO
BLR,2021,4.4,Belarus,1597.03,,7489.71894713888,27611.1801135157,27611.1801135157,7040.0,26597.539831446,26600.0,4.60641002655029,12.8159999847412,86.88841196,9302585.0,0.45981,1439.1965,78.6027133367864,1600.37,78.131086803694,WB/UNESCO
BLR,2022,4.29,Belarus,1519.37,,7994.64806074889,26537.5083081674,28424.9893656867,7210.0,26562.711651084,27230.0,4.62823009490967,12.1773300170898,89.50733148,9228071.0,0.47477,1434.19007,77.0977334087936,1563.85,78.4732787892908,WB/UNESCO
BLZ,2003,0.0,Belize,4.76,,4959.74012434605,12589.2679378206,8849.64628933067,4820.0,11651.3637688866,8240.0,3.90120005607605,16.0251903533936,,263780.0,,,16.2938194274902,4.76,47.2806245981404,WB/UNESCO
BLZ,2004,0.5,Belize,4.92,10.76745,5153.71308265363,12807.1658774384,9244.91166163699,5000.0,11336.3304933296,8470.0,4.0096697807312,16.3242797851562,9.8,271688.0,,,15.6906204223633,4.92,47.0226655922949,WB/UNESCO
BLZ,2005,0.33,Belize,5.83,,5270.41479135312,12714.9697390831,9466.14274446232,5050.0,11110.4232613568,8730.0,,,17.0,279731.0,,,16.1422500610352,5.33,46.7271194028137,WB/UNESCO
BLZ,2006,0.0,Belize,4.83,,5524.78167834986,12912.5300233774,9909.68014446483,5160.0,10693.1840768778,9130.0,,,24.0,287878.0,,,16.941520690918,4.83,46.4084814638913,WB/UNESCO
BLZ,2007,0.0,Belize,2.23,,5762.21023302938,12973.2067214746,10225.9867304698,5210.0,11818.0135615387,9270.0,,,24.60000038,296100.0,,,17.9253196716309,2.23,46.0812472097226,WB/UNESCO
BLZ,2008,0.0,Belize,3.64,9.18919,5711.81458859709,12415.6811300464,9975.08124320174,5170.0,10978.911296895,9030.0,4.29996013641357,19.4965991973877,26.29999924,304361.0,,,18.78537940979,3.64,45.7599120745023,WB/UNESCO
BLZ,2009,0.0,Belize,8.51,10.91408,5399.67100001919,12033.9096816588,9727.98868519133,5280.0,9836.38727986897,9210.0,4.8011999130249,22.0576095581055,27.20000076,312614.0,,,22.0563106536865,7.68,45.4589714924251,WB/UNESCO
BLZ,2010,0.0,Belize,10.82,8.66601,5461.40735999001,11913.6635959061,9747.82562162734,5060.0,10178.5951993136,8980.0,5.24251985549927,22.6104698181152,28.2,320245.0,,,21.5657311669129,9.65,45.1914838193558,WB/UNESCO
BLZ,2011,0.0,Belize,2.26,,5596.05222152289,11641.7717375703,9721.88084559988,5160.0,10695.8671757291,9210.0,5.51786910233588,21.5642707347762,30.70000076,327298.0,,,21.5464009784327,2.26,44.9417819131729,WB/UNESCO
BLZ,2012,0.0,Belize,8.3,,5732.66519942347,11843.4153404212,9303.37857455225,5330.0,10628.1085009371,8720.0,5.47351989539787,21.23012168502,31.0,334414.0,,,24.0271611386785,7.8,44.6903068035216,WB/UNESCO
BLZ,2013,0.0,Belize,7.75,13.56864,5957.34953619006,12064.797259406,9525.83089030578,5580.0,11024.3238986451,8970.0,5.12474012374878,23.1328201293945,33.59999847,341627.0,,,24.0045345047471,7.25,44.4380542363795,WB/UNESCO
BLZ,2014,0.0,Belize,5.16,12.98805,6128.12053089077,12272.2957895446,9489.91221371385,5670.0,11362.0412390084,8880.0,5.1395001411438,21.5630798339844,38.70000076,348923.0,,,24.0154633440872,5.16,44.1850161758379,WB/UNESCO
BLZ,2015,0.0,Belize,7.64,11.81363,6154.62264230369,12348.7944978311,9538.38691146009,5790.0,11833.9094556547,9120.0,5.35711002349854,21.59255027771,41.59000015,356333.0,,,23.4350622690571,7.14,43.931184585988,WB/UNESCO
BLZ,2016,0.0,Belize,5.88,10.06137,6140.86713919469,12063.0600374093,9399.03567052789,5640.0,11877.7998793786,8930.0,5.72603988647461,20.4853000640869,44.57569885,364705.0,,,24.4760136680388,5.88,43.6765514309211,WB/UNESCO
BLZ,2017,0.0,Belize,11.55,9.47148,6071.85451846453,11572.3007931461,9120.65338346029,5490.0,11740.8766915662,8620.0,5.95071983337402,21.5186595916748,48.8771019,373202.0,,,24.731690676743,11.55,43.4211086747287,WB/UNESCO
BLZ,2018,1.0,Belize,9.74,,6011.99036888587,11451.8979413877,9497.23480443418,5610.0,11015.3847118449,8850.0,6.12779998779297,22.149019241333,53.59360123,380226.0,,,24.5883446033139,9.74,43.164848281502,WB/UNESCO
BLZ,2019,0.0,Belize,10.21,,6171.61449761423,11765.9748661176,10499.962073199,5850.0,11208.1023447062,9780.0,5.96377992630005,22.2200603485107,58.76520157,385829.0,,,25.138736158351,9.51,42.9077622153323,WB/UNESCO
BLZ,2020,0.0,Belize,17.62,,5238.54078175696,10045.1404163746,9638.89513695889,5170.0,9545.96138693217,9360.0,5.21301984786987,18.9935398101807,64.43589783,390812.0,,,25.9421694120047,16.66,42.649842440311,WB/UNESCO
BLZ,2021,0.0,Belize,12.52,,6142.98930557031,11716.3267818656,11716.3267818656,6120.0,11340.3690299201,11340.0,5.96298980712891,17.9535694122314,70.65370178,395346.0,,,23.6813942822198,11.93,42.3910809205294,WB/UNESCO
BLZ,2022,0.83,Belize,17.74,,7068.21728043145,12565.3645829576,13459.0765078205,6710.0,11979.4614943052,12830.0,4.60415983200073,17.8313503265381,69.98329926,402733.0,,,23.9767727412258,17.84,42.1373251262137,WB/UNESCO
BOL,2003,0.01,Bolivia,50.8,,893.013760211149,7625.90515918892,4432.92085263259,890.0,7282.23290850293,4300.0,,,3.50859640072336,9050700.0,,,,48.78,63.2918711090474,WB/UNESCO
BOL,2004,0.01,Bolivia,46.6,,953.191893246277,7811.59684093936,4662.97077720958,940.0,7651.98020289706,4500.0,,,4.43992460120042,9204287.0,,,,46.6,63.7564671612252,WB/UNESCO
BOL,2005,1.75,Bolivia,63.68,,1020.12326200737,8020.63568834793,4937.86997722405,1000.0,7898.03819751587,4780.0,,,5.22758395663196,9360754.0,,,,61.97,64.2133062205259,WB/UNESCO
BOL,2006,1.0,Bolivia,69.72,,1202.71150446327,8263.31896853691,5244.16021215452,1090.0,8529.4623728336,5100.0,6.43421983718872,21.5667705535889,6.20067125473576,9521689.0,,,,69.66,64.6631431424362,WB/UNESCO
BOL,2007,1.01,Bolivia,85.95,,1354.54905949929,8493.94848212653,5536.56815519329,1210.0,8638.38164366368,5370.0,6.7204999923706,20.5818996429443,10.49919987,9685960.0,,,,82.02,65.1067327824433,WB/UNESCO
BOL,2008,1.41,Bolivia,93.85,,1692.67248455876,8865.27246616683,5889.94338960454,1460.0,9177.50527410567,5740.0,6.72301006317139,19.0274791717529,12.5,9850858.0,,,,92.63,65.5448299960338,WB/UNESCO
BOL,2009,0.83,Bolivia,85.38,,1731.18172112209,9011.55629873547,6024.0594735432,1600.0,8879.0517044123,5830.0,7.57484006881714,22.8131809234619,16.79999924,10016275.0,0.157,143.15295,,81.72,65.9781896386949,WB/UNESCO
BOL,2010,0.34,Bolivia,79.43,,1929.78373077158,9230.3980801466,6245.33863119202,1760.0,9452.24404462522,6010.0,6.97377014160156,22.1394195556641,22.39999962,10182345.0,,162.98202,,77.76,66.4075665659133,WB/UNESCO
BOL,2011,1.6,Bolivia,82.48,,2315.52121930607,9554.44502513,6597.96217604598,1970.0,9994.02863966423,6380.0,6.45054006576538,18.2445392608643,30.0,10348929.0,,,,80.37,66.833715633176,WB/UNESCO
BOL,2012,0.86,Bolivia,86.1,,2575.59857098084,9884.46163594645,7183.82602451812,2220.0,10330.9822491155,6830.0,6.62799978256226,18.3915691375732,35.34,10515807.0,,,,82.82,67.2581444827699,WB/UNESCO
BOL,2013,0.24,Bolivia,90.53,,2870.02377000756,10391.3833756917,8068.72017230447,2550.0,10663.3693953229,7660.0,6.80321979522705,19.1963806152344,36.99,10682608.0,,,,87.96,67.6697055519889,WB/UNESCO
BOL,2014,1.12,Bolivia,89.46,,3041.43503162408,10790.8472887528,8628.94266128246,2800.0,10699.9472648444,8270.0,7.47811985015869,18.1302604675293,34.6016202324676,10848888.0,,,,87.4,68.037425413,WB/UNESCO
BOL,2015,1.31,Bolivia,89.18,,2996.01289811344,11144.6415720641,8757.31777115049,2920.0,10428.268713163,8510.0,8.1434497833252,18.2940692901611,37.4868176324391,11014705.0,,,,85.88,68.3958051297665,WB/UNESCO
BOL,2016,1.13,Bolivia,92.83,,3035.87347732132,11448.02180322,9242.02728323222,3000.0,10760.8214424356,9100.0,8.15062046051025,20.3791904449463,39.69749832,11180020.0,,,,90.16,68.7446327876947,WB/UNESCO
BOL,2017,0.63,Bolivia,92.6,,4048.40119739839,11755.2556195885,10420.3923250933,3250.0,11310.5375518409,10170.0,8.09722995758057,20.95578956604,43.83229828,11344587.0,0.07627,49.89826,,87.29,69.0838016274736,WB/UNESCO
BOL,2018,0.81,Bolivia,110.67,,4206.8552936661,11920.3135079645,10758.4075594003,3730.0,11604.4764898332,10540.0,8.01585960388184,21.2533798217773,44.2861422024283,11508368.0,,,,109.45,69.4133879813999,WB/UNESCO
BOL,2019,1.06,Bolivia,134.03,,4203.15492855788,11930.9159145918,11005.3541169156,4170.0,11645.4901269273,10820.0,8.09103012084961,22.3840599060059,47.4748191121692,11671386.0,0.06643,58.8279,,122.41,69.7334986708387,WB/UNESCO
BOL,2020,1.86,Bolivia,178.44,,3580.96761778303,10285.6590750222,9580.98962081658,3620.0,10045.3882232584,9490.0,8.43710994720459,22.9417705535889,59.94010155,11816299.0,,,,169.82,70.0442635528254,WB/UNESCO
BOL,2021,1.46,Bolivia,176.29,,4010.76053686204,11202.4409836707,11202.4409836707,3990.0,10966.2365300665,10970.0,7.96216011047363,22.9013805389404,65.9773785,11937360.0,0.06308,63.0569,,161.62,70.3450412826165,WB/UNESCO
BOL,2022,2.92,Bolivia,188.02,,4219.46113742445,11487.7148799194,12304.7789380156,4190.0,11166.1344116242,12000.0,7.57551002502441,21.0422992706299,72.62270355,12077154.0,,,,181.31,70.6352598708131,WB/UNESCO
BRA,2003,86.32,Brazil,17730.62,,3090.6070097455,14259.3664089322,9801.96212457649,3010.0,13622.8456425424,9490.0,,,13.2075861035303,180622688.0,0.99939,428.48507,,17304.12,82.3540335841671,WB/UNESCO
BRA,2004,100.97,Brazil,19960.57,18.92012,3663.823188064,14911.2609608592,10525.7113784174,3370.0,14366.497597534,10210.0,3.97448992729187,10.0161695480347,19.073672274442,182675143.0,0.96343,489.27106,,19380.74,82.6816824814559,WB/UNESCO
BRA,2005,161.07,Brazil,22460.22,18.99504,4827.78173074714,15221.0138281541,11081.2474734851,4030.0,14609.2736313063,10760.0,4.47909021377563,10.6975202560425,21.022747248827,184688101.0,1.00247,515.766,,21751.1,82.9838799596945,WB/UNESCO
BRA,2006,169.39,Brazil,28610.05,16.66423,5934.14470924968,15657.4795716983,11750.5312440894,4890.0,15117.7547476637,11460.0,4.87060022354126,11.4433298110962,28.17840004,186653106.0,0.98807,550.49741,,26768.03,83.2672101364439,WB/UNESCO
BRA,2007,167.7,Brazil,31153.54,16.17167,7409.69130673473,16440.583740032,12672.5051154867,6240.0,15888.7665021795,12400.0,4.97426986694336,12.3272495269775,30.87999916,188552320.0,1.08138,562.55469,,28727.27,83.5382571292649,WB/UNESCO
BRA,2008,260.25,Brazil,35574.01,15.91005,8908.33176538648,17113.3679822643,13445.2454693961,7680.0,16494.216464312,13120.0,5.26884984970093,13.1999702453613,33.83,190367302.0,1.12904,598.65285,,32726.24,83.8036050557184,WB/UNESCO
BRA,2009,246.45,Brazil,38510.99,15.98869,8678.6592244676,16939.4407810328,13390.6831316005,8400.0,16377.6687601868,13090.0,5.46355009078979,13.4780702590942,39.22,192079951.0,1.11866,634.14103,,35386.11,84.0698380333651,WB/UNESCO
BRA,2010,318.94,Brazil,41760.03,16.39821,11403.2821278747,18062.1581103659,14451.7158384913,9750.0,17528.9045735581,14010.0,5.64879989624023,14.2950096130371,40.65,193701929.0,1.15992,696.09998,,38170.38,84.343846036308,WB/UNESCO
BRA,2011,310.02,Brazil,44155.52,16.76335,13396.6243562986,18627.8104529397,15211.7920391654,11210.0,18319.8573863325,14820.0,5.73741006851196,14.5740699768066,45.69,195284734.0,1.13966,749.17174,,40317.0,84.6225758599683,WB/UNESCO
BRA,2012,466.4,Brazil,48166.15,17.303,12521.7213519966,18832.2195527075,15198.0863308622,12460.0,18433.2615047454,14820.0,5.85510015487671,14.8948698043823,48.56,196876111.0,1.12684,801.40894,43.8344116210938,44295.11,84.8973874181312,WB/UNESCO
BRA,2013,474.05,Brazil,50197.15,18.60182,12458.8912138813,19241.5059815726,15722.3335242901,12950.0,18976.7931059955,15500.0,5.8388500213623,14.6777896881103,51.04,198478299.0,1.19567,852.71699,44.9966697692871,45991.35,85.1676585442726,WB/UNESCO
BRA,2014,475.19,Brazil,52367.03,19.27436,12274.9939689363,19183.172744636,15827.3081625514,12280.0,18737.6664459012,15530.0,5.94848012924194,14.3591403961182,54.5510018796392,200085127.0,1.26971,903.20079,47.8131904602051,48188.5,85.4331367898168,WB/UNESCO
BRA,2015,683.73,Brazil,53504.24,21.454,8936.19661712113,18357.0690617991,14821.4383174534,10330.0,17748.662863886,14540.0,6.24105978012085,13.5114603042603,58.3279517340924,201675532.0,1.28464,,49.0805015563965,49341.87,85.6935697061881,WB/UNESCO
BRA,2016,682.27,Brazil,55719.12,,8836.28652735657,17620.9272434136,14309.2061489274,9050.0,17033.4366535048,14010.0,6.31403017044067,13.8761100769043,60.8725400681261,203218114.0,1.19584,,48.9665794372559,51744.75,85.9487048448108,WB/UNESCO
BRA,2017,776.45,Brazil,59143.03,,10080.5092819305,17724.4799577784,14559.0488897004,8830.0,17253.4311137647,14290.0,6.32047986984253,14.2683095932007,67.4712845236305,204703445.0,1.1175,,50.7326316833496,55049.31,86.1982897571091,WB/UNESCO
BRA,2018,930.76,Brazil,63130.11,,9300.66164923219,17917.7492123359,15463.7426393889,9320.0,17286.3588636742,15030.0,6.08851003646851,13.7809400558472,70.4342825404361,206107261.0,1.15016,,52.05712890625,58874.05,86.4420719945072,WB/UNESCO
BRA,2019,1011.88,Brazil,66506.17,,9029.83326681073,18018.6209151518,16069.8380152627,9410.0,17307.128363347,15640.0,5.96346998214722,13.8547201156616,73.9124399133589,207455459.0,1.15115,,53.6215400695801,62581.11,86.6797991084296,WB/UNESCO
BRA,2020,971.1,Brazil,70490.47,,7074.19378337644,17327.5157249466,16101.6183063466,8080.0,16808.3143665758,15770.0,5.7714900970459,12.4982500076294,81.34269353,208660842.0,1.21907,,55.529109954834,66901.34,86.9112186503004,WB/UNESCO
BRA,2021,1167.53,Brazil,73727.34,,7972.5366498646,18075.7060049068,18075.7060049068,8060.0,17511.7648105761,17510.0,5.4969801902771,13.6161603927612,80.68989314,209550294.0,1.13371,,57.6311988830566,69590.64,87.1360781715439,WB/UNESCO
BRA,2022,1045.24,Brazil,67030.59,,9281.33334441234,18554.0461828566,19873.7032623309,8440.0,17893.9462997814,19300.0,5.61920976638794,12.9340095520019,80.52775094,210306415.0,1.18873,,61.0000915527344,62659.84,87.349556243881,WB/UNESCO
BRB,2003,0.0,Barbados,46.11,28.6243,12075.9587020649,21132.3281963019,17417.2670045363,11660.0,,16850.0,6.24569988250732,18.5845603942871,39.6896271159532,265776.0,,,,46.11,61.5543861265895,WB/UNESCO
BRB,2004,0.9,Barbados,54.09,31.49998,12886.3665272467,21308.6052569587,18034.8270532807,12660.0,,17550.0,6.02428007125854,18.6181392669678,49.8,267298.0,,,,54.09,61.101971231796,WB/UNESCO
BRB,2005,0.0,Barbados,37.07,31.57781,14214.4202213572,22035.3859581035,19234.7083934436,13610.0,,18540.0,5.66965007781982,18.2429790496826,52.5,268706.0,,,,37.07,60.6389887108416,WB/UNESCO
BRB,2006,1.03,Barbados,49.71,,15619.6005955511,23260.8645438811,20930.5852268232,14630.0,,19930.0,,,55.29999924,270002.0,,,,49.71,60.1960940466703,WB/UNESCO
BRB,2007,0.0,Barbados,49.79,30.17642,17235.4396434785,23631.9433885299,21840.5992783129,15950.0,,21150.0,5.22061014175415,17.2209701538086,58.20000076,271288.0,,,60.2387390136719,49.79,59.803942722226,WB/UNESCO
BRB,2008,0.0,Barbados,46.14,30.08956,17565.6929970592,23657.2900650446,22285.2809141626,16600.0,,21390.0,4.92074012756348,15.7106504440308,61.40000153,272714.0,,,,45.89,59.4931902204528,WB/UNESCO
BRB,2009,2.75,Barbados,37.63,29.90298,16294.9099491834,22354.8404800399,21188.2510948423,16150.0,,20480.0,5.11040019989014,16.1005802154541,64.69999695,274123.0,,,74.2060775756836,37.63,59.2944920242948,WB/UNESCO
BRB,2010,0.13,Barbados,30.06,32.50573,19723.2381931602,20464.7939658776,19632.5640041978,16220.0,,19230.0,6.05261993408203,18.0963306427002,65.09999847,275243.0,,,69.5953279239237,29.0,59.2366008990356,WB/UNESCO
BRB,2011,0.25,Barbados,35.82,,20146.2381264508,20383.2530917687,19957.7665291481,17150.0,,18880.0,,,66.5,276139.0,,,66.9463967271583,35.77,59.236693205614,WB/UNESCO
BRB,2012,0.0,Barbados,48.49,30.22184,19811.2953079751,19743.57827095,18669.4209201611,19080.0,,18080.0,4.58823013305664,16.7026901245117,71.19999695,276938.0,,,70.0289730657796,47.48,59.2372151062924,WB/UNESCO
BRB,2013,0.21,Barbados,41.83,37.02109,20384.4910233555,19730.3469740518,19008.4857500321,19410.0,,18350.0,4.50306987762451,14.844820022583,71.80000305,277665.0,,,73.1807704972012,40.99,59.2385370835674,WB/UNESCO
BRB,2014,0.14,Barbados,45.47,39.27677,20423.7177921163,19840.8306179644,18807.6302608779,19620.0,,18150.0,5.35950994491577,17.4510593414307,71.92459869,278348.0,,,71.2682628742848,43.68,59.2410313429534,WB/UNESCO
BRB,2015,0.0,Barbados,55.17,,20429.4747123553,19642.2322500219,19190.4652295469,19280.0,,18470.0,5.15997517232471,17.8095471935802,72.04940033,278990.0,,,57.2814457564167,54.92,59.2450700899645,WB/UNESCO
BRB,2016,1.0,Barbados,54.32,31.08689,20311.4094163764,19877.1120083968,19190.5381580991,19300.0,,18440.0,4.19719982147217,13.3624496459961,71.57299805,279598.0,,,52.0533712473342,54.24,59.2510255301153,WB/UNESCO
BRB,2017,0.0,Barbados,50.16,28.54073,20870.7596432179,19966.3202405154,18969.5916506588,19570.0,,18240.0,3.956209897995,12.879150390625,71.14849854,280171.0,,,51.0106696691866,50.16,59.25926986892,WB/UNESCO
BRB,2018,1.0,Barbados,48.22,,21378.2201267496,19877.6759569235,19774.263591082,20240.0,,18980.0,5.40447825597088,16.3585713461348,70.72650146,280711.0,,,45.8751983077737,48.16,59.270175311893,WB/UNESCO
BRB,2019,1.0,Barbados,53.74,,21929.435611489,19890.455714094,19986.8728665755,20800.0,,19120.0,3.72228002548218,13.8598604202271,70.30709839,281207.0,,,48.935497470489,53.78,59.2841140645486,WB/UNESCO
BRB,2020,1.0,Barbados,61.93,,19180.9915228365,16399.7020111405,16543.717996277,18290.0,,16340.0,3.86529994010925,16.1424694061279,69.89009857,281698.0,,,52.971630831,58.94,59.3014583324011,WB/UNESCO
BRB,2021,2.67,Barbados,55.51,,21084.4013935998,17686.7469386289,17686.7469386289,20700.0,17400.584921929,17400.0,4.49793004989624,14.8447303771973,69.4756012,282147.0,,,54.672,57.51,59.3220365433819,WB/UNESCO
BRB,2022,2.54,Barbados,72.38,,24393.2193483944,20494.5343836936,21952.2087434223,24760.0,,21430.0,4.14000988006592,12.7307195663452,69.06359863,282318.0,,,55.0600902713579,70.21,59.3538514107686,WB/UNESCO
BRN,2003,0.0,Brunei,37.66,,20677.9001143188,103226.914446986,79632.172233043,19840.0,65552.1473253674,79630.0,,,19.5950032207342,346637.0,0.01685,285.35738,14.257490158081,37.66,72.577635652792,WB/UNESCO
BRN,2004,0.5,Brunei,37.87,,24423.0946995548,101497.754798655,80403.7579100256,22190.0,71851.9041525055,80400.0,,,29.7156041447864,352911.0,0.03381,291.27185,15.1707801818848,37.87,73.0675067339261,WB/UNESCO
BRN,2005,0.0,Brunei,35.14,,29386.2703822862,99795.6850854526,81534.1715392597,25670.0,81965.3353903048,81530.0,,,36.4663919475782,358916.0,,,15.2498598098755,34.89,73.552870858133,WB/UNESCO
BRN,2006,0.0,Brunei,41.66,,34674.7995236452,102248.510300567,86114.3370632595,30720.0,89844.600347057,86110.0,,,42.1863491609307,364663.0,,,15.2068796157837,41.16,74.0148299904911,WB/UNESCO
BRN,2007,2.5,Brunei,43.81,,36217.3290706015,96752.6204091885,83693.3213712687,33470.0,88185.494016256,84080.0,,,44.68,370873.0,,,15.4847002029419,43.48,74.4344860960786,WB/UNESCO
BRN,2008,0.0,Brunei,50.67,,42156.5685838672,91275.5000919182,80476.7247547419,36700.0,106355.109886155,80750.0,,,46.0,377793.0,,,15.7385101318359,49.61,74.7929411399737,WB/UNESCO
BRN,2009,0.0,Brunei,51.01,,30946.4673773828,87875.8283546044,77957.1442771923,35470.0,84656.8896820608,78300.0,,,49.0,384952.0,,,16.5658493041992,50.18,75.0712970872547,WB/UNESCO
BRN,2010,0.0,Brunei,58.16,24.37979,34937.5555357155,88586.5133683924,79542.6779405687,35370.0,88696.6564916113,78960.0,1.84384000301361,5.30208015441895,53.0,392332.0,,,15.3331604003906,58.16,75.2506559029998,WB/UNESCO
BRN,2011,0.0,Brunei,79.69,,46382.8274255349,90279.6634042123,82735.3914480561,36520.0,106493.054997058,80510.0,3.32213997840881,9.18218994140625,56.0,399389.0,,,17.4244594573975,48.19,75.312125504778,WB/UNESCO
BRN,2012,0.43,Brunei,116.39,,46968.5971164922,89718.4636049982,87256.0422369454,41690.0,107449.91920635,85160.0,2.88964009284973,9.72642040252686,60.27310181,405557.0,,,22.0733509063721,88.89,75.2714233503027,WB/UNESCO
BRN,2013,1.5,Brunei,123.02,,44003.0644273461,86606.6518910199,83237.1470879654,44580.0,102459.920995409,82320.0,,,64.5,411202.0,,,23.4649200439453,91.17,75.1756915148608,WB/UNESCO
BRN,2014,0.0,Brunei,186.05,31.92166,41026.5084247957,83310.6151819533,81225.5485449793,42370.0,97870.5899618861,81150.0,3.35321998596191,9.98460006713867,68.76999664,416750.0,,,30.0799102783203,146.38,75.0572639801502,WB/UNESCO
BRN,2015,0.0,Brunei,174.11,,30625.1287744656,81910.1882959493,62707.8264437741,38180.0,81577.5978308828,65860.0,,,71.19999695,422212.0,,,28.6641292572021,147.24,74.9484620568562,WB/UNESCO
BRN,2016,0.8,Brunei,220.47,18.8945,26663.2972950602,78880.6228501768,56679.5185221407,32570.0,75059.0467386652,60830.0,4.42539978027344,11.4419498443603,90.0,427564.0,,,28.6644096374512,212.13,74.8816070556641,WB/UNESCO
BRN,2017,0.83,Brunei,200.95,,28024.3824580252,78966.8643142346,61657.6802725444,29230.0,78865.7748777346,65320.0,,,94.86669922,432772.0,,,31.2433910195239,187.9,74.8476440654983,WB/UNESCO
BRN,2018,0.0,Brunei,294.39,,30988.1190267227,78099.0507802561,65148.8264035521,28790.0,76807.593403895,65550.0,,,95.0,437810.0,0.27764,,27.9285989469629,269.52,74.8172471714305,WB/UNESCO
BRN,2019,3.96,Brunei,230.03,,30426.5730656528,80228.1598170527,69353.6799514849,31550.0,76665.680258725,71210.0,,,95.0,442680.0,,,27.7715019255456,215.19,74.7923311783673,WB/UNESCO
BRN,2020,2.31,Brunei,292.63,,26834.3592233943,80280.8980640677,69787.9632795717,30810.0,69689.9857076468,71890.0,,,96.30549622,447404.0,,,27.4692556634304,257.49,74.7748108912151,WB/UNESCO
BRN,2021,2.44,Brunei,335.16,,31006.9636289785,78248.797127611,78248.797127611,29890.0,78749.7516450353,78750.0,,,97.62879944,451721.0,,,27.4258937503291,302.38,74.7667316936175,WB/UNESCO
BRN,2022,6.29,Brunei,414.38,,36632.9280952155,76357.829114996,81788.7819525501,30970.0,89081.6602411593,79980.0,,,98.97042579,455370.0,,506.18125,31.1925368707703,375.4,74.7772642014221,WB/UNESCO
BTN,2003,1.0,Bhutan,3.66,,1022.38240311018,6323.5411950973,3942.28144577161,960.0,6300.35380559442,3860.0,,,2.43691239949767,637663.0,,,,3.66,29.6328608739429,WB/UNESCO
BTN,2004,0.0,Bhutan,9.36,,1130.35934606796,6517.99683290216,4172.78217123102,1090.0,6489.68724947932,4080.0,6.12311983108521,18.6066303253174,3.15698419613711,650544.0,,,,9.36,30.2914018195132,WB/UNESCO
BTN,2005,0.0,Bhutan,5.98,14.06839,1299.94938578359,6850.80441609334,4523.3597064081,1260.0,6887.54527003681,4460.0,6.76420021057129,22.8328609466553,3.847100019,661865.0,,,4.87233018875122,5.98,30.9379917831613,WB/UNESCO
BTN,2006,0.5,Bhutan,17.38,,1405.6071618158,7140.85609148376,4860.27017153899,1390.0,7128.6377654734,4840.0,,,4.518300056,670799.0,,,5.12222003936768,17.38,31.5664945864425,WB/UNESCO
BTN,2007,0.0,Bhutan,8.58,,1850.41570433398,8195.07074477912,5728.91569447034,1700.0,8082.68445855613,5650.0,,,5.92,678641.0,,,5.54621982574463,8.58,32.1738216649326,WB/UNESCO
BTN,2008,0.0,Bhutan,6.64,,1919.59774896395,8470.03471622855,6035.21741126562,1850.0,8285.73365835593,5880.0,4.56950998306274,15.1049098968506,6.55,686351.0,,,6.58204984664917,5.97,32.76371954591,WB/UNESCO
BTN,2009,0.0,Bhutan,9.55,13.23095,1918.39599211093,9019.11861272397,6466.09744922318,1980.0,8740.65099814891,6220.0,4.41887998580933,12.8447103500366,7.17,693988.0,,,6.29682016372681,9.55,33.3396804958817,WB/UNESCO
BTN,2010,0.0,Bhutan,18.46,15.11068,2435.5798056672,9985.28455483655,7245.77263498729,2180.0,9621.91307619675,6870.0,3.82318997383118,10.2955198287964,13.6,701632.0,,,6.57718143152316,18.46,33.9051967813552,WB/UNESCO
BTN,2011,0.0,Bhutan,16.25,11.0392,2787.97967608562,10714.686566371,7935.46760973088,2430.0,10238.7713120989,7480.0,4.31658983230591,11.3875102996826,14.39999962,709377.0,,,7.70502526511554,16.25,34.4637606688377,WB/UNESCO
BTN,2012,0.0,Bhutan,16.22,,2751.2128864294,11143.9445354588,8577.40731901004,2620.0,10445.1672522542,7960.0,,,15.60000038,717279.0,,,7.60806024678839,15.97,35.0188644248365,WB/UNESCO
BTN,2013,0.0,Bhutan,28.2,,2679.95217201538,11212.479426698,8666.91063590069,2630.0,10554.5734805987,8120.0,5.16565990447998,15.6869497299194,22.39999962,725273.0,,,10.362939215902,28.2,35.5740003158589,WB/UNESCO
BTN,2014,0.0,Bhutan,28.36,10.3284,2849.49998647303,11744.5189124825,9323.39448941386,2670.0,11180.8154420187,8720.0,5.4618501663208,17.4541397094727,30.29999924,733139.0,,,,28.27,36.1326606084122,WB/UNESCO
BTN,2015,0.0,Bhutan,26.15,,2954.04081911097,12400.2983237391,10213.8139608922,2740.0,11939.0599353684,9550.0,6.92886018753052,25.3450698852539,39.79999924,740618.0,,,,26.08,36.6983375690037,WB/UNESCO
BTN,2016,0.0,Bhutan,43.67,,3152.30905106786,13320.9759036882,11273.2823807676,2880.0,12506.0052182771,10390.0,6.4044599533081,24.3686199188232,46.50320053,747866.0,,,,44.0,37.2745234641407,WB/UNESCO
BTN,2017,0.71,Bhutan,47.63,,3435.28804735662,13482.3425280358,11677.4142659974,2960.0,12568.4642522137,10720.0,6.61724996566772,23.0447292327881,54.33549881,754335.0,,,14.8354989456323,48.3,37.8645544995016,WB/UNESCO
BTN,2018,0.0,Bhutan,53.0,,3400.20417245342,13854.8543977158,11969.5615003305,3150.0,12713.7650229064,10950.0,6.47810983657837,21.8548202514648,63.48680115,759759.0,,,14.9303808051574,53.54,38.4661892776975,WB/UNESCO
BTN,2019,1.81,Bhutan,56.06,,3576.87987100503,14555.1884045845,12909.1009840399,3370.0,13214.3034670111,11830.0,4.50982783818663,18.0860352556706,74.17939758,764824.0,,,15.9420291550317,53.11,39.0746823405146,WB/UNESCO
BTN,2020,1.08,Bhutan,82.17,,3191.66906999331,12979.9369485824,12475.048003428,3040.0,12286.6814868641,11750.0,5.46991778261464,16.2551386021737,76.85079956,770006.0,,,16.8650740250552,79.45,39.6888839873439,WB/UNESCO
BTN,2021,0.0,Bhutan,105.03,,3570.61257980872,13458.812666743,13458.812666743,3300.0,12697.5526242547,12700.0,6.5983860642268,16.9022955201722,85.63688389,775442.0,,,14.7382447141292,106.33,40.3075199874379,WB/UNESCO
BTN,2022,1.5,Bhutan,115.3,,3711.32767981591,14061.3120274588,15061.4232582306,3600.0,12713.9113479367,14280.0,7.46981980280053,22.1064354322847,88.35620117,780914.0,,,14.5780698560857,116.64,40.9365143617581,WB/UNESCO
BWA,2003,0.01,Botswana,122.34,,4230.12326909926,13857.2588264737,10438.7580332684,3300.0,10374.2415831833,9420.0,,,3.3451901740614,1775736.0,,,9.07960033416748,120.34,56.0979233496432,WB/UNESCO
BWA,2004,2.02,Botswana,133.42,,4956.69287735214,13984.8415112641,10818.158650401,3830.0,10145.1456852336,9630.0,,,3.30488925316113,1807146.0,,,9.56877994537354,133.42,57.2582489329358,WB/UNESCO
BWA,2005,0.04,Botswana,123.61,27.86688,5391.07076619634,14361.9576327759,11458.2270967026,4830.0,9943.48253012445,10470.0,10.6785898208618,25.8235301971436,3.262599945,1839877.0,0.53286,,9.23077964782715,121.28,58.4535554684584,WB/UNESCO
BWA,2006,0.28,Botswana,185.14,,5291.58379144849,15275.5828811117,12562.9649933446,5400.0,11125.1473978898,11860.0,,,4.28993297515968,1874516.0,,,10.0698099136353,184.98,59.6421228144112,WB/UNESCO
BWA,2007,1.01,Botswana,152.42,27.49449,5529.12574632532,15850.2343496231,13388.7379132869,5620.0,12286.8769805345,12920.0,9.04666996002197,26.5077896118164,5.28,1911201.0,,,10.2232799530029,151.92,60.7822308289942,WB/UNESCO
BWA,2008,2.5,Botswana,165.71,,5503.07395314313,16040.3153236098,13810.3555256487,5470.0,13301.6431354701,13120.0,,,6.25,1949970.0,,,14.2659397125244,163.63,61.8321593704079,WB/UNESCO
BWA,2009,0.02,Botswana,167.66,41.50944,5082.93388332404,13489.9509168296,11686.184664083,4890.0,12434.2427359412,11580.0,9.8253002166748,20.4773998260498,6.150000095,1990673.0,,,21.9871006011963,167.66,62.7501882968523,WB/UNESCO
BWA,2010,2.5,Botswana,163.97,,6215.73216077919,14545.0198074427,12753.306633595,5370.0,13313.5491112325,12260.0,,23.5505284733403,6.0,2033111.0,,,19.5398902893066,161.53,63.4945974665277,WB/UNESCO
BWA,2011,1.45,Botswana,167.78,,7287.38295334919,15236.7188843522,13635.4267666146,6500.0,15228.3491471428,13550.0,10.8265537416631,24.1945001555283,9.0,2073535.0,,,17.5134506225586,167.71,64.0187810722889,WB/UNESCO
BWA,2012,1.21,Botswana,159.99,,6595.53845015424,14957.6189142932,12736.5833891004,6680.0,14710.5003209527,12540.0,8.1098729741114,21.6718195795171,16.0,2108617.0,0.26759,168.08972,21.6663608551025,156.74,64.3993247826904,WB/UNESCO
BWA,2013,2.13,Botswana,167.45,,6666.91219583487,16369.4252971454,13621.1494726695,6950.0,15438.7261199061,13000.0,8.0172064061589,20.9129197657803,30.0,2140682.0,0.561,179.77334,26.3370990753174,164.95,64.7579735458393,WB/UNESCO
BWA,2014,3.63,Botswana,204.79,,7122.36423421503,17052.1924105361,15003.3197518349,6990.0,17159.1431281234,14550.0,7.88874188960311,22.6601252010259,36.74474744423,2172044.0,,,24.8355648460166,199.19,65.0965122400825,WB/UNESCO
BWA,2015,3.84,Botswana,163.66,,6141.20394726616,15994.9643042101,14143.6940733728,6140.0,15859.3464125885,13670.0,8.39457941644674,23.0535528099878,38.89379883,2203273.0,,,26.8692925538756,157.16,65.4103584313295,WB/UNESCO
BWA,2016,1.33,Botswana,236.02,,6749.05994339013,16905.588740873,16228.1231235664,6060.0,17230.8648843786,14840.0,8.73589296358928,22.0042910314722,41.16859818,2234776.0,,,22.6605855291776,230.56,65.6949296854899,WB/UNESCO
BWA,2017,7.36,Botswana,240.19,,7104.96401088027,17352.8958451454,15700.6650479641,6210.0,16334.0163741814,14370.0,7.80924443947392,22.8162628925243,43.57640076,2266747.0,,,21.4762885165012,234.38,65.9456435684731,WB/UNESCO
BWA,2018,3.3,Botswana,285.21,,7407.95940141786,17825.018569213,15785.819633781,6680.0,16270.9628577758,14320.0,7.9053860532971,22.5610664576916,46.12509918,2299141.0,,,,282.6,66.1579176461888,WB/UNESCO
BWA,2019,22.17,Botswana,308.55,,7172.08956480028,18106.0105471124,15960.0156143903,7100.0,17429.9585747669,15120.0,8.3989966033446,22.3420010369273,48.82279968,2332083.0,,,21.4965480211896,302.06,66.3271694845464,WB/UNESCO
BWA,2020,5.68,Botswana,324.27,,6323.2974967659,16289.3913582645,15292.2624673252,6600.0,17157.8812701988,15320.0,8.05833660991541,21.4650874064137,51.67819977,2365894.0,,,22.4017870513653,319.29,66.4488166494554,WB/UNESCO
BWA,2021,1.53,Botswana,386.48,,7807.88794570471,17960.6254447437,17960.6254447437,7440.0,17788.0035233603,17790.0,,,54.70069885,2401441.0,,,21.2032904951187,377.36,66.5182767068255,WB/UNESCO
BWA,2022,8.73,Botswana,392.69,,8328.7090572666,18647.3734588832,19973.6684436048,7690.0,17942.4854614409,18660.0,,,57.9,2439892.0,,,20.7095613715302,391.01,66.5889787170477,WB/UNESCO
CAF,2003,1.0,Central African Republic,10.41,,278.403992150941,1191.8731520062,648.193215392582,250.0,,650.0,1.53979003429413,12.0125799179077,0.151563337940017,4103086.0,,,,10.41,37.8863171931924,WB/UNESCO
CAF,2004,1.88,Central African Republic,10.4,,303.461321152782,1236.28534712166,690.426514033138,290.0,,680.0,1.6245299577713,12.0471296310425,0.223401395464406,4192826.0,,,1.66786003112793,10.4,37.9626889392062,WB/UNESCO
CAF,2005,0.0,Central African Republic,8.36,,311.950023138687,1219.5939445674,702.460624585457,320.0,,700.0,1.65222001075745,9.66650009155273,0.26820001,4288810.0,,,,8.36,38.0448510426866,WB/UNESCO
CAF,2006,0.0,Central African Republic,13.25,22.81854,333.942519903031,1251.87082171335,743.287480213261,330.0,,740.0,1.41506004333496,10.0542402267456,0.311199993,4377579.0,,,1.08675003051758,13.25,38.134433681123,WB/UNESCO
CAF,2007,0.75,Central African Republic,8.41,21.28217,380.887048839475,1284.55283590666,783.35544524813,360.0,,780.0,1.31332004070282,9.86948013305664,0.375815961044797,4462770.0,,,,8.41,38.2343339436079,WB/UNESCO
CAF,2008,0.25,Central African Republic,10.14,17.48191,437.24827472489,1283.2728263106,797.652806137934,390.0,,790.0,1.29000997543335,7.8600001335144,1.0,4558984.0,,,2.16495990753174,10.14,38.3474489192338,WB/UNESCO
CAF,2009,0.53,Central African Republic,11.05,22.71604,456.471673898404,1402.68164770801,877.252131113683,460.0,1339.29056465126,870.0,1.25458002090454,7.84172010421753,1.799999952,4529047.0,,,2.30814003944397,10.89,38.476675697093,WB/UNESCO
CAF,2010,0.1,Central African Republic,14.24,20.47402,476.873786950728,1479.41367757692,936.485497340864,500.0,1390.37922180181,940.0,1.11760997772217,6.47537994384766,2.0,4492995.0,,,2.53881001472473,13.24,38.6244963104203,WB/UNESCO
CAF,2011,0.0,Central African Republic,15.27,27.29113,534.057281471636,1517.14839091011,980.185520951852,510.0,1354.33957562597,980.0,1.10792005062103,7.8254599571228,2.200000048,4565021.0,,,2.95497989654541,15.3,38.8030669465007,WB/UNESCO
CAF,2012,0.31,Central African Republic,10.58,,544.395849142785,1577.98053252253,1062.06809941049,540.0,1385.26885299453,1070.0,1.98034724839473,10.6165691254814,2.400000095,4610848.0,,,2.77519989013672,10.58,39.0301696038517,WB/UNESCO
CAF,2013,0.0,Central African Republic,12.59,,364.36696260838,996.896355923912,709.853481245446,360.0,844.817307828475,720.0,2.63821423826355,8.08344390393141,2.5,4642419.0,,,,12.59,39.3042963482777,WB/UNESCO
CAF,2014,0.29,Central African Republic,17.22,,409.8504859647,1001.85598053496,698.963738923072,380.0,835.554969794878,710.0,2.22015331698693,9.38718751677231,2.700000048,4623182.0,,,,17.22,39.6226521868738,WB/UNESCO
CAF,2015,0.07,Central African Republic,12.65,,366.322853938121,1043.92171697157,768.870887999174,390.0,878.504923003059,780.0,1.9102285875012,8.38674186180161,2.900000095,4629320.0,,,,12.65,39.9824421267351,WB/UNESCO
CAF,2016,0.08,Central African Republic,27.42,,387.176203444318,1073.94477703739,826.013301383169,400.0,917.374772712062,840.0,1.75408898250234,7.31902194047271,3.099999905,4713663.0,,,,27.42,40.3808711749566,WB/UNESCO
CAF,2017,0.0,Central African Republic,18.45,,432.324025684263,1103.86609318724,883.810734876066,420.0,968.232930318986,930.0,1.75365013911465,8.89504990083298,4.0,4793511.0,,,,17.35,40.8151443386334,WB/UNESCO
CAF,2018,0.24,Central African Republic,21.89,,455.243962859534,1125.70091748228,905.817788941094,470.0,1205.98994124745,970.0,1.56587596817535,9.13549641953096,5.099999905,4878657.0,,,,21.89,41.2824666248606,WB/UNESCO
CAF,2019,0.0,Central African Republic,16.74,,449.228467602439,1145.09563657752,984.843183678857,500.0,1229.36618041626,1060.0,1.76792074637361,9.79781209629898,7.509200096,4944703.0,,,,18.1,41.7800430407332,WB/UNESCO
CAF,2020,0.1,Central African Republic,19.56,,462.879071294011,1136.57052993758,1066.29005423151,490.0,1200.16798764072,1130.0,2.14468061163977,9.78244273272612,,5026628.0,,,,19.03,42.3050785933463,WB/UNESCO
CAF,2021,0.3,Central African Republic,15.27,,492.263142830507,1128.55237996459,1128.55237996459,510.0,1205.55490803321,1210.0,1.8725169173301,9.08869199724264,,5112100.0,,,,17.31,42.8547782897949,WB/UNESCO
CAF,2022,0.33,Central African Republic,19.82,,467.359825026238,1136.80171107045,1217.6567661451,520.0,1200.59438009975,1280.0,2.11509129476365,10.7420521886098,13.75360012,5098039.0,,,,22.39,43.2751967457285,WB/UNESCO
CAN,2003,1269.86,Canada,38722.16,,28301.9097055898,50139.7664579994,32349.9345219415,25480.0,46498.8966303574,31550.0,,,64.2,31642461.0,1.96782,3888.4744,,38377.14,79.391380674239,WB/UNESCO
CAN,2004,1414.74,Canada,42633.37,,32145.5653280273,51210.6593966138,33929.3190847041,29530.0,48328.983808671,33200.0,,,65.9559634648989,31938807.0,1.99735,4076.68444,,42306.26,79.6923063348315,WB/UNESCO
CAN,2005,1473.45,Canada,47844.97,,36383.9671341396,52356.5371486354,36328.6856550606,34310.0,50044.9465926112,35590.0,4.76589012145996,12.1780700683594,71.66,32242732.0,1.97127,4234.36344,,47389.28,79.9760615882965,WB/UNESCO
CAN,2006,1539.75,Canada,50605.96,,40504.8490329826,53195.7608573851,38123.41278744,37900.0,51224.4321021444,37520.0,,,72.40000153,32571193.0,1.94304,4315.13916,,50033.51,80.219066099279,WB/UNESCO
CAN,2007,1672.74,Canada,51979.5,36.81221,44660.0838892281,53761.8407991685,39572.9304428478,41540.0,52310.8307619197,38990.0,4.76642990112305,12.3285598754883,73.2,32888886.0,1.90358,4596.69506,63.8298110961914,51356.88,80.4425615136782,WB/UNESCO
CAN,2008,1796.72,Canada,53779.61,34.44431,46710.3654423328,53711.6580329654,40376.1857492114,44930.0,53018.7883894297,39780.0,4.62612009048462,12.0099601745606,76.69999695,33247298.0,1.85578,4725.99112,64.3074111938477,53099.7,80.6628944916604,WB/UNESCO
CAN,2009,1900.58,Canada,55876.68,36.06861,40874.9612318547,51552.4020321975,38863.3227540035,43230.0,49193.4699369911,38190.0,4.84057998657227,12.4836397171021,80.3,33630069.0,1.91742,4466.14043,63.6236991882324,55233.35,80.8591838893921,WB/UNESCO
CAN,2010,1977.84,Canada,56793.27,35.38945,47560.8378831258,52558.4200617806,40103.2558649524,44490.0,50812.6382169301,39310.0,5.35637998580933,12.3359603881836,80.3,34005902.0,1.82504,4664.07888,61.8845901489258,56042.72,81.0120892252937,WB/UNESCO
CAN,2011,2009.9,Canada,57715.63,35.5994,52224.1237767406,53681.1084809345,41667.0488390843,47190.0,52458.1772242131,40880.0,5.26204013824463,12.2191400527954,83.0,34339221.0,1.78714,4802.7188,63.1586990356445,57031.1,81.1031425434213,WB/UNESCO
CAN,2012,2176.49,Canada,59761.57,,52670.1429540952,54034.7821680318,42291.8109156785,51080.0,52628.1481788593,41540.0,,,83.0,34713395.0,1.77303,4652.42914,63.603271484375,59027.18,81.1513483248791,WB/UNESCO
CAN,2013,2271.56,Canada,60074.83,,52637.7313222622,54712.1568593677,44300.7302100096,52800.0,53534.6570460475,43630.0,4.58899021148682,11.2129096984863,85.80000305,35080992.0,1.70624,4647.61399,65.7477188110352,59395.91,81.183439957458,WB/UNESCO
CAN,2014,2450.61,Canada,60858.96,,50960.8942086685,55723.4615652506,45758.1466048816,52200.0,54212.1393018688,45020.0,4.84358978271484,12.1208801269531,87.12000275,35434066.0,1.71482,4564.22043,67.1677017211914,59960.13,81.211183161556,WB/UNESCO
CAN,2015,2352.03,Canada,61391.62,,43594.2379080706,55660.8455840759,44668.1361640155,47580.0,52945.7659764118,43980.0,4.73936986923218,12.351619720459,90.0,35704498.0,1.6936,4545.96875,67.2690963745117,60588.44,81.2465670276699,WB/UNESCO
CAN,2016,2375.01,Canada,61324.12,,42314.1033623905,55606.1329948184,46470.6925239685,43900.0,52857.2453374106,45900.0,4.81642007827759,12.0354995727539,91.16000366,36110803.0,1.72903,4400.49278,69.2459411621094,60472.16,81.3023011093703,WB/UNESCO
CAN,2017,2467.79,Canada,61601.66,,45129.7335281051,56612.3062191777,48317.500303004,42900.0,54426.6495806444,47700.0,4.95998001098633,12.1707401275635,92.70140076,36545075.0,1.68702,4429.05796,70.2687072753906,61097.54,81.4018945832226,WB/UNESCO
CAN,2018,2431.14,Canada,63648.46,,46539.2177903178,57337.4682870033,49982.6446255492,45060.0,54995.7728379043,49130.0,4.88898992538452,12.0848703384399,94.64,37072620.0,1.7372,4715.91861,69.3507232666016,62472.64,81.5500341646653,WB/UNESCO
CAN,2019,2516.64,Canada,64546.67,,46352.9695208927,57583.8230739204,50499.0822425462,46580.0,55342.7798375405,49900.0,4.77293014526367,11.7379398345947,91.91290283,37618495.0,1.75578,4850.93689,73.1128768920898,63284.54,81.7363672047941,WB/UNESCO
CAN,2020,2564.62,Canada,65331.55,,43537.8981198851,54092.8576890836,48590.748859725,43900.0,51712.853865894,48240.0,4.88794994354248,12.0423498153687,92.3,38028638.0,1.93413,5155.65021,75.2389068603516,64548.83,81.9509888710566,WB/UNESCO
CAN,2021,2946.11,Canada,69684.17,,52886.6407813788,56995.0952020711,56995.0952020711,49080.0,56471.2680552037,56470.0,4.74858999252319,9.0687198638916,93.93710327,38239864.0,1.87064,5507.58596,79.7657318115234,68647.82,82.1779279079275,WB/UNESCO
CAN,2022,3101.37,Canada,69051.87,,56496.9275340663,58583.1299860138,64217.0443455227,54070.0,58472.4354961282,63290.0,4.84426021575928,10.6535596847534,94.0,38950132.0,1.81291,5624.26883,78.8488311767578,66751.03,82.3500897353968,WB/UNESCO
CHE,2003,183.52,Switzerland,13301.5,27.0848,49947.3910175152,68521.3420292943,39217.5580054547,47270.0,77025.9492230357,41670.0,5.38400983810425,16.1994209289551,65.1,7339001.0,,,43.0505409240723,13010.86,73.4518762174754,WB/UNESCO
CHE,2004,208.06,Switzerland,14278.45,27.942,55349.6164595028,69812.378758031,40683.8614431803,55630.0,77958.4141367546,43090.0,5.3142900466919,16.096399307251,67.8,7389625.0,2.60818,3451.74588,44.8805198669434,13974.28,73.4761317507392,WB/UNESCO
CHE,2005,252.37,Switzerland,15614.51,25.95954,57080.0704338193,71414.3495582368,42142.9474311978,63630.0,80699.7308111348,45500.0,5.08472013473511,15.703989982605,70.1,7437115.0,,,45.2465286254883,15283.36,73.4951000915434,WB/UNESCO
CHE,2006,241.3,Switzerland,16657.93,26.59321,59910.293405504,73901.6149628577,46980.7361703296,66250.0,82509.5451370874,50280.0,4.84120988845825,15.8538799285889,75.7,7483934.0,,,46.2847785949707,16311.16,73.5115823179813,WB/UNESCO
CHE,2007,299.96,Switzerland,17063.84,25.4512,66082.1233977532,76161.5600232116,51786.0095983917,65160.0,79411.9844190336,52000.0,4.58396005630493,15.5604200363159,77.2,7551117.0,,,47.8155517578125,16591.72,73.5283795081459,WB/UNESCO
CHE,2008,367.93,Switzerland,17517.85,23.99906,75147.5376709155,77103.7188320632,54514.1506081639,65820.0,74735.8494868871,50970.0,4.75724983215332,15.8850402832031,79.2,7647675.0,2.65296,3313.52642,49.6888809204102,16913.76,73.5482927401305,WB/UNESCO
CHE,2009,399.29,Switzerland,18057.17,25.14305,72788.2049524379,74672.9512725807,53874.2782377773,73030.0,78877.190088893,54650.0,4.92561006546021,15.5221395492554,81.3,7743831.0,,,50.3034515380859,17533.1,73.5741230920283,WB/UNESCO
CHE,2010,440.27,Switzerland,18894.59,25.30709,77956.1262043942,76308.8064520802,55445.6775606878,80400.0,84022.8762438539,58300.0,4.80210018157959,15.2876396179199,83.9,7824909.0,,,52.8040618896484,18178.37,73.6086716419323,WB/UNESCO
CHE,2011,459.31,Switzerland,19935.07,25.99618,91910.3964565203,76527.3361539945,58404.5879736888,82540.0,81043.505685372,58770.0,4.85663986206055,15.4470500946045,85.1930281804854,7912398.0,,,53.1352806091309,19357.4,73.65058748615,WB/UNESCO
CHE,2012,502.99,Switzerland,20963.19,26.3081,87269.5594780124,76570.2378987121,60433.500996161,88060.0,82169.7870259257,61460.0,4.89862012863159,15.474570274353,85.2,7996861.0,2.87456,4497.48676,54.835620880127,20375.28,73.7522629583622,WB/UNESCO
CHE,2013,603.61,Switzerland,21599.81,26.14603,88851.2374497983,77084.6656456739,62748.9298592904,92160.0,81838.0541049394,63790.0,4.91392993927002,15.0943098068237,86.34,8089346.0,,,56.1812400817871,21320.48,74.1121384785551,WB/UNESCO
CHE,2014,602.79,Switzerland,22166.96,26.37799,90511.6484558843,78086.6805249841,64694.0744212256,90030.0,81090.1295605901,64660.0,4.93057012557983,15.3216896057129,83.6172512621702,8188649.0,,,58.0650596618652,21607.98,74.7402679059582,WB/UNESCO
CHE,2015,616.39,Switzerland,22207.15,26.2626,85265.06205193,78325.7487417695,66418.7989292294,88150.0,82695.3439814735,66930.0,4.99560022354126,15.3883600234985,87.4790555978675,8282396.0,3.04577,5310.67497,60.8185615539551,21749.37,75.6044960143169,WB/UNESCO
CHE,2016,644.89,Switzerland,22401.11,26.00316,83432.4111596314,78956.0667315042,68399.5779033573,84250.0,81063.922138069,67640.0,4.98164987564087,15.3604698181152,89.1346877351392,8373338.0,,,61.1939888000488,22041.04,76.6726675773771,WB/UNESCO
CHE,2017,638.47,Switzerland,23044.72,,83610.248611484,79333.7437810881,69317.5993921633,81790.0,80014.680950989,68110.0,5.01765012741089,15.4610500335693,89.6861476710225,8451840.0,3.04671,5257.57173,62.4597206115723,22610.58,77.9126273688843,WB/UNESCO
CHE,2018,675.67,Switzerland,22749.87,,87002.3382293532,81371.8944120855,72169.4717767024,84760.0,79804.7379431147,70030.0,4.9300799369812,15.5259704589844,91.80000305,8514329.0,,,64.3533935546875,22272.17,79.2922201625844,WB/UNESCO
CHE,2019,659.11,Switzerland,23076.47,,85872.9702303454,81694.630652314,75267.0079269626,84160.0,80262.1193909171,72030.0,5.01438999176025,15.676739692688,93.1460869535177,8575280.0,3.14983,5561.84719,66.3093414306641,22460.04,80.7792907322229,WB/UNESCO
CHE,2020,727.96,Switzerland,23656.76,,87529.7016394892,79270.8713687141,74384.6631232325,83150.0,76449.7910532268,71700.0,5.27676010131836,14.2745599746704,94.34999847,8638167.0,,,68.0676422119141,23197.82,82.3416838515457,WB/UNESCO
CHE,2021,788.67,Switzerland,25078.21,,96582.8687080693,83524.9832880195,83524.9832880195,91900.0,80842.2104697641,80840.0,5.02535009384155,14.6093101501465,95.56937154,8704546.0,3.24862,6003.41115,71.893928527832,24649.1,84.2006477608879,WB/UNESCO
CHE,2022,835.82,Switzerland,24247.97,,97809.095567203,85762.2829174304,94629.7224204886,97920.0,84338.6402923913,91180.0,4.86427021026611,15.4151697158813,96.45279694,8777088.0,,,74.1526794433594,23935.67,84.9206266284521,WB/UNESCO
CHL,2003,14.96,Chile,2100.02,13.1512,4773.40177520754,18907.3458745755,10708.3644963118,4570.0,15071.131091673,10170.0,3.91868996620178,17.6372203826904,25.4737788864723,16024752.0,,,43.5181999206543,2092.94,86.6792973033246,WB/UNESCO
CHL,2004,21.61,Chile,2248.21,15.1174,6120.59152055344,19966.7093106095,11612.4368780779,5200.0,16311.6504519652,10760.0,3.54307007789612,17.0210494995117,28.1779101232438,16187322.0,,,44.3284606933594,2239.56,86.7336754490112,WB/UNESCO
CHL,2005,23.34,Chile,2533.92,13.96576,7480.32330998636,20923.479756183,12550.4348007645,6200.0,17480.6766105569,11560.0,3.28016996383667,16.199089050293,31.1753006,16348778.0,,,50.2735595703125,2518.15,86.7768244484887,WB/UNESCO
CHL,2006,29.94,Chile,3132.37,14.81158,9318.65655296121,21973.7382914389,15510.7700739452,7350.0,19372.4464105726,13850.0,3.04014992713928,16.2312793731689,34.4977511736017,16509195.0,,,49.3216896057129,3102.29,86.8125123390851,WB/UNESCO
CHL,2007,52.06,Chile,3293.8,15.31078,10346.4138184533,22884.2997108846,16697.5160217416,8700.0,20555.4314416163,15060.0,3.2331600189209,16.7464103698731,35.90000153,16671581.0,0.31143,334.61639,54.7230491638184,3236.19,86.8445071581285,WB/UNESCO
CHL,2008,53.18,Chile,3759.34,14.51448,10683.2188772511,23515.3473178269,16375.9648536011,9950.0,19744.7424070333,15090.0,3.79189991950989,17.4011306762695,37.29999924,16838988.0,0.37492,355.67666,56.7743988037109,3664.19,86.8765769429469,WB/UNESCO
CHL,2009,59.52,Chile,3981.25,15.60172,10098.8017167286,23019.0299454094,15951.3304877878,9880.0,19928.5763151367,14860.0,4.25475978851318,17.0356101989746,41.56,17009731.0,0.35403,287.11073,59.9912910461426,3837.94,86.9124897308683,WB/UNESCO
CHL,2010,68.67,Chile,4235.52,22.32997,12632.8704724192,24122.4787924386,17917.8951217097,10720.0,21986.3677113676,16760.0,4.18953990936279,17.8533096313477,45.0,17181464.0,0.33165,318.2091,66.3445205688477,4090.43,86.9560135592209,WB/UNESCO
CHL,2011,70.93,Chile,4534.62,21.79243,14487.3927832032,25372.2741480772,20121.6834214209,11860.0,22510.1031955938,18370.0,4.06173992156982,17.7475700378418,52.2496072877744,17351816.0,0.35288,352.01898,70.8241806030273,4386.74,87.0109164653326,WB/UNESCO
CHL,2012,97.11,Chile,5059.05,,15241.9069981119,26676.8110154019,21366.1771264909,14170.0,23942.7560713249,20200.0,,,55.04999924,17519119.0,0.36213,389.87508,75.0770721435547,4871.85,87.0824943735696,WB/UNESCO
CHL,2013,90.11,Chile,5099.24,25.61457,15683.5486369155,27297.8185145366,22201.0660684337,15080.0,24553.1072240481,21210.0,4.54814004898071,19.6776504516602,58.0,17687006.0,0.39031,334.78846,79.8703384399414,4894.72,87.1827777654221,WB/UNESCO
CHL,2014,113.49,Chile,5871.42,24.69634,14529.6767206336,27511.5610030404,22553.6161787372,14690.0,24545.7659686087,21550.0,4.75168991088867,19.9210090637207,61.11000061,17864195.0,0.37668,426.80476,83.6629791259766,5580.79,87.3133701497978,WB/UNESCO
CHL,2015,178.16,Chile,6161.44,25.68189,13433.9202987032,27817.9584848024,22468.3125745547,14080.0,25126.7873947155,21920.0,4.90390014648438,19.5937099456787,76.6295919508796,18047625.0,0.38296,455.29183,86.4181137084961,5788.72,87.4653320342387,WB/UNESCO
CHL,2016,153.94,Chile,6774.99,25.39554,13649.8520452803,27965.3473526831,23256.5036042211,13310.0,25409.6529623683,22610.0,5.36645984649658,21.1555995941162,83.5585860244169,18267221.0,0.37103,495.36438,88.8458862304688,6371.23,87.6306290578181,WB/UNESCO
CHL,2017,180.3,Chile,6921.66,25.15363,14879.9086227187,27899.5979777012,24295.223766602,13200.0,25661.3693477064,23350.0,5.43278980255127,21.3112392425537,82.3274869338464,18558868.0,0.35679,494.62971,89.921989440918,6637.65,87.8000295757281,WB/UNESCO
CHL,2018,204.85,Chile,7572.42,,15659.4808675628,28499.4064000406,25305.0903462611,14460.0,25962.3662725611,24270.0,5.473060131073,21.3660697937012,84.90000153,18893191.0,0.36916,523.65457,91.1974792480469,7148.06,87.9620493753008,WB/UNESCO
CHL,2019,205.33,Chile,8012.18,,14496.9345640362,28227.9790507594,25613.9095717623,14700.0,25672.0332178809,24650.0,5.62629985809326,21.2336292266846,85.01760101,19197744.0,0.34243,507.31033,92.0659713745117,7479.71,88.1273685623538,WB/UNESCO
CHL,2020,246.71,Chile,9032.26,,13117.9930230086,26258.4038553242,25357.0056990873,12960.0,23962.9781219747,23770.0,5.62992000579834,19.3545894622803,87.45929718,19370624.0,0.33525,515.32026,89.1124877929688,8380.99,88.2953490438375,WB/UNESCO
CHL,2021,312.32,Chile,9990.88,,16216.1840860289,29106.6356522053,29106.6356522053,14790.0,27460.3764496015,27460.0,5.00225019454956,14.8808498382568,90.23280334,19456334.0,0.36063,638.83802,96.2227935791016,9319.43,88.4660511664452,WB/UNESCO
CHL,2022,338.49,Chile,9057.77,,15399.1044717559,29560.4513805785,30918.9258262719,15430.0,27294.8454747724,29410.0,4.91201019287109,18.3798809051514,92.31819916,19553036.0,0.39205,707.0557,99.3372802734375,8443.63,88.6395352768685,WB/UNESCO
CHN,2003,143.37,China,88585.08,,1306.97245408557,5191.78118308167,4006.97738785418,1300.0,,3980.0,,,6.2,1288400000.0,1.10465,667.9285,14.513970375061,87585.89,40.5302314758301,WB/UNESCO
CHN,2004,167.34,China,121751.14,,1530.92726215723,5684.3881718733,4505.14251370017,1530.0,,4490.0,,,7.3,1296075000.0,1.19732,713.42588,16.9004402160644,120909.26,41.7600135803223,WB/UNESCO
CHN,2005,183.86,China,165867.16,,1777.64496828464,6298.29929808598,5148.20803892204,1790.0,,5110.0,,,8.52325700269541,1303720000.0,1.29008,856.65892,18.6565208435059,165261.51,42.9899978637695,WB/UNESCO
CHN,2006,202.13,China,192881.56,,2129.25696999613,7057.11131595304,5946.34819286615,2090.0,,5940.0,,,10.5231526193851,1311020000.0,1.34923,931.20148,20.5667705535889,192021.09,44.3430099487305,WB/UNESCO
CHN,2007,245.62,China,213648.18,,2734.72709877693,8013.78375739131,6935.38510367109,2550.0,,6950.0,,,16.0,1317885000.0,1.35321,1076.73747,21.4715595245361,212955.37,45.8892440795898,WB/UNESCO
CHN,2008,302.87,China,248120.21,,3523.44302065213,8743.7020031299,7712.87538816599,3140.0,,7760.0,,,22.6,1324655000.0,1.4233,1197.58885,21.8667392730713,246969.98,46.9895057678223,WB/UNESCO
CHN,2009,417.34,China,285755.68,,3898.24459158811,9518.68128351945,8448.27749022094,3740.0,,8430.0,,,28.9,1331260000.0,1.6366,861.24883,23.2886295318604,284471.05,48.3417053222656,WB/UNESCO
CHN,2010,487.34,China,309193.41,,4629.24551710077,10476.1525652407,9411.07660848621,4410.0,,9370.0,,,34.3,1337705000.0,1.68456,898.85545,25.2883066277701,307848.3,49.2340270628041,WB/UNESCO
CHN,2011,628.8,China,323331.81,,5703.76027973346,11404.9179835542,10456.7916826113,5130.0,,10360.0,,,38.3,1345035000.0,1.75244,972.01743,26.7875039907406,320967.39,51.8300285339355,WB/UNESCO
CHN,2012,803.67,China,329067.39,,6405.0574241349,12217.9343813101,11420.2527051141,6010.0,,11390.0,,,42.30009842,1354190000.0,1.88095,1028.98334,29.3081906903292,326400.8,53.1003112792969,WB/UNESCO
CHN,2013,838.97,China,355650.59,,7147.03518622344,13080.8787864744,12228.3736084197,6860.0,,12130.0,,,45.79999924,1363240000.0,1.96246,1079.63795,32.7191603158803,351525.76,54.4900016784668,WB/UNESCO
CHN,2014,1015.73,China,385100.77,,7781.06597484974,13968.5187785922,12941.5964809146,7600.0,,12960.0,,,47.90000153,1371860000.0,1.98475,1101.80087,43.7110051016854,379465.82,55.7502555847168,WB/UNESCO
CHN,2015,1321.98,China,406733.9,,8175.33285077393,14857.1088234405,13463.3331511105,8040.0,,13400.0,,,50.29999924,1379860000.0,2.01703,1162.7108,47.1192619330726,401135.63,57.3297843933105,WB/UNESCO
CHN,2016,1471.47,China,436613.57,,8254.86859320357,15772.8372607502,14157.2514988004,8360.0,,14090.0,,,53.2,1387790000.0,2.0595,1208.86205,49.309077375597,430349.69,58.8399238586426,WB/UNESCO
CHN,2017,1717.5,China,468712.74,,8979.67652709856,16758.0463976858,15022.4371883124,8830.0,,15000.0,,,54.3,1396215000.0,2.07771,1235.84935,51.0678812273407,464153.83,60.2402687072754,WB/UNESCO
CHN,2018,2003.75,China,532295.26,,10085.6638148819,17807.0490552244,16298.2050619109,9720.0,,16230.0,,,65.35839844,1402760000.0,2.10232,1317.48914,53.3987984572814,513575.22,61.5001983642578,WB/UNESCO
CHN,2019,2490.9,China,617494.48,,10342.9009524335,18820.5871645645,17600.8907568493,10510.0,,17550.0,,,64.080881297515,1407745000.0,2.20144,1483.85803,56.6050917923292,608625.08,62.7099151611328,WB/UNESCO
CHN,2020,3112.11,China,672734.7,,10627.4637989619,19215.1012491012,18267.4783455827,10740.0,,18120.0,,,70.05275998,1411100000.0,2.35712,1600.30633,61.6124675996947,671731.01,63.5234230266258,WB/UNESCO
CHN,2021,4799.64,China,766200.41,,12887.4357242941,20843.2978347377,20843.2978347377,12220.0,20701.1336318515,20700.0,,,73.05323517,1412360000.0,2.38165,1685.97511,66.8186077597542,756203.38,64.721076965332,WB/UNESCO
CHN,2022,7698.64,China,898949.09,,12970.6056414327,21499.3125559757,23028.4517927066,13170.0,,22840.0,,,75.61131603,1412175000.0,2.4945,1849.23669,71.5799465086024,885962.5,65.2176361083984,WB/UNESCO
CIV,2003,0.53,Côte d'Ivoire,99.37,18.69688,1111.17135087887,4060.03041319294,2701.74168485872,580.0,,1660.0,2.8643798828125,22.648229598999,0.758669629452205,19125542.0,,,,99.04,44.2593744150531,WB/UNESCO
CIV,2004,1.1,Côte d'Ivoire,107.13,20.22161,1199.82524528546,4088.97542020506,2794.17325721544,710.0,,1760.0,2.91176009178162,22.1071605682373,0.849282414747704,19595000.0,,,,106.13,44.667357886658,WB/UNESCO
CIV,2005,1.86,Côte d'Ivoire,102.07,20.0,1197.74616979415,4032.27570780036,2841.82308795836,850.0,,1940.0,2.91943001747131,21.8456897735596,1.039199948,20068458.0,,63.99303,,100.07,45.082298743724,WB/UNESCO
CIV,2006,0.0,Côte d'Ivoire,100.1,21.9331,1230.43056838584,4049.29028298687,2941.82141170605,850.0,,1990.0,2.81998991966248,20.0178909301758,1.52489996,20546802.0,,,,99.53,45.5035131674326,WB/UNESCO
CIV,2007,0.0,Côte d'Ivoire,119.18,23.9028,1367.53817722326,3999.72054350731,2984.53472149065,880.0,,2030.0,3.01614999771118,20.755880355835,1.799999952,21030558.0,,,7.9370698928833,116.52,45.930317338965,WB/UNESCO
CIV,2008,3.17,Côte d'Ivoire,165.66,23.77474,1583.97066701372,4096.75377364759,3115.83789176753,1000.0,2569.31778310873,2140.0,3.09853005409241,21.5269107818604,1.899999976,21514439.0,,,7.48366022109985,163.97,46.3620274395029,WB/UNESCO
CIV,2009,3.51,Côte d'Ivoire,150.0,21.93434,1540.45393569596,4151.08431510133,3176.63242423806,1080.0,2705.40457893005,2200.0,3.1739399433136,22.1895599365234,2.0,21997940.0,,,7.18858003616333,149.0,46.7979596502274,WB/UNESCO
CIV,2010,1.87,Côte d'Ivoire,155.06,22.23469,1553.54887048143,4338.68457800736,3360.54408815073,1120.0,2982.11524814272,2310.0,3.24651002883911,22.7727508544922,2.700000048,22488065.0,,,6.53099472386889,153.94,47.2374301523201,WB/UNESCO
CIV,2011,0.0,Côte d'Ivoire,180.31,25.85954,1596.62826565998,4017.43753814324,3175.9192237076,1020.0,2697.8727355599,2110.0,2.8657500743866,22.4268608093262,2.900000095,22982000.0,,,2.92101759305363,178.81,47.6797551269623,WB/UNESCO
CIV,2012,2.11,Côte d'Ivoire,185.59,24.76669,1546.9460184731,4234.21187719492,3290.72306949457,1140.0,2837.87849458478,2350.0,3.43445992469788,20.8587608337402,4.400000095,23467078.0,,,,180.76,48.1242507553354,WB/UNESCO
CIV,2013,0.76,Côte d'Ivoire,157.68,24.89689,1786.15862031324,4597.22035890241,3619.01790854865,1240.0,3142.41443415954,2530.0,3.45859003067017,21.5747299194336,6.599999905,23939775.0,,,7.35426503598509,151.95,48.5702332186208,WB/UNESCO
CIV,2014,0.47,Côte d'Ivoire,181.43,21.02246,1991.36539423404,4907.61080546543,4074.21445539789,1860.0,4701.56169395485,4000.0,3.31416988372803,21.7667808532715,10.0,24527395.0,,,7.73897659286671,178.71,49.0173144557368,WB/UNESCO
CIV,2015,0.29,Côte d'Ivoire,177.4,21.4443,1814.71855088017,5110.90021438908,4403.64296618998,1880.0,4999.8775592249,4310.0,3.49412989616394,21.1732196807861,38.4400001654616,25246342.0,,,8.46433224598306,172.93,49.4694894689553,WB/UNESCO
CIV,2016,1.24,Côte d'Ivoire,174.13,21.8988,1862.59597081287,5320.88582199186,4530.64849808487,1880.0,5240.21523970895,4430.0,3.93593001365662,22.3875999450684,41.2078149304414,25989405.0,0.06975,,8.89557845705252,166.03,49.929991034032,WB/UNESCO
CIV,2017,1.97,Côte d'Ivoire,205.54,26.03471,1964.29930338343,5556.1547631509,4690.17801861096,1870.0,5287.91620673945,4550.0,3.73654007911682,20.6334991455078,43.8399208514876,26733372.0,,,9.52488768872621,197.4,50.3977309654344,WB/UNESCO
CIV,2018,1.75,Côte d'Ivoire,248.35,14.02777,2130.86619381144,5670.24199741353,4945.62520575915,2010.0,5362.7698466257,4810.0,3.21164989471436,18.2889003753662,37.5465361301281,27464173.0,,,,244.56,50.8718477756395,WB/UNESCO
CIV,2019,3.91,Côte d'Ivoire,241.19,,2141.76836170115,5894.92235259103,5516.39055126829,2120.0,5569.26585068184,5360.0,3.4130699634552,19.8460693359375,36.2889545655205,28193009.0,,,10.3256981639741,300.69,51.3514799771241,WB/UNESCO
CIV,2020,2.94,Côte d'Ivoire,249.23,,2179.72934832935,5787.85814696561,5543.85096318939,2120.0,5568.74468092295,5380.0,3.78674006462097,18.5902500152588,36.01660156,28915449.0,,,10.2664091345849,294.57,51.8357660823651,WB/UNESCO
CIV,2021,2.7,Côte d'Ivoire,334.45,,2455.98127641148,6045.20480490881,6045.20480490881,2300.0,5859.4017529188,5860.0,3.32717990875244,16.2662792205811,35.95069885,29639736.0,,,10.7725833415282,394.35,52.3183461956059,WB/UNESCO
CIV,2022,3.96,Côte d'Ivoire,297.65,,2333.37128301259,6272.26395760029,6718.37891572875,2440.0,6034.06911113683,6500.0,3.47484993934631,15.9030103683472,38.41328122,30395002.0,,,11.1134926507622,349.61,52.8492549676673,WB/UNESCO
CMR,2003,1.7,Cameroon,212.67,,988.241276791846,4054.78133246517,2368.10119475634,820.0,3683.35915499731,2290.0,2.82259011268616,21.4420204162598,0.587622611130454,16160340.0,,,5.22031021118164,212.25,47.7325523560061,WB/UNESCO
CMR,2004,1.11,Cameroon,212.83,10.3624,1133.39326749673,4222.96638689885,2532.64744426189,1030.0,3902.51220978358,2480.0,2.79530000686646,20.8471202850342,0.976075415490902,16610487.0,,,5.22725009918213,213.27,48.1826845960942,WB/UNESCO
CMR,2005,5.5,Cameroon,283.86,12.64325,1142.62466252106,4199.72270969362,2597.68039891083,1140.0,3958.30381232762,2530.0,2.65652990341186,21.3776092529297,1.402699947,17074594.0,,,6.03904008865356,283.19,48.5837852394685,WB/UNESCO
CMR,2006,1.34,Cameroon,316.33,10.49811,1191.45458990968,4241.51744722821,2704.43739801933,1200.0,4076.81876760953,2670.0,2.53990006446838,20.3126602172852,2.028700113,17550407.0,,,7.07693004608154,315.0,49.2044173412861,WB/UNESCO
CMR,2007,4.17,Cameroon,301.64,10.61487,1325.67248215933,4302.6192630847,2817.72228106581,1250.0,4069.56095452381,2760.0,2.87814998626709,21.3793392181396,2.93,18049896.0,,,7.57396984100342,300.23,49.7027028593758,WB/UNESCO
CMR,2008,1.0,Cameroon,318.54,8.85137,1492.14269801453,4300.26640352464,2870.44106856479,1360.0,4056.75550529798,2830.0,2.49826002120972,15.7006101608276,3.400000095,18574056.0,,,8.20874977111816,312.45,50.0858325268669,WB/UNESCO
CMR,2009,0.98,Cameroon,344.09,8.62576,1461.38999232337,4286.57718166156,2878.95143889027,1460.0,4128.6167505029,2870.0,2.90790009498596,19.7797908782959,3.84,19113974.0,,,9.40400981903076,339.02,50.4714131335678,WB/UNESCO
CMR,2010,1.25,Cameroon,355.08,9.04275,1398.58702025047,4286.58302947378,2913.94292746083,1450.0,4136.18750798495,2890.0,2.84802007675171,18.7538890838623,4.300000191,19668066.0,,,11.5745716750246,352.01,50.8505075371362,WB/UNESCO
CMR,2011,1.3,Cameroon,402.04,15.09368,1513.96056994878,4307.85195558527,2988.8172872551,1470.0,4153.78175144415,2960.0,2.65335988998413,14.8677701950073,5.0,20232304.0,,,12.5102445161105,393.39,51.2229843034125,WB/UNESCO
CMR,2012,1.67,Cameroon,408.48,7.76979,1449.09874362279,4382.11120797355,3059.64226568251,1470.0,4250.05557352004,3010.0,2.60304999351502,15.1762199401856,7.5,20809529.0,,,13.5363302230835,399.33,51.5887119982861,WB/UNESCO
CMR,2013,5.71,Cameroon,468.51,10.20724,1575.92882118897,4473.57231896434,3238.86829843733,1530.0,4388.67575108837,3180.0,2.65546989440918,13.8249502182007,10.0,21402376.0,,,15.7712802886963,460.39,51.9475591877024,WB/UNESCO
CMR,2014,2.05,Cameroon,565.1,,1649.4433905949,4588.4864949903,3422.26128158344,1570.0,4488.48433311858,3360.0,2.58396005630493,12.8797597885132,16.2148722257524,22059893.0,,,16.7535896301269,560.37,52.2993944376709,WB/UNESCO
CMR,2015,1.28,Cameroon,596.57,,1415.00009710569,4698.66677843587,3497.66067563959,1530.0,4573.31338227674,3450.0,2.65791010856628,13.243989944458,18.29999924,22763414.0,,,17.2970758627753,589.76,52.6440863142742,WB/UNESCO
CMR,2016,4.21,Cameroon,673.48,,1441.7201725688,4767.13186148953,3626.99932028578,1470.0,4644.05298222464,3570.0,2.56234002113342,12.6946897506714,20.60000038,23454161.0,,,12.7046554004596,664.94,52.9815033836792,WB/UNESCO
CMR,2017,5.84,Cameroon,795.89,,1496.08951771242,4797.97544185544,3767.43072883824,1410.0,4673.6522008636,3700.0,3.05961990356445,15.9128103256226,23.2029719748646,24128601.0,,,12.9818161813936,777.26,53.3115142121504,WB/UNESCO
CMR,2018,4.14,Cameroon,873.26,,1610.69641591017,4851.48003949961,4010.76360069526,1520.0,4752.23161617984,3940.0,3.03096008300781,16.8831596374512,29.70000076,24806383.0,,,14.5449548868213,843.36,53.6339873660653,WB/UNESCO
CMR,2019,1.0,Cameroon,933.48,,1555.22660476477,4882.35560028896,4241.11174920592,1560.0,4753.99257270656,4150.0,3.0473994932468,14.1786984993157,36.53919983,25506095.0,,,15.0528614131463,943.95,53.9487914119331,WB/UNESCO
CMR,2020,3.39,Cameroon,1108.11,,1555.60370660749,4763.48194388066,4365.44704128392,1540.0,4594.0727897232,4280.0,3.10390139858492,14.4511222046888,37.69749832,26210558.0,,,15.5519566247682,1137.44,54.2557949164174,WB/UNESCO
CMR,2021,6.47,Cameroon,1338.46,,1672.32657340872,4793.55628200196,4793.55628200196,1610.0,4715.73937106399,4720.0,2.8493076272306,15.0479038536836,38.89260101,26915758.0,,,17.1581831920239,1323.23,54.5548664463635,WB/UNESCO
CMR,2022,3.33,Cameroon,1506.03,,1604.87726954895,4843.65038202917,5188.15515765322,1660.0,4799.08445338849,5060.0,2.65952378267367,12.7669754975237,40.12559891,27632771.0,,,16.4371527754335,1462.84,54.8458745688318,WB/UNESCO
COD,2003,0.84,Democratic Republic of the Congo,15.24,,161.491553524396,953.044643242042,459.166393285914,160.0,1008.71654602009,450.0,,,0.134914837437335,55343867.0,,,,15.24,36.4654627231369,WB/UNESCO
COD,2004,1.01,Democratic Republic of the Congo,13.8,,180.664764963633,987.746920881562,488.682547555091,180.0,1049.27955276251,470.0,,,0.196208375178039,56997741.0,0.26777,,,13.8,37.0,WB/UNESCO
COD,2005,1.35,Democratic Republic of the Congo,22.85,,214.539740473519,1016.6338907666,518.744750801354,190.0,1085.68437325874,500.0,,,0.238000005,58775724.0,0.05799,,,22.85,37.4018738621901,WB/UNESCO
COD,2006,1.98,Democratic Republic of the Congo,24.58,,255.445229568751,1036.13329616563,544.998536636085,220.0,1131.70071714526,530.0,,,0.296099991,60615908.0,0.06044,,4.20873022079468,24.58,37.8024827128113,WB/UNESCO
COD,2007,0.21,Democratic Republic of the Congo,31.47,,294.101615124419,1091.54081233234,589.69748891543,260.0,1198.18690444259,570.0,,,0.370000005,62477752.0,0.13609,,4.20303010940552,30.47,38.201781337298,WB/UNESCO
COD,2008,0.0,Democratic Republic of the Congo,39.97,,352.900363371995,1137.84087315488,626.55447365632,300.0,1180.84905309157,590.0,,,0.439999998,64390664.0,0.08253,,5.27932977676392,39.47,38.5997245210844,WB/UNESCO
COD,2009,0.67,Democratic Republic of the Congo,44.55,,280.178991035792,1109.18311674431,614.541156103233,300.0,1102.60203177132,590.0,,,0.560000002,66412044.0,0.07822,,6.261549949646,42.82,38.9962670496049,WB/UNESCO
COD,2010,0.89,Democratic Republic of the Congo,52.94,23.99784,352.400398754692,1166.98306581442,654.422746562432,320.0,1200.71564346736,630.0,1.5249799489975,9.57841014862061,0.72,68563038.0,,,,52.17,39.391363708294,WB/UNESCO
COD,2011,0.42,Democratic Republic of the Congo,45.72,,372.514273875789,1124.7720535769,643.764679093976,320.0,1090.63105041586,610.0,,,1.200000048,70849311.0,,,7.55883979797363,45.42,39.7849692825859,WB/UNESCO
COD,2012,0.48,Democratic Republic of the Congo,70.06,,409.931424783784,1182.14074588327,647.801733284929,370.0,1063.96498858496,610.0,,,1.679999948,73254618.0,,,7.63979005813599,65.64,40.1770385579151,WB/UNESCO
COD,2013,1.92,Democratic Republic of the Congo,67.57,21.95353,460.370334930107,1342.74156112016,760.64987993962,420.0,1176.29585672888,700.0,2.06220006942749,16.1748008728027,2.200000048,75789395.0,,,6.37279987335205,63.9,40.5675263197158,WB/UNESCO
COD,2014,0.56,Democratic Republic of the Congo,86.12,,489.175952097319,1392.75841334673,859.356816141236,450.0,1202.05489642161,790.0,1.95142996311188,13.3522100448608,3.0,78403242.0,,,,84.95,40.9563873534225,WB/UNESCO
COD,2015,2.0,Democratic Republic of the Congo,98.77,23.80564,495.826633014883,1433.21579814709,910.393131638657,460.0,1208.28425589605,850.0,2.17043995857239,14.850700378418,3.799999952,81035531.0,0.40638,10.10515,,96.5,41.3435764444694,WB/UNESCO
COD,2016,2.19,Democratic Republic of the Congo,97.2,,459.765036590388,1388.80163211633,950.022298158597,460.0,1195.03079672809,930.0,2.1186900138855,14.2293395996094,10.1,83956415.0,,,5.9003701210022,94.82,41.7290483782911,WB/UNESCO
COD,2017,1.52,Democratic Republic of the Congo,123.04,,431.052559128788,1395.71961761712,990.545051394781,440.0,1245.27409218802,960.0,1.45494997501373,13.1477699279785,,87083398.0,,,,121.62,42.1127579403217,WB/UNESCO
COD,2018,2.82,Democratic Republic of the Congo,141.87,,518.169626875371,1431.7285269693,1048.86502855672,460.0,1236.54641920274,1010.0,,,11.69999981,90047644.0,,,,139.4,42.4946599159958,WB/UNESCO
COD,2019,0.14,Democratic Republic of the Congo,138.67,,504.00419142286,1394.76461472893,1056.17206659241,460.0,1145.83970101438,990.0,,,13.02970028,92947442.0,,,,138.89,42.8747090907476,WB/UNESCO
COD,2020,1.65,Democratic Republic of the Congo,175.79,,486.425572682256,1361.02791099008,1088.7890035637,480.0,1118.24692627253,1060.0,2.62263835311571,,14.51049995,95989998.0,,,6.37987995147705,177.56,43.2528602500115,WB/UNESCO
COD,2021,2.61,Democratic Republic of the Congo,213.24,,595.743074403567,1402.38560295221,1402.38560295221,530.0,1355.13868558009,1360.0,2.66048474102788,,16.1595993,99148932.0,,,,205.52,43.6290681792218,WB/UNESCO
COD,2022,3.93,Democratic Republic of the Congo,237.5,,687.738587554685,1484.33841881449,1589.91203243059,610.0,1344.40084034441,1510.0,2.84466514463005,,17.99620056,102396968.0,,,,238.79,44.003287663813,WB/UNESCO
COG,2003,0.73,Congo,34.59,,1016.82363412143,7577.45630456352,3886.99206792786,690.0,4211.68724447195,2950.0,2.8361599445343,9.5199499130249,0.460014186837522,3445753.0,,,3.79619002342224,34.59,60.4694583791889,WB/UNESCO
COG,2004,1.94,Congo,41.04,,1306.10136324599,7577.44597274153,3991.51124732875,760.0,6231.53712752607,2820.0,2.28813004493713,8.56180953979492,1.07750492958505,3565554.0,,,,41.04,60.9205990186239,WB/UNESCO
COG,2005,0.0,Congo,45.62,25.91235,1799.05158366154,7876.11806658285,4278.92538737802,1100.0,7539.48801319152,3250.0,1.6810200214386,7.59781980514526,1.463400006,3696393.0,,,,45.62,61.310286636126,WB/UNESCO
COG,2006,0.83,Congo,46.19,,2103.5821381211,8192.57979719023,4588.10924901106,1560.0,8606.96956247978,3890.0,,,2.007999897,3837409.0,,,,45.33,61.6237792620651,WB/UNESCO
COG,2007,0.88,Congo,46.38,,2206.47101863414,7375.82454100145,4242.61126828237,1650.0,7375.64007439896,3560.0,,,2.75970437370903,3980430.0,,,,46.38,61.8502563370293,WB/UNESCO
COG,2008,0.17,Congo,48.67,,2832.09177777643,7587.28826163492,4448.33261698559,2090.0,9217.36075001534,3900.0,,,4.28750990276481,4113517.0,,,,48.57,62.0354815675203,WB/UNESCO
COG,2009,1.89,Congo,40.4,,2271.15219175966,8138.45033818822,4800.90159811421,2410.0,7793.431399616,4420.0,,,4.5,4281219.0,,,5.87968015670776,38.4,62.2172294650265,WB/UNESCO
COG,2010,1.95,Congo,41.36,10.87259,2946.55798067708,8583.66179834288,5125.06991326895,2640.0,10585.2118774402,4760.0,5.6867299079895,24.7277793884277,5.0,4462290.0,,,,41.36,62.3922871058739,WB/UNESCO
COG,2011,0.13,Congo,46.01,,3396.16505817952,8492.42098392103,5175.20439089036,2580.0,10674.6681505592,4660.0,2.64652978173867,6.49370929175093,5.6,4609724.0,,,7.95887994766235,45.04,62.5597508130231,WB/UNESCO
COG,2012,1.63,Congo,54.44,,3732.32737320389,9079.68656400891,6058.06449417412,3330.0,12235.8468823736,5730.0,2.73923061622047,,6.106699944,4740450.0,,,9.09545040130615,52.87,62.7187169094345,WB/UNESCO
COG,2013,0.1,Congo,51.36,,3697.41705884249,8798.49382506314,5833.86336651436,3560.0,11696.8922616622,5700.0,5.0138814089415,14.7248982435275,6.599999905,4857099.0,,,8.56632041931152,48.93,62.8682817180686,WB/UNESCO
COG,2014,0.06,Congo,70.56,,3601.2365808718,9159.25664414045,5733.18393561256,3800.0,11683.4958094731,5820.0,3.18255996704102,6.55592012405396,7.110000134,4975880.0,,,,62.56,63.0075415618859,WB/UNESCO
COG,2015,1.19,Congo,78.11,,2439.35189403696,8977.70681641417,4715.13431581624,3080.0,9086.53775470593,4690.0,3.13882994651794,7.95039987564087,7.616000175,5097581.0,,,,71.58,63.135592763847,WB/UNESCO
COG,2016,1.26,Congo,76.62,,2093.10728558843,8001.8255194505,4016.04908525318,2260.0,7084.70902710088,3870.0,4.87114096878621,8.70963067131179,8.121899605,5222536.0,,,,74.62,63.2515316469123,WB/UNESCO
COG,2017,0.33,Congo,66.74,,2211.63309874797,7372.77046737599,4444.63900215824,1740.0,6272.42207266834,3860.0,4.17235994338989,15.68577003479,8.649999619,5351011.0,,,12.1461896896362,65.03,63.3544545340423,WB/UNESCO
COG,2018,0.1,Congo,62.22,,2694.43413191427,7029.33651566257,5593.19370578686,2070.0,7328.83249300989,5280.0,2.77167010307312,15.5829000473022,11.8071003,5483118.0,,,,62.28,63.4434577481975,WB/UNESCO
COG,2019,1.17,Congo,76.77,,2488.42466724916,6939.36913397466,5719.59977338291,2180.0,6453.48762784186,5140.0,3.24716413970868,17.0074221576097,16.11639977,5616661.0,,,,83.2,63.5176376123385,WB/UNESCO
COG,2020,2.79,Congo,75.72,,1993.586671931,6350.50913409722,4770.96449758365,2230.0,5156.76905189081,4740.0,4.22208879466149,17.0091400358236,21.99850082,5752791.0,,,,80.59,63.5760904494257,WB/UNESCO
COG,2021,4.05,Congo,88.68,,2516.16255145432,6263.21161292636,6263.21161292636,2040.0,5565.87747226461,5570.0,3.31281536274069,16.5610048503404,30.02739906,5892183.0,,,,89.9,63.6179125824196,WB/UNESCO
COG,2022,1.35,Congo,90.39,,2620.83804267402,6205.1050414034,6646.44331964568,2170.0,6642.81652309485,5930.0,2.72738253259215,15.5095016256821,40.98669815,6035104.0,0.38339,126.96941,,100.48,63.6422003342807,WB/UNESCO
COK,2003,0.0,Cook Islands,0.0,,,,,,,,,,,,,,,,,WB/UNESCO
COK,2004,0.0,Cook Islands,0.0,,,,,,,,,,,,,,,,,WB/UNESCO
COK,2005,0.0,Cook Islands,0.29,,,,,,,,,,,,,,,,,WB/UNESCO
COK,2006,0.0,Cook Islands,0.67,,,,,,,,,,,,,,,,,WB/UNESCO
COK,2007,0.0,Cook Islands,0.38,,,,,,,,,,,,,,,,,WB/UNESCO
COK,2008,0.0,Cook Islands,0.0,,,,,,,,,,,,,,,,,WB/UNESCO
COK,2009,0.0,Cook Islands,0.65,,,,,,,,,,,,,,,,,WB/UNESCO
COK,2010,0.0,Cook Islands,0.47,,,,,,,,,,,,,,,,,WB/UNESCO
COK,2011,0.0,Cook Islands,1.76,,,,,,,,,,,,,,,,,WB/UNESCO
COK,2012,0.22,Cook Islands,2.29,,,,,,,,,,,,,,,,,WB/UNESCO
COK,2013,0.0,Cook Islands,1.17,,,,,,,,,,,,,,,,,WB/UNESCO
COK,2014,0.0,Cook Islands,1.98,,,,,,,,,,,,,,,,,WB/UNESCO
COK,2015,0.0,Cook Islands,2.19,,,,,,,,,,,,,,,,,WB/UNESCO
COK,2016,0.0,Cook Islands,1.64,,,,,,,,,,,,,,,,,WB/UNESCO
COK,2017,0.0,Cook Islands,1.72,,,,,,,,,,,,,,,,,WB/UNESCO
COK,2018,0.0,Cook Islands,1.72,,,,,,,,,,,,,,,,,WB/UNESCO
COK,2019,0.0,Cook Islands,1.63,,,,,,,,,,,,,,,,,WB/UNESCO
COK,2020,0.0,Cook Islands,0.25,,,,,,,,,,,,,,,,,WB/UNESCO
COK,2021,0.0,Cook Islands,0.44,,,,,,,,,,,,,,,,,WB/UNESCO
COK,2022,0.0,Cook Islands,1.16,,,,,,,,,,,,,,,,,WB/UNESCO
COL,2003,11.94,Colombia,713.03,,2311.94218760291,11183.2911819793,7420.46008359846,2410.0,10057.4714606018,7170.0,4.32513999938965,,7.38892371052557,40937429.0,0.17398,,,704.63,75.5341828570154,WB/UNESCO
COL,2004,15.26,Colombia,858.09,13.3083,2818.57195413044,11607.9384935105,7909.34635161862,2650.0,10535.2110043961,7630.0,4.07934999465942,,9.1186903029666,41543171.0,0.16964,,29.5034599304199,851.27,75.8080569479496,WB/UNESCO
COL,2005,15.47,Colombia,988.47,13.81403,3456.06610874512,11999.2549591305,8432.33329071381,3030.0,10910.2315348658,8220.0,4.02098989486694,,11.0072638904585,42128977.0,0.16557,,32.253978729248,979.32,76.004938901378,WB/UNESCO
COL,2006,31.72,Colombia,1449.56,,3789.85361217027,12636.6246577724,9154.0892620178,3540.0,11529.6847754355,8910.0,3.91671991348267,,15.3416745365682,42691084.0,0.16427,,34.3662109375,1427.44,76.1619191918164,WB/UNESCO
COL,2007,86.5,Colombia,1562.09,,4769.926147194,13318.3033138168,9909.29031362274,4170.0,12240.7579968433,9600.0,4.08301019668579,,21.79999924,43235374.0,0.18307,,35.4785308837891,1534.79,76.3144038775849,WB/UNESCO
COL,2008,64.69,Colombia,2357.93,22.04587,5541.83629665898,13591.0609028567,10307.0649875218,4770.0,12826.464407519,9950.0,3.9387800693512,,25.6,43758808.0,0.19541,,37.9448013305664,2284.87,76.4596761810047,WB/UNESCO
COL,2009,77.15,Colombia,2705.91,19.59373,5250.97292433518,13586.7518430982,10367.3489558559,5200.0,12863.6676669572,10060.0,4.77651977539062,,30.0,44271541.0,0.19351,,39.5088005065918,2642.71,76.5964145836792,WB/UNESCO
COL,2010,67.52,Colombia,3169.79,22.10541,6398.2958447102,14037.0642668639,10841.1279797769,5690.0,13505.5791164269,10460.0,4.83382987976074,,36.5,44777319.0,0.19358,,41.529670715332,3053.85,76.7232975672119,WB/UNESCO
COL,2011,85.52,Colombia,3541.93,20.60527,7400.9940695669,14852.3699513061,11707.4614624747,6370.0,14486.8895758754,11210.0,4.46608018875122,,40.3509157546318,45259614.0,0.19842,,45.2873306274414,3380.05,76.839003613206,WB/UNESCO
COL,2012,95.26,Colombia,4076.94,21.97269,8108.59838244229,15279.4790008058,12093.0754939172,7340.0,15070.197929246,11630.0,4.37038993835449,,48.98,45715810.0,0.22116,,47.4669914245605,3956.72,76.942211203265,WB/UNESCO
COL,2013,83.03,Colombia,4525.2,17.72644,8279.10255642981,15912.2471293239,12779.8865818318,8010.0,15778.4775694916,12340.0,4.87855005264282,,51.7,46151584.0,0.25761,58.0547,50.7474899291992,4325.67,77.0315988189922,WB/UNESCO
COL,2014,80.7,Colombia,4993.33,20.75521,8187.20824890084,16480.3631474161,13355.3624162195,8280.0,16289.8758286946,12980.0,4.62945985794067,,52.568136539247,46565429.0,0.30317,59.05478,53.1794395446777,4795.16,77.1058449419909,WB/UNESCO
COL,2015,84.3,Colombia,5383.5,21.38159,6248.51490534512,16821.3801400631,13332.0555048211,7420.0,16329.7743038806,13160.0,4.47038984298706,,55.9049725142924,46969940.0,0.36542,70.66931,54.7961311340332,5115.5,77.1636280538646,WB/UNESCO
COL,2016,130.82,Colombia,6417.19,22.97659,5959.84250367574,17003.244366485,14026.8399931053,6560.0,16445.1180407852,13870.0,4.47721004486084,,58.1364935728703,47437512.0,0.27051,91.2603,57.1437492370605,5994.92,77.2036266362166,WB/UNESCO
COL,2017,118.36,Colombia,6701.16,22.49238,6479.53231292429,16986.0334182842,14400.6139849314,6030.0,16564.1801022054,14150.0,4.53551006317139,,62.2598803162841,48131078.0,0.26109,90.24729,58.3960418701172,6280.16,77.2245191706503,WB/UNESCO
COL,2018,173.92,Colombia,7531.98,23.31461,6816.96818309544,17104.1313545678,15239.4049488277,6350.0,16742.2498932874,14860.0,4.44910001754761,,64.1263768204459,49024465.0,0.31233,,57.3205413818359,6922.39,77.2804816598084,WB/UNESCO
COL,2019,191.06,Colombia,8752.82,,6472.54544924705,17336.7716030551,16181.5908990662,6630.0,16989.233371808,15830.0,4.51068019866943,,65.0069007159493,49907985.0,0.32201,,56.6663017272949,7968.21,77.4595528518377,WB/UNESCO
COL,2020,173.6,Colombia,9599.78,,5339.68711357943,15861.4999291295,15519.2101694656,5850.0,15464.4432116202,15370.0,5.26166009902954,,69.79533474,50629997.0,0.2894,,55.7331085205078,8888.34,77.6382533537045,WB/UNESCO
COL,2021,218.14,Colombia,10300.11,,6222.62164397614,17383.0901728295,17383.0901728295,6310.0,17225.9676087712,17230.0,,,73.02837449,51188173.0,,,58.3159217834473,9491.15,77.8339570326128,WB/UNESCO
COL,2022,214.45,Colombia,9683.4,,6680.44506854481,18458.7209460704,20854.002999162,6560.0,18314.8219654266,20130.0,,,72.79637855,51737944.0,,,59.2901382446289,9305.41,78.0464633137335,WB/UNESCO
COM,2003,0.0,Comoros,0.33,,959.691049354812,3085.59675447872,1949.14105948513,810.0,2981.56340014671,1940.0,,,0.848189370151537,569798.0,,,3.42070007324219,0.33,27.9448864609618,WB/UNESCO
COM,2004,0.0,Comoros,1.17,,1072.28409029621,3121.51677555024,2024.85565604244,980.0,3013.40345210926,2020.0,,,1.32732717785355,580704.0,,,,1.17,27.9596300229124,WB/UNESCO
COM,2005,0.0,Comoros,2.4,,1105.78796866788,3231.72506154387,2162.0751711044,1140.0,3122.49621301731,2160.0,,,2.0,592677.0,,,,2.4,28.016895208368,WB/UNESCO
COM,2006,0.0,Comoros,1.17,,1138.47908404345,3111.62570879692,2145.92386088087,1140.0,3013.50640680937,2140.0,,,2.200000048,604753.0,,,,1.17,28.1143215973031,WB/UNESCO
COM,2007,0.0,Comoros,3.59,,1289.73631056361,3074.7346796054,2177.93140727587,1190.0,3005.12077191446,2180.0,,,2.5,616927.0,,,4.39438009262085,3.59,28.2493321448949,WB/UNESCO
COM,2008,0.0,Comoros,0.74,14.60796,1455.02768595586,3133.75034704474,2262.50189462777,1340.0,2996.08060786779,2260.0,4.42264986038208,29.2331199645996,3.0,629307.0,,,,0.74,28.4193498063202,WB/UNESCO
COM,2009,0.0,Comoros,0.76,,1410.30516959473,3171.6035546392,2303.95435180676,1440.0,3083.67313507725,2300.0,,,3.5,641947.0,,,6.19504022598267,0.76,28.6217975367563,WB/UNESCO
COM,2010,0.0,Comoros,2.15,,1386.57533553376,3226.63502045267,2372.41645109334,1450.0,3035.35787511487,2370.0,,,5.099999905,654836.0,,,7.90405216581276,2.15,28.8540982913801,WB/UNESCO
COM,2011,0.0,Comoros,3.95,8.97309,1531.43969320468,3293.83407668409,2471.79015172258,1490.0,3116.22490708833,2470.0,2.8304500579834,21.4148693084717,5.5,668056.0,,,9.48193229364778,3.95,29.1136750253686,WB/UNESCO
COM,2012,0.0,Comoros,1.2,8.20401,1490.31425650871,3330.52446059187,2678.70108782095,1510.0,3174.42143216605,2670.0,2.74783992767334,18.4915103912354,5.975299835,681630.0,,,10.5360636883691,1.2,29.397950693899,WB/UNESCO
COM,2013,0.0,Comoros,8.93,9.742,1603.32653496691,3406.49918649378,2832.52867837395,1590.0,3270.54180865636,2830.0,2.3827600479126,16.0707302093506,6.5,696192.0,,,9.13247966766357,1.06,29.7043482521482,WB/UNESCO
COM,2014,0.0,Comoros,1.51,7.74071,1615.71709756316,3403.41291459985,2937.61167612379,1590.0,3325.12328624029,2950.0,2.74472999572754,18.8928909301758,6.980000019,711503.0,,,9.5927242808028,1.51,30.0302906552932,WB/UNESCO
COM,2015,0.0,Comoros,1.74,10.41168,1329.37048235986,3370.5557232032,2949.47342240993,1480.0,3351.63269322811,2960.0,2.5450599193573,13.3536500930786,7.459199905,726682.0,,,,1.74,30.3732008585112,WB/UNESCO
COM,2016,0.2,Comoros,4.84,,1365.48403444497,3411.77123523582,3139.05160740463,1410.0,3443.04804009835,3160.0,,,7.938300133,741741.0,,,,4.84,30.7305018169792,WB/UNESCO
COM,2017,0.0,Comoros,3.89,,1423.9248027797,3472.07858942366,3347.45652997484,1380.0,3517.6575573,3360.0,,,8.478199959,756669.0,,,18.8190281456697,3.89,31.0996559689293,WB/UNESCO
COM,2018,0.0,Comoros,3.07,,1540.71132257526,3528.95868167877,3304.54845189026,1490.0,3568.59686348774,3320.0,,,,771590.0,,,,2.82,31.4073645195839,WB/UNESCO
COM,2019,0.0,Comoros,3.79,,1519.26386436068,3522.66866952646,3312.74957050545,1530.0,3600.29471731698,3330.0,,,16.38380051,786578.0,,,,3.78,31.7287584068243,WB/UNESCO
COM,2020,0.0,Comoros,3.51,,1527.16991011916,3447.47274904772,3261.59496762747,1530.0,3480.27807912598,3280.0,2.37805076679617,11.4759646720252,22.42040062,802163.0,,,,3.51,32.0638072194881,WB/UNESCO
COM,2021,0.0,Comoros,4.82,,1587.72988658008,3449.0435745318,3449.0435745318,1590.0,3465.75970667031,3470.0,2.27485390045927,10.2856868371706,30.68120003,818174.0,,,,4.51,32.4124444313246,WB/UNESCO
COM,2022,0.0,Comoros,3.74,,1533.87755393614,3465.8402271705,3712.34821507981,1630.0,3422.90832348286,3730.0,2.43164424110924,10.476023026001,31.37409973,834188.0,,,,3.91,32.7746035528748,WB/UNESCO
CPV,2003,0.0,Cape Verde,1.39,,1717.97565369655,4841.265398715,3551.46384346209,1440.0,,3500.0,,,4.32488539053715,473383.0,,,4.45262002944946,1.39,56.3297071979641,WB/UNESCO
CPV,2004,0.0,Cape Verde,0.75,,1929.49081468781,5268.30312485708,3968.65691707182,1810.0,,3900.0,7.47664022445679,20.8404808044434,5.31883206957883,479370.0,,,5.89057016372681,0.75,57.0677167011018,WB/UNESCO
CPV,2005,0.0,Cape Verde,0.37,,2004.14680417563,5565.76951208069,4324.20232451084,2070.0,,4200.0,,,6.07408710659813,485115.0,,,7.33844995498657,0.37,57.7977695763157,WB/UNESCO
CPV,2006,0.0,Cape Verde,4.14,11.15206,2256.99666191075,5941.38218091511,4758.37704998417,2200.0,,4590.0,6.52960014343262,17.5405807495117,6.80891100753313,490728.0,,,8.3322696685791,4.14,58.5332660925599,WB/UNESCO
CPV,2007,0.0,Cape Verde,3.67,,3324.57675212498,6767.40677380347,5566.76949078274,2770.0,6244.11931658084,5460.0,4.95982980728149,18.3287506103516,8.28321981953034,496190.0,,,9.42763996124268,3.67,59.287606518789,WB/UNESCO
CPV,2008,0.0,Cape Verde,2.47,11.27392,3908.64885822576,7169.13944155367,6010.85136826265,3360.0,6548.42192728556,5870.0,5.03464984893799,18.2409896850586,14.0,501355.0,,,11.6451501846313,2.47,60.0741911239572,WB/UNESCO
CPV,2009,0.0,Cape Verde,5.04,13.96658,3659.72046361628,6994.5740991365,5900.66086535065,3650.0,6521.8896117109,5760.0,4.86588001251221,15.886549949646,21.0,506141.0,,,14.5845203399658,5.04,60.906420177019,WB/UNESCO
CPV,2010,0.0,Cape Verde,3.05,,3579.46006137809,7072.12150207342,6038.58525635932,3600.0,6438.74798333936,5800.0,5.0765700340271,14.2168998718262,30.0,509784.0,,,17.2396798150949,3.05,61.7974262732302,WB/UNESCO
CPV,2011,0.0,Cape Verde,2.7,16.57033,4002.01386888785,7325.78441834692,6384.22844090415,3760.0,6623.22632917335,6160.0,4.59785985946655,15.1532802581787,32.0,511447.0,0.06622,48.91143,19.8174684695304,2.7,62.7419929036884,WB/UNESCO
CPV,2012,0.0,Cape Verde,3.88,,3736.81517011087,7397.82220702474,6318.06108723364,3730.0,6634.69238621468,6070.0,5.39769575795208,16.1216750633724,34.74,511955.0,,,19.8951290654347,3.88,63.7260454520996,WB/UNESCO
CPV,2013,0.5,Cape Verde,7.6,15.81999,3960.97596791345,7440.66242650114,6367.28001322501,3840.0,6780.90084669886,6160.0,4.56156015396118,14.7782297134399,37.5,512225.0,,,22.2468122776255,7.6,64.7486207521826,WB/UNESCO
CPV,2014,0.0,Cape Verde,8.77,17.47844,3985.60706548134,7491.02198228243,6416.83301150977,3750.0,6750.81944861953,6130.0,4.52133989334106,16.282190322876,40.25999832,512326.0,,124.92558,23.2703965538205,8.77,65.8085112712742,WB/UNESCO
CPV,2015,0.0,Cape Verde,11.85,18.42339,3415.06266730931,7560.13649202469,6773.48679969386,3620.0,6961.26441378106,6540.0,4.80622005462646,16.7482299804688,42.6830141582781,512394.0,,,22.524027665499,11.85,66.9045094767116,WB/UNESCO
CPV,2016,0.0,Cape Verde,8.78,17.64119,3608.96605234906,7881.30336227784,7350.75358726727,3580.0,7427.56350342809,7110.0,4.75475978851318,17.8430099487305,50.3228178676892,512554.0,,,23.6934975221505,7.52,68.0354078358316,WB/UNESCO
CPV,2017,0.07,Cape Verde,14.24,17.15109,3893.09571382506,8234.56000312459,7935.76176281072,3620.0,7721.39679468311,7690.0,4.59278011322021,16.4125804901123,57.1621463484891,512893.0,,,24.5594648459854,14.24,69.1999988159713,WB/UNESCO
CPV,2018,0.63,Cape Verde,8.94,,4294.96510035729,8531.12961646549,7916.42115326174,4040.0,8266.19992711205,7750.0,4.78792270184537,17.5685407932949,59.5,513415.0,,,24.2905954414767,9.06,70.3970748844677,WB/UNESCO
CPV,2019,0.38,Cape Verde,13.9,,4380.78117331128,9111.62993173269,8645.75646859343,4420.0,8906.97004829657,8480.0,4.16528987884521,15.1536998748779,61.9433977593088,514104.0,,,,13.3,71.6254285086577,WB/UNESCO
CPV,2020,0.0,Cape Verde,20.9,,3539.22661248299,7207.86853962048,6852.57669930355,3510.0,7072.86619353401,6710.0,7.09400702406662,17.0901870718553,69.37339783,514679.0,,,,19.4,72.8838521558784,WB/UNESCO
CPV,2021,1.13,Cape Verde,23.6,,3971.44409203423,7685.41921393669,7685.41921393669,3870.0,7579.20243154642,7580.0,6.15490303089284,15.112982003011,70.28250122,516649.0,,,,21.08,74.1607930892827,WB/UNESCO
CPV,2022,0.0,Cape Verde,22.01,,4323.31362032709,8850.1066918812,9479.57079016694,4550.0,8615.18786438844,9360.0,4.7252554800722,15.6936041858917,73.32740021,519741.0,,,,23.38,75.033738060849,WB/UNESCO
CRI,2003,1.13,Costa Rica,154.49,,4173.14853766977,14898.7197394794,8862.99414194044,4050.0,14353.9870726539,8450.0,5.13373994827271,20.1517200469971,20.3336148143541,4138784.0,0.3619,133.40471,,153.49,62.4518059303802,WB/UNESCO
CRI,2004,1.17,Costa Rica,219.26,18.7763,4431.01172024063,15330.8832332948,9365.32779294015,4400.0,14675.5000193334,8970.0,4.89062976837158,20.4308891296387,20.7923067055542,4200078.0,0.37288,110.07807,25.8056793212891,216.46,63.6596013546005,WB/UNESCO
CRI,2005,4.66,Costa Rica,219.47,,4703.00720463794,15711.7451335337,9898.92922976345,4670.0,14979.8739233556,9530.0,,,22.07,4261240.0,,124.52761,,218.98,64.8998632216384,WB/UNESCO
CRI,2006,3.86,Costa Rica,226.8,20.92713,5256.59641275583,16628.3723014013,10799.5114129333,5090.0,15843.5170786255,10480.0,4.61614990234375,20.6433391571045,25.10000038,4321340.0,0.42693,,,223.94,66.1703051228767,WB/UNESCO
CRI,2007,7.06,Costa Rica,232.82,20.9087,6137.71199435022,17752.4161954513,11841.9011937472,5710.0,16750.5786001258,11540.0,4.63449001312256,21.0218906402588,28.39999962,4380248.0,0.35655,,,229.25,67.4686406496983,WB/UNESCO
CRI,2008,5.06,Costa Rica,246.75,20.90153,6937.24261660254,18343.0996854851,12471.6723620711,6440.0,17073.9195729431,12230.0,4.88697004318237,20.8109607696533,32.29,4440056.0,0.38593,264.17779,,241.93,68.7925833934861,WB/UNESCO
CRI,2009,5.34,Costa Rica,250.87,18.98625,6832.69828187486,17941.5019129465,12273.8604285282,6570.0,17021.0383814946,11870.0,6.01031017303467,23.4082202911377,34.33,4499791.0,0.51718,343.38493,,250.78,70.1398469456228,WB/UNESCO
CRI,2010,8.22,Costa Rica,272.47,18.41766,8265.78820580299,18670.1678827387,12927.5646212416,7290.0,17807.0160340675,12510.0,6.56575012207031,22.8808898925781,36.5,4555962.0,0.4799,385.92478,,266.9,71.5081448974915,WB/UNESCO
CRI,2011,10.15,Costa Rica,266.45,19.63842,9276.39109377477,19264.4566461776,13614.2604272802,8130.0,18243.6241907399,13160.0,6.37988996505737,23.0096206665039,39.2121959961842,4609833.0,0.46235,410.68891,44.6711883544922,261.64,72.8426586679914,WB/UNESCO
CRI,2012,9.21,Costa Rica,311.7,19.68788,10126.9991155066,19970.6856013628,14463.7404635027,9330.0,19037.3309817988,14010.0,6.58239984512329,23.5015602111816,47.5,4663934.0,0.54713,340.94423,46.6885414123535,307.76,73.3895020668217,WB/UNESCO
CRI,2013,4.57,Costa Rica,275.45,20.51479,10803.2401795009,20242.2938648319,15232.0771293804,9990.0,19196.9852244672,14680.0,6.68738985061646,22.8309097290039,45.96,4716147.0,0.54253,359.00481,47.5057106018066,267.38,73.9431776192863,WB/UNESCO
CRI,2014,7.58,Costa Rica,365.39,21.68091,10911.4978703456,20735.1927258406,16393.8095308303,10410.0,19658.8868421584,15720.0,6.67953014373779,23.1095294952393,53.0,4767119.0,0.55627,574.91761,50.3342781066895,355.37,74.4866963181212,WB/UNESCO
CRI,2015,10.83,Costa Rica,363.09,22.25432,11714.7106121672,21265.3176336354,17525.1404835991,10770.0,20479.1775203512,16780.0,6.87349987030029,23.3734302520752,59.7629501371681,4818038.0,0.43665,500.97138,51.2845802307129,352.19,75.0198195767549,WB/UNESCO
CRI,2016,3.44,Costa Rica,425.5,22.95425,12091.0301560892,21936.4660575366,19201.7453161516,11170.0,21325.6996430182,18390.0,6.89395999908447,23.4232006072998,65.8804491942718,4866998.0,0.44335,531.44617,51.6516418457031,421.06,75.5423088085047,WB/UNESCO
CRI,2017,13.64,Costa Rica,483.69,23.63856,12317.0902779911,22633.7648663302,20499.3442145104,11580.0,21700.4274425516,19430.0,7.06981992721558,30.1514205932617,71.5816646195022,4913177.0,0.42587,385.02378,54.4492301940918,476.71,76.0539254265608,WB/UNESCO
CRI,2018,9.19,Costa Rica,542.38,23.13634,12620.0207321581,23069.8622241266,21548.8700973441,12100.0,21974.219421969,20390.0,6.76992988586426,26.086669921875,73.4797284369906,4957818.0,0.37144,349.49117,52.6140899658203,524.03,76.5544308439668,WB/UNESCO
CRI,2019,8.76,Costa Rica,631.94,,12951.8588421841,23496.8294622995,23461.2875330597,12310.0,22300.9887479219,22070.0,6.73809003829956,32.5915794372559,81.2025964435269,4999553.0,,,55.0202903747559,613.85,77.0435864735963,WB/UNESCO
CRI,2020,11.48,Costa Rica,702.29,,12475.6852076814,22368.1378072638,22245.4328793441,11780.0,21313.2739519384,20960.0,6.62899017333984,30.0822105407715,80.53018608,5034320.0,0.33002,371.97029,,711.16,77.5211537281257,WB/UNESCO
CRI,2021,17.67,Costa Rica,753.03,,12962.2716075659,24083.5988182437,24083.5988182437,12750.0,22551.002299959,22550.0,6.24842977523804,31.1666202545166,82.74901607,5059988.0,0.27385,406.58119,,750.58,77.9868940200009,WB/UNESCO
CRI,2022,12.08,Costa Rica,711.36,,13971.7649991294,25290.0087466975,26891.9730070246,13490.0,23287.7713444955,24990.0,5.5472297668457,21.5819606781006,82.59801121,5081765.0,0.33789,462.47421,,725.44,78.4405687613972,WB/UNESCO
CUB,2003,1.78,Cuba,793.22,,3202.78109865637,,,3100.0,,,9.9408597946167,,5.2412690536929,11209383.0,0.58243,,32.568790435791,787.49,75.8636638735113,WB/UNESCO
CUB,2004,3.65,Cuba,789.67,21.77871,3399.21962893402,,,3490.0,,,10.2682304382324,,8.40798475900703,11238756.0,0.60231,,52.4411582946777,784.82,75.917681659226,WB/UNESCO
CUB,2005,2.67,Cuba,967.02,22.06052,3786.33799225291,,,3960.0,,,10.5577802658081,,9.73806220781346,11262554.0,0.5492,,60.115119934082,944.28,76.0033319545493,WB/UNESCO
CUB,2006,0.67,Cuba,1224.99,22.89283,4329.98265964383,,,4410.0,,,9.05716991424561,,11.1596013147617,11278550.0,0.44139,,84.7447280883789,1185.97,76.1121531072403,WB/UNESCO
CUB,2007,4.4,Cuba,1096.51,25.11732,4807.43888960684,,,4740.0,,,11.8682098388672,,11.69,11287272.0,0.43615,,105.017448425293,1034.15,76.2356834650585,WB/UNESCO
CUB,2008,5.15,Cuba,1163.54,,4986.12436479175,,,5030.0,,,14.0590801239014,,12.94,11291762.0,0.50061,,117.163070678711,1104.57,76.365461375763,WB/UNESCO
CUB,2009,3.15,Cuba,1419.43,,5089.23519757167,,,5080.0,,,13.1248598098755,,14.33,11294719.0,0.61485,,113.827087402344,1351.03,76.4930251871133,WB/UNESCO
CUB,2010,3.36,Cuba,1293.77,,5272.26755824835,,,5170.0,,,12.8373098373413,,15.9,11297409.0,0.60767,,93.544739814446,1216.8,76.6099132468685,WB/UNESCO
CUB,2011,6.35,Cuba,1520.7,,6104.46105236166,,,5590.0,,,,,16.0172907996413,11301571.0,0.27192,,78.4791611574931,1400.77,76.707663902788,WB/UNESCO
CUB,2012,6.01,Cuba,1526.64,,6470.83673392653,,,6090.0,,,11.5516604913797,16.4788309434803,21.20000076,11303175.0,0.40716,,61.3519866952141,1368.05,76.7776920066844,WB/UNESCO
CUB,2013,5.44,Cuba,1570.27,,6828.36428245396,,,6640.0,,,10.67169596101,16.519653190418,27.93,11298167.0,0.47467,,47.9938388668246,1463.5,76.81640625,WB/UNESCO
CUB,2014,8.52,Cuba,1471.66,,7146.70459051328,,,6850.0,,,9.6074568445536,15.8017382311737,29.0701843656523,11285775.0,0.41596,,40.8057214253261,1421.63,76.8442459106445,WB/UNESCO
CUB,2015,5.3,Cuba,1342.36,,7727.91997207998,,,7270.0,,,8.9633578559392,15.2635682817487,37.3050974155373,11275065.0,0.42854,,36.7510276842099,1303.7,76.8702850341797,WB/UNESCO
CUB,2016,5.48,Cuba,1158.34,,8110.55874283616,,,7530.0,,,9.01309318032688,14.9375653971678,42.9786751910106,11265612.0,0.34223,,35.0523986816406,1126.22,76.9115829467773,WB/UNESCO
CUB,2017,4.68,Cuba,1134.65,,8610.60829605429,,,8010.0,,,8.44413540438793,13.5649139865221,57.1484043170788,11247829.0,0.43066,,41.1702416547293,1086.46,76.9603271484375,WB/UNESCO
CUB,2018,20.64,Cuba,1167.92,,8911.46205998726,,,8710.0,,,8.02498461098619,12.6599745583146,62.6789236230601,11227118.0,0.53691,2053.96588,42.3506387045364,1116.86,77.0156326293945,WB/UNESCO
CUB,2019,7.46,Cuba,1115.94,,9232.26115935183,,,9010.0,,,9.04700486137163,14.2259433309667,67.9708086565152,11202846.0,0.55308,2136.67708,44.7791807576091,1334.06,77.0728225708008,WB/UNESCO
CUB,2020,6.88,Cuba,1366.16,,9605.27914559614,,,,,,11.5248184008093,16.6611004425148,71.11907507,11176354.0,0.51838,2121.90949,46.7357262964117,1404.05,77.1080322265625,WB/UNESCO
CUB,2021,8.73,Cuba,1532.31,,,,,,,,9.3858620562531,15.9666298702474,67.64354869,11122168.0,0.32282,2099.70203,51.8885571735926,1600.57,77.0987701416016,WB/UNESCO
CUB,2022,9.61,Cuba,1237.5,,,,,,,,8.44086351669284,16.9599641692685,67.88410187,11059820.0,0.36032,2079.08182,,1420.58,77.1056060791016,WB/UNESCO
CYP,2003,5.14,Cyprus,178.13,21.26273,20252.24609375,38617.8125,24277.921875,16710.0,37535.76171875,23290.0,6.6702299118042,16.515230178833,30.09,999590.0,0.31834,686.54374,31.9552307128906,177.13,68.7120973207373,WB/UNESCO
CYP,2004,5.15,Cyprus,256.78,22.01836,23792.619140625,40019.92578125,25942.115234375,20260.0,38488.30078125,24480.0,6.11772012710571,15.8329801559448,33.83,1017875.0,0.33564,806.48173,36.0204582214355,256.76,68.5908141437316,WB/UNESCO
CYP,2005,3.99,Cyprus,318.12,22.86093,24959.26171875,41362.09375,27763.15234375,23990.0,39348.4609375,26320.0,6.28667020797729,15.8393602371216,32.81,1036151.0,0.36727,930.33788,34.102180480957,316.78,68.4340674211981,WB/UNESCO
CYP,2006,7.71,Cyprus,353.72,23.52663,26729.28125,42595.203125,30008.787109375,25600.0,40126.59375,28350.0,6.33027982711792,16.1796207427979,35.83,1054418.0,0.38346,1005.35878,34.3019485473633,355.39,68.2534151682801,WB/UNESCO
CYP,2007,10.05,Cyprus,433.39,23.31487,31244.87890625,43823.76171875,32887.8046875,27340.0,41068.32421875,30780.0,6.28083992004395,16.72047996521,40.77,1072714.0,0.40007,1054.20653,36.2316017150879,433.28,68.0604154001212,WB/UNESCO
CYP,2008,6.21,Cyprus,508.23,24.98685,35541.88671875,44295.62890625,34830.296875,32010.0,43361.3828125,34260.0,6.72277021408081,17.5907497406006,42.31,1091026.0,0.38594,1038.21427,40.8491706848145,502.56,67.8666261318649,WB/UNESCO
CYP,2009,5.18,Cyprus,654.5,25.76502,32236.462890625,42253.38671875,33901.37890625,32860.0,42018.7890625,33810.0,7.20547008514404,17.2012500762939,49.81,1109371.0,0.44437,1095.4538,47.6964492797852,656.16,67.6836053786548,WB/UNESCO
CYP,2010,10.13,Cyprus,712.0,20.45646,31105.02734375,42102.28125,33502.24609375,32210.0,41258.984375,33020.0,6.52559995651245,15.6494903564453,52.99,1127816.0,0.44292,1104.81725,48.311580657959,707.67,67.5229111556342,WB/UNESCO
CYP,2011,16.23,Cyprus,759.41,20.44679,32485.8046875,41212.6875,33406.0,32680.0,41776.9140625,34280.0,6.52042007446289,15.4976501464844,56.8598923503507,1146493.0,0.45263,1091.99036,46.5397300720215,749.96,67.3979892758544,WB/UNESCO
CYP,2012,17.97,Cyprus,798.85,,28991.9296875,39190.22265625,31923.90234375,29760.0,38502.71875,31700.0,,,60.6898684001903,1165397.0,0.43765,1022.02872,45.8635902404785,788.23,67.3010289148738,WB/UNESCO
CYP,2013,33.77,Cyprus,964.53,22.40035,27764.7265625,36650.5703125,30415.8359375,27820.0,35779.2734375,30020.0,6.46747016906738,15.3621301651001,65.4548,1183895.0,0.48485,1030.30177,47.470890045166,954.91,67.2102333625375,WB/UNESCO
CYP,2014,28.62,Cyprus,914.61,20.80751,26993.095703125,36104.90234375,29892.75,26350.0,34730.26171875,29080.0,6.42111015319824,12.3347997665405,69.3286967086473,1201801.0,0.51205,1048.79818,52.1083793640137,895.31,67.1230558819804,WB/UNESCO
CYP,2015,49.66,Cyprus,937.96,20.70407,23088.4296875,37258.5,31380.220703125,25650.0,36980.55078125,31170.0,6.30491018295288,14.6587495803833,71.7157409175171,1219502.0,0.47529,994.37065,59.8640594482422,924.33,67.0402477918073,WB/UNESCO
CYP,2016,44.58,Cyprus,1071.31,20.78145,24280.044921875,39500.8515625,35247.0390625,24400.0,38292.28515625,33850.0,6.11811017990112,15.4384298324585,75.9002054030125,1237112.0,0.5197,1039.63583,68.3754730224609,1058.31,66.9625604106231,WB/UNESCO
CYP,2017,48.58,Cyprus,1223.71,,26247.46484375,41417.98828125,37768.08984375,24600.0,40435.49609375,36620.0,5.69961977005005,14.8294095993042,80.743188971932,1254275.0,0.54259,1188.67243,79.827522277832,1225.36,66.8907450570326,WB/UNESCO
CYP,2018,48.04,Cyprus,1296.14,,29120.38671875,43510.03125,40262.48828125,27120.0,42117.01953125,38810.0,,,84.4335825186889,1270737.0,0.61032,1385.15663,86.5899276733398,1239.23,66.8255530496405,WB/UNESCO
CYP,2019,57.24,Cyprus,1351.09,,29227.16796875,45454.17578125,44393.72265625,28380.0,43251.8359375,42020.0,5.16293001174927,12.8255701065063,86.0636299618935,1286671.0,0.70269,1631.10513,93.9260711669922,1310.55,66.7677357070518,WB/UNESCO
CYP,2020,62.32,Cyprus,1466.69,,28130.330078125,43402.359375,42569.06640625,26780.0,40232.90234375,39710.0,5.56462001800537,12.113320350647,90.80194644,1302247.0,0.82581,1712.04604,102.390762329102,1415.76,66.7180443478713,WB/UNESCO
CYP,2021,83.32,Cyprus,1733.92,,32937.8359375,47632.5703125,47632.5703125,29560.0,43413.6328125,43410.0,5.08247995376587,11.9215898513794,90.75951564,1317309.0,0.77686,1707.8633,106.362930297852,1628.11,66.6718365394971,WB/UNESCO
CYP,2022,108.9,Cyprus,1866.52,,33231.05078125,50840.9140625,55876.3828125,31900.0,45399.38671875,50520.0,4.74210977554321,12.4829502105713,89.60099194,1331370.0,0.70468,1681.07176,105.384979248047,1725.47,66.6694829407584,WB/UNESCO
CZE,2003,41.12,Czech Republic,6396.07,20.75441,9852.45677945801,31949.2963145034,19604.0917215381,8130.0,31358.2584806997,18950.0,4.10311985015869,8.38220977783203,34.3,10193998.0,1.13817,1543.13456,39.2078895568848,6304.97,73.7649150201353,WB/UNESCO
CZE,2004,49.68,Czech Republic,6989.49,21.50678,11782.5546676117,33452.3408000614,20988.1204818834,10280.0,32568.2548623157,20000.0,3.98130011558533,9.43290042877197,35.5,10197101.0,1.13619,1589.73189,45.4242782592773,6900.25,73.6991647167017,WB/UNESCO
CZE,2005,50.31,Czech Republic,7858.01,21.01366,13442.4916284309,35535.7479961511,22114.8363085202,12480.0,34151.0033850874,21090.0,3.86250996589661,9.12421035766602,35.27,10211216.0,1.15998,2353.41029,49.1181411743164,7781.87,73.6375545423198,WB/UNESCO
CZE,2006,62.5,Czech Republic,8785.97,26.69742,15259.0788162004,37786.8781740905,23914.1862443811,13990.0,35212.7991779973,22430.0,4.19625997543335,10.1192798614502,47.93,10238905.0,1.22564,2552.57872,49.8811302185059,8669.02,73.578883191735,WB/UNESCO
CZE,2007,77.25,Czech Republic,10022.53,25.51026,18452.6532812196,39629.0061324728,26267.6071527112,15830.0,37087.2574205986,24570.0,3.85006999969482,9.51356029510498,51.93,10298828.0,1.2967,2701.68545,54.1809005737305,9867.85,73.5219493596925,WB/UNESCO
CZE,2008,72.14,Czech Republic,10752.64,23.70898,22774.7045076205,40328.3426630095,27937.841568102,18480.0,37516.4834297675,26230.0,3.73207998275757,9.11993980407715,62.97,10384603.0,1.2352,2876.01839,57.9171714782715,10543.25,73.4655517409377,WB/UNESCO
CZE,2009,66.67,Czech Republic,11107.58,23.22273,19817.4215836554,38175.1422773334,27713.2434564605,18790.0,35589.9662185182,25800.0,4.1553201675415,9.34696960449219,64.43,10443936.0,1.28943,2765.27088,61.4115715026855,10863.36,73.4084890302159,WB/UNESCO
CZE,2010,76.17,Czech Republic,12461.34,22.53438,20160.4355077059,39097.3886218756,28153.8518610007,19420.0,35660.3729133683,25970.0,3.99341988563538,9.24479961395264,68.82,10474410.0,1.31352,2799.12504,64.9327697753906,12179.18,73.3495599222723,WB/UNESCO
CZE,2011,84.77,Czech Republic,13384.8,25.79253,22049.1080788682,39708.1626280195,29237.1870959847,19600.0,35760.4590224732,26910.0,4.20787000656128,9.82246017456055,70.49,10496088.0,1.5323,2925.87928,66.7968215942383,13149.06,73.2878338394746,WB/UNESCO
CZE,2012,86.62,Czech Republic,13617.94,23.42144,20014.0354015165,39347.0492956846,29465.6074011894,19650.0,35996.5225643813,27640.0,4.19049978256226,9.44486045837402,73.4300078241036,10510785.0,1.757,3162.1117,66.9287719726562,13278.75,73.2249239592898,WB/UNESCO
CZE,2013,98.59,Czech Republic,13764.71,21.47734,20260.4954999375,39317.5535692377,31013.0082933831,19600.0,36296.2534073431,29110.0,4.02132987976074,9.4882698059082,74.1104,10514272.0,1.86743,3260.83143,66.3243179321289,13416.35,73.1622186934979,WB/UNESCO
CZE,2014,85.05,Czech Republic,15039.45,20.03148,20038.4163180257,40158.0164275735,32743.489773169,19080.0,37321.3090333897,30570.0,3.93603992462158,9.3032398223877,74.2317116367383,10525347.0,1.94392,3428.30846,67.3959732055664,14570.1,73.0995921041469,WB/UNESCO
CZE,2015,112.06,Czech Republic,16488.26,13.32785,17931.5987670768,42066.5759800801,34093.0280593748,18340.0,38855.8416614024,31590.0,5.71913003921509,13.7159204483032,75.668838699279,10546059.0,1.906,3619.16017,67.2303619384766,16003.41,73.0370442874355,WB/UNESCO
CZE,2016,130.66,Czech Republic,16418.09,12.59606,18753.9686718096,43069.4659744727,36445.0485732064,17660.0,39933.203293286,33740.0,5.50080013275146,13.9704904556274,76.4811986951838,10566332.0,1.65411,3546.92776,67.5056381225586,15999.74,72.9745753395623,WB/UNESCO
CZE,2017,135.24,Czech Republic,16387.57,,20913.197632212,45177.5226053634,39346.030564257,18350.0,41958.8279578352,36850.0,3.75574994087219,9.76344966888428,78.7191728513432,10594438.0,1.74513,3718.34571,67.7142181396484,15989.25,72.9121853567256,WB/UNESCO
CZE,2018,150.19,Czech Republic,15899.72,,23705.9329811299,46301.082036029,41638.1831076596,20700.0,43192.6700892238,39260.0,4.21541023254395,10.5082101821899,80.6881675434288,10629928.0,1.87652,3906.6782,66.7902221679688,15425.94,72.8498744351241,WB/UNESCO
CZE,2019,195.03,Czech Republic,16546.99,,24062.7190013343,47763.6165520254,45614.0171132532,22440.0,44401.3566896729,42790.0,4.46737003326416,11.0653696060181,80.8669444139622,10671870.0,1.89547,4027.58714,66.8802185058594,15715.77,72.7876426709563,WB/UNESCO
CZE,2020,208.77,Czech Republic,15501.35,,23472.8915454417,45119.9387309139,44839.4822099455,22190.0,42810.5355734935,42530.0,4.62503004074097,9.9995002746582,81.33889705,10697858.0,1.94537,4187.18471,67.1843719482422,14605.57,72.7254901604208,WB/UNESCO
CZE,2021,227.42,Czech Republic,15882.75,,27696.4619527544,47796.0337408466,47796.0337408466,25500.0,46397.1801409687,46400.0,4.65163993835449,10.3313598632812,82.67062427,10505772.0,1.93302,4560.45106,69.8369293212891,14812.42,72.6810594374316,WB/UNESCO
CZE,2022,235.47,Czech Republic,14425.23,,28282.2236715857,48390.661678675,52946.9660854462,27210.0,45261.4146593426,50790.0,4.30291986465454,10.0093603134155,84.54009378,10672118.0,1.89089,4696.6857,70.8145904541016,14098.3,72.6967638379524,WB/UNESCO
DEU,2003,1194.42,Germany,74319.9,,30711.1022511331,50191.7219389611,30301.4017692833,26470.0,50126.1008381074,29990.0,,,55.9,82534176.0,2.44232,3275.18656,,72707.07,80.1373116303862,WB/UNESCO
DEU,2004,1238.66,Germany,77210.07,,34566.7359143735,50786.0176463275,31753.1720592803,32080.0,51463.7461869555,31940.0,,,64.73,82516260.0,2.40278,3290.96185,,75359.86,80.1549694901257,WB/UNESCO
DEU,2005,1375.13,Germany,85127.72,,35084.4363546269,51264.8193748941,32313.736788417,36310.0,51811.4026613199,32580.0,,,68.71,82469422.0,2.40266,3315.75626,,83684.8,80.1745168510383,WB/UNESCO
DEU,2006,1450.03,Germany,87144.84,25.18597,36980.3349948954,53307.1623767517,34741.3353426224,38890.0,54017.5584137156,35320.0,,,72.16,82376451.0,2.43043,3411.78697,,85556.91,80.1960996098884,WB/UNESCO
DEU,2007,1560.26,Germany,90199.02,25.36404,42350.9217211489,54920.6589299724,36914.0023792935,41130.0,55565.1804271286,37450.0,,,75.16,82266372.0,2.41918,3573.67338,,88428.04,80.2198636634402,WB/UNESCO
DEU,2008,1829.94,Germany,93343.56,26.65244,46379.1647953479,55513.7558858315,38437.6006682053,44360.0,55538.7354231173,38800.0,4.47337007522583,10.0711097717285,78.0,82110097.0,2.57152,3726.67445,,91145.74,80.2459549084581,WB/UNESCO
DEU,2009,1915.74,Germany,96399.98,26.44158,42471.8868625226,52568.797424995,37560.4365631565,44470.0,53924.0857755648,38400.0,,,79.0,81902307.0,2.68864,3916.78276,,94182.88,80.2745192417062,WB/UNESCO
DEU,2010,2004.02,Germany,98512.11,27.16245,42396.9665976293,54826.255453315,39713.9503169931,45530.0,55757.1022806164,40510.0,4.99525022506714,10.3819904327393,82.0,81776930.0,2.67632,4056.42386,,96129.0,80.305702559949,WB/UNESCO
DEU,2011,2283.3,Germany,101238.25,28.12803,47630.9761883572,57950.9589729677,43384.1299848762,48200.0,58726.3306789838,44500.0,4.88583993911743,10.7915496826172,81.26999953602,80274983.0,2.75016,4191.51741,,99232.97,80.3405762928198,WB/UNESCO
DEU,2012,2514.39,Germany,105639.02,26.78422,44718.0159214069,58110.3768512245,44212.02071657,47480.0,58789.00267801,45280.0,4.83153009414673,10.7168598175049,82.3499984738392,80425823.0,2.82499,4355.567,,103761.07,80.393447520218,WB/UNESCO
DEU,2013,2776.52,Germany,106118.13,26.48312,47206.8353514242,58182.0766176953,45876.2138041716,48160.0,58950.406850656,46950.0,4.83911991119385,10.717679977417,84.17,80645605.0,2.78067,4380.38742,60.8984489440918,104396.2,80.4732318400362,WB/UNESCO
DEU,2014,2946.33,Germany,108118.23,26.58781,48959.5991203133,59203.2340879963,47927.5555323465,48610.0,60051.2614707934,48930.0,4.82582998275757,10.8451299667358,86.1937006578756,80982500.0,2.82218,4336.01915,65.1844787597656,105531.83,80.57574023743,WB/UNESCO
DEU,2015,3010.28,Germany,108479.28,25.94906,41929.7549110722,59668.9890355282,48567.1117562648,46590.0,60988.7995896617,49520.0,4.76157999038696,10.6987800598144,87.5897993525767,81686611.0,2.87725,4755.29531,68.23291015625,106776.31,80.6974371632814,WB/UNESCO
DEU,2016,3062.28,Germany,110725.54,25.98579,42948.9381932694,60504.5857417161,51555.3799963446,45340.0,62700.6249423065,53030.0,4.76321983337402,10.6515398025513,84.1652066441212,82348669.0,2.88393,4839.84645,67.9464111328125,108936.51,80.8347870684725,WB/UNESCO
DEU,2017,3326.53,Germany,111426.61,,45553.9341495339,61965.4342904965,54142.7414864571,44730.0,63809.7168549642,55520.0,4.77830982208252,10.7217998504639,84.3941537010844,82657002.0,2.9886,5058.39528,68.4692306518555,109775.28,80.9842544038853,WB/UNESCO
DEU,2018,3405.06,Germany,111308.13,,48916.1686612154,62481.1183971045,56320.6026829454,48770.0,64988.7433779735,58540.0,4.88401985168457,10.9289703369141,87.037112092841,82905782.0,3.05057,5209.2143,69.1634292602539,109110.06,81.1423036204018,WB/UNESCO
DEU,2019,3398.73,Germany,113491.66,,47656.199739747,62949.8932511855,59310.9693966204,50350.0,65457.1669338841,61510.0,5.02757978439331,11.0342197418213,88.1345169091916,83092962.0,3.11256,5398.63462,72.705078125,110381.76,81.3053991689039,WB/UNESCO
DEU,2020,3657.69,Germany,112179.45,,47394.8734504469,60299.5767710809,58704.5861986404,48540.0,62345.8714469298,60200.0,5.51600980758667,10.7882499694824,89.81294133,83160871.0,3.0897,5390.05249,72.3894195556641,109197.76,81.4700055002738,WB/UNESCO
DEU,2021,3774.61,Germany,119603.62,,52349.2459994422,62630.7748127737,62630.7748127737,52850.0,64725.0552334427,64730.0,5.36734008789062,10.5759496688843,91.43060973,83196078.0,3.0786,5520.57631,75.6655426025391,117127.47,81.6325870653934,WB/UNESCO
DEU,2022,3947.08,Germany,113976.3,,50506.5179638543,63777.9291029299,69669.6495435563,55200.0,64736.4702561656,71750.0,5.23916006088257,10.6821203231812,91.62984383,83177813.0,3.07096,5801.62324,77.3656997680664,112300.79,81.7867852780995,WB/UNESCO
DJI,2003,0.0,Djibouti,1.33,,764.634465224597,,,,,,8.88988971710205,24.2714900970459,0.625940229399888,813519.0,,,1.14007997512817,1.33,72.0304414068997,WB/UNESCO
DJI,2004,0.0,Djibouti,1.88,,806.261652944964,,,,,,9.26467037200928,24.7011394500732,0.781317175068661,826124.0,,,1.43494999408722,1.88,71.6452457786012,WB/UNESCO
DJI,2005,0.0,Djibouti,3.71,,844.4483573908,,,,,,8.36588954925537,22.7150497436523,0.953599989,839167.0,,,2.15187001228333,3.71,71.3061450044404,WB/UNESCO
DJI,2006,0.0,Djibouti,2.71,,898.464628136774,,,,,,8.27877998352051,24.7079601287842,1.269999981,855764.0,,,2.43639993667602,2.71,71.0245352095823,WB/UNESCO
DJI,2007,0.0,Djibouti,3.28,,969.573220191902,,,,,,8.40625,22.5274391174316,1.62,874528.0,,,2.70820999145508,2.28,70.8118125191918,WB/UNESCO
DJI,2008,0.0,Djibouti,3.32,,1119.15233346969,,,,,,,,2.26,892734.0,,,2.89696002006531,3.23,70.6793730584341,WB/UNESCO
DJI,2009,0.0,Djibouti,8.12,,1150.9375857489,,,,,,,,4.0,911527.0,,,3.63386988639831,8.12,70.6383251554484,WB/UNESCO
DJI,2010,0.0,Djibouti,6.87,16.4995,1213.23352553429,,,,,,4.49022006988525,12.3283996582031,6.5,930251.0,,,3.61855006217956,6.87,70.6486554782903,WB/UNESCO
DJI,2011,0.0,Djibouti,4.24,,1306.34552844977,,,,,,,,7.0,948558.0,,,5.16012001037598,4.24,70.6776532458676,WB/UNESCO
DJI,2012,0.0,Djibouti,7.42,,1400.19357858954,,,,,,6.35127551762696,,9.399999619,966747.0,,,,7.42,70.7266311335377,WB/UNESCO
DJI,2013,0.0,Djibouti,6.45,,2075.94498424748,4469.07409933135,3762.2819610399,,4378.00866176691,3710.0,4.64782533103312,,12.69999981,984824.0,,,,6.45,70.7969331287484,WB/UNESCO
DJI,2014,0.0,Djibouti,7.51,,2214.62084142432,4705.04926772184,3978.34667092554,,4592.4279583577,3940.0,4.38407521258509,,17.0,1002717.0,,,,7.51,70.8899032189478,WB/UNESCO
DJI,2015,0.0,Djibouti,5.71,,2376.12554719873,4961.8681860592,4263.96288890455,2280.0,4854.7201132104,4220.0,3.59895992279053,8.57643985748291,22.89999962,1020313.0,,,,5.71,71.0068853915837,WB/UNESCO
DJI,2016,0.0,Djibouti,4.19,,2510.4300076241,5226.50026106607,4431.56588556176,2370.0,5029.20827080265,4300.0,3.92226004600525,15.159589767456,30.79999924,1037653.0,,,,4.06,71.1492236341041,WB/UNESCO
DJI,2017,0.0,Djibouti,5.24,,2618.95521147369,5421.95649149613,4676.71336058903,2450.0,5135.64004044778,4460.0,3.73344993591309,15.6437196731567,55.6814092453962,1054841.0,,,,5.74,71.318261933957,WB/UNESCO
DJI,2018,0.0,Djibouti,6.54,,2718.08338799203,5590.50426604853,5083.11077030183,2600.0,5283.69791783518,4840.0,3.75143003463745,14.4741497039795,57.06169891,1071882.0,,,,5.7,71.5153442785902,WB/UNESCO
DJI,2019,0.0,Djibouti,4.88,,2837.16902340932,5809.30455041341,5398.00036773984,2780.0,5618.94172927728,5230.0,,,58.4762001,1088709.0,,,,5.21,71.7418146554518,WB/UNESCO
DJI,2020,0.0,Djibouti,10.48,,2844.88810647853,5791.47767679877,5527.00185229888,2780.0,5593.25686249609,5350.0,,,59.92570114,1105188.0,,,,9.98,71.9990170519895,WB/UNESCO
DJI,2021,0.0,Djibouti,8.2,,3025.91126413549,5960.10807396825,5960.10807396825,2990.0,5854.10600977132,5850.0,,,61.41120148,1121248.0,,,,8.17,72.2882954556515,WB/UNESCO
DJI,2022,0.0,Djibouti,13.16,,3133.25779772463,6180.67998594606,6620.28103140186,3310.0,6144.47106926067,6750.0,,,63.77600098,1137096.0,,,,11.08,72.6109938538856,WB/UNESCO
DMA,2003,1.0,Dominica,4.58,,5447.44011496284,14398.0017636834,7714.29509851441,5310.0,,7160.0,,,23.6204198529629,68531.0,,,,4.58,65.7244163144059,WB/UNESCO
DMA,2004,0.0,Dominica,2.16,,5778.83306546506,14962.2456326016,8232.18460907415,5640.0,,7540.0,,,30.3196130921568,68649.0,,,,2.16,65.9653093849432,WB/UNESCO
DMA,2005,3.0,Dominica,5.27,,5695.22442394675,15080.5206040984,8557.41594942594,5670.0,,7920.0,,,38.54359818,68734.0,,,,5.27,66.2400724917823,WB/UNESCO
DMA,2006,2.0,Dominica,4.19,,6055.78109574854,15727.7053232323,9199.88176363236,6070.0,,8870.0,,,39.39820099,68806.0,,,,4.19,66.5451738755145,WB/UNESCO
DMA,2007,2.0,Dominica,3.94,,6459.03503689609,16560.5179009944,9949.4801649311,6280.0,,9510.0,,,40.2745018,68847.0,,,,3.89,66.877081776731,WB/UNESCO
DMA,2008,4.0,Dominica,5.22,,6971.32633839289,17738.0405685048,10862.2582742762,6880.0,,10450.0,,,41.15999985,68854.0,,,,5.22,67.232264436023,WB/UNESCO
DMA,2009,1.0,Dominica,4.22,,7487.49010395154,17534.0339616963,10803.5563678008,7080.0,,10520.0,,,42.02000046,68864.0,,,,4.22,67.6071900939817,WB/UNESCO
DMA,2010,1.5,Dominica,8.78,,7549.61964680375,17516.7879573152,10924.0953241936,7250.0,,10730.0,,,47.45,68859.0,,,,8.78,67.9983269911984,WB/UNESCO
DMA,2011,2.0,Dominica,6.94,,7705.40717248319,17475.0411061698,11122.8994140294,7510.0,,10900.0,,,48.59999847,69053.0,,,,6.94,68.3978165602727,WB/UNESCO
DMA,2012,3.92,Dominica,11.84,,7528.51001990155,17431.1288003063,10920.9085079245,7530.0,,10720.0,4.52896287885139,,49.79999924,69118.0,,,,11.84,68.754609337094,WB/UNESCO
DMA,2013,4.75,Dominica,12.08,,7822.21797211398,17282.6368040368,11286.2696974861,7440.0,,10880.0,4.35428103166344,,51.0,69715.0,,,,12.08,69.119704197722,WB/UNESCO
DMA,2014,2.33,Dominica,9.21,,8131.74876096735,17520.8546265613,12083.292631482,7670.0,,11740.0,4.33216630134647,,57.5,70373.0,,,,9.21,69.4907847110252,WB/UNESCO
DMA,2015,3.33,Dominica,10.28,8.86249,8282.59874702141,16920.9126555668,12092.7315992676,7510.0,,11630.0,3.09856009483337,10.2080097198486,65.0,70410.0,,,,9.56,69.8679153463528,WB/UNESCO
DMA,2016,0.17,Dominica,10.8,,8802.56172041363,17364.0773046793,12945.0029571643,8000.0,,12510.0,5.12971951862684,12.6980996948118,67.02999878,69606.0,,,,10.8,70.2511605730541,WB/UNESCO
DMA,2017,0.67,Dominica,12.0,,8224.64896571414,16314.2295558891,12696.1956612622,8070.0,,12770.0,4.71605005720456,9.74930241828328,69.61969757,68496.0,,,,11.75,70.6405848604787,WB/UNESCO
DMA,2018,1.2,Dominica,11.83,,9215.3085405645,16877.1244880642,15069.8972415303,8880.0,,15100.0,5.1536046272165,8.44583648342154,,68174.0,,,,11.52,71.0362526779762,WB/UNESCO
DMA,2019,0.13,Dominica,5.15,,9491.14995962374,17619.4335416769,16020.5944720217,9350.0,,15780.0,4.88721990585327,8.29829978942871,73.38200378,67880.0,,,,4.93,71.4382284948964,WB/UNESCO
DMA,2020,0.0,Dominica,5.46,,7827.74842680426,14919.5307686719,14243.7623123898,8230.0,,14480.0,4.45777988433838,10.6661701202393,75.65670013,67573.0,,,,5.02,71.846576780589,WB/UNESCO
DMA,2021,0.0,Dominica,6.91,,8376.40414141113,15808.9743503945,15808.9743503945,8660.0,15823.1205251188,15820.0,5.71689183034862,7.76732754491018,78.07949829,67202.0,,,,6.51,72.2613620044042,WB/UNESCO
DMA,2022,0.0,Dominica,5.17,,9323.66089490562,17550.8009946466,18799.1022306558,9740.0,,18890.0,6.04314243406571,9.35660435815347,80.57980347,66826.0,,,,5.06,72.682648635692,WB/UNESCO
DNK,2003,92.22,Denmark,7565.75,29.9952,40519.0974905924,58101.4809549972,30864.1123687371,34800.0,54208.996781642,30590.0,8.10986042022705,15.1582098007202,76.26,5390574.0,2.50711,4621.86049,68.1712493896484,7398.61,85.4199981689453,WB/UNESCO
DNK,2004,106.47,Denmark,7939.76,29.82436,46625.050098011,59560.4599503941,33015.5515892493,42740.0,56330.259237537,33060.0,8.1876802444458,15.5099496841431,80.93,5404523.0,2.41328,4847.79783,74.9665069580078,7667.34,85.7130276911593,WB/UNESCO
DNK,2005,112.72,Denmark,8466.21,28.67793,48925.8076698784,60798.1351548444,34238.3218147437,49750.0,58438.4846234919,34510.0,8.06474018096924,15.7961902618408,82.74,5419432.0,2.38721,5207.24681,80.8124618530273,8211.31,86.0059706832865,WB/UNESCO
DNK,2006,123.7,Denmark,8685.4,28.3821,52119.1787984282,62911.3931382937,37392.3211413889,53630.0,60530.767777804,37840.0,7.71623992919922,15.5222301483154,86.65,5437272.0,2.39875,5314.72934,78.5057678222656,8446.72,86.2501288149818,WB/UNESCO
DNK,2007,132.37,Denmark,9044.64,29.197,58631.6566433635,63251.3169416725,39110.0956365756,55870.0,60247.0252294053,39300.0,7.59683990478516,15.3610601425171,85.03,5461438.0,2.50921,5539.33467,78.243293762207,8732.7,86.4251464366349,WB/UNESCO
DNK,2008,155.98,Denmark,9294.1,28.30347,64616.6657583663,62618.4499382451,41467.3861879777,60620.0,60590.2745040473,41930.0,7.441969871521,14.8002004623413,85.02,5493621.0,2.76081,6519.6824,74.8606262207031,9091.63,86.583137512207,WB/UNESCO
DNK,2009,149.74,Denmark,9790.04,27.64096,58412.7472358513,59185.9677505533,40524.3123510224,60300.0,57012.2332448458,40930.0,8.41279029846191,14.9351301193237,86.84,5523095.0,3.04209,6674.9003,73.1106262207031,9715.23,86.7617653139929,WB/UNESCO
DNK,2010,168.6,Denmark,10314.12,27.32889,58104.5445594981,59856.3490860003,43037.5989192487,61290.0,58902.7356848623,43740.0,8.55023002624512,15.1291103363037,88.72,5547683.0,2.91389,6763.58309,72.4951477050781,10220.94,86.8652420043945,WB/UNESCO
DNK,2011,196.76,Denmark,11432.71,27.90448,61809.737898222,60391.7799332206,44443.7163844726,62050.0,59206.2623911876,45380.0,8.47716045379639,15.0597496032715,89.8100133895232,5570572.0,2.94198,7045.77406,75.9300231933594,11358.68,87.1567653955846,WB/UNESCO
DNK,2012,224.86,Denmark,12398.11,29.99536,58443.7747103968,60161.7010660256,44755.1624273018,61570.0,59276.3568724695,45770.0,7.24570989608765,12.5129699707031,92.2600117153012,5591572.0,2.9845,7181.8507,77.7465515136719,12292.72,87.2336196899414,WB/UNESCO
DNK,2013,232.68,Denmark,12912.29,26.89384,61377.5940590412,60745.7784800252,46869.1932887749,63400.0,60674.5576268304,48350.0,8.46860980987549,15.2367897033691,94.6297,5614932.0,2.96145,7115.41931,80.4186782836914,12814.35,87.5436524760432,WB/UNESCO
DNK,2014,312.8,Denmark,14140.3,30.68284,62520.4509747011,61210.9490922919,47879.5955558233,63650.0,61830.096078337,49620.0,7.63833999633789,13.862250328064,95.9935053764454,5643475.0,2.91543,7358.18842,81.3143615722656,13905.44,87.6823985731907,WB/UNESCO
DNK,2015,326.43,Denmark,14343.41,,53094.0133607574,62059.1285991721,48897.2099776611,60350.0,62599.1810475583,50410.0,,,96.3305016195436,5683483.0,3.06422,7566.45783,83.300407409668,14232.36,87.7254056577329,WB/UNESCO
DNK,2016,318.87,Denmark,14395.75,,54500.9260410217,63468.9888246814,51820.9521305491,57830.0,63528.5812868201,53120.0,7.71534013748169,14.7375202178955,96.9677852516645,5728010.0,3.10209,7852.0565,82.1714935302734,14258.86,87.6999969482422,WB/UNESCO
DNK,2017,307.79,Denmark,14654.73,,57521.5514992225,64989.4459872347,55271.5976002659,56600.0,64931.4314384958,56490.0,7.3700098991394,14.5648498535156,97.0993621555621,5764980.0,2.93576,7647.61749,81.3220062255859,14543.37,88.0161943799509,WB/UNESCO
DNK,2018,345.39,Denmark,14802.91,,61324.7665045565,65870.8302554341,57233.6231685618,61090.0,65977.2304643894,58840.0,7.32747983932495,14.4371299743652,97.3192043651002,5793636.0,2.97895,7597.52556,81.1405487060547,14575.72,88.1059762310689,WB/UNESCO
DNK,2019,372.89,Denmark,15073.24,,59404.2663247723,66758.6323346131,60594.966400191,63020.0,66954.9746999047,62360.0,7.27585983276367,14.6080303192139,98.0464347521549,5814422.0,2.90605,7693.54905,81.6945877075195,14795.84,88.2096490810669,WB/UNESCO
DNK,2020,360.53,Denmark,15427.2,,60985.4885601514,65379.3066120995,62682.2899474389,62710.0,66622.4065749753,64710.0,7.38574981689453,13.8466501235962,96.54914573,5831404.0,2.96533,7651.2843,82.6643295288086,15124.46,88.2394485473632,WB/UNESCO
DNK,2021,385.22,Denmark,16242.39,,69340.7334922138,69327.998216527,69327.998216527,69810.0,72080.3481103873,72080.0,6.95915985107422,14.0789499282837,98.8658506,5856733.0,2.74323,7708.2373,83.982292175293,15879.3,88.2616449318149,WB/UNESCO
DNK,2022,437.95,Denmark,16126.02,,67781.0940939514,69089.4692492289,78554.1217617983,72040.0,73107.4638141139,80690.0,6.35586023330688,14.1607599258423,97.86011812,5903037.0,2.86709,9037.46818,84.5866088867188,15700.65,88.3880239837703,WB/UNESCO
DOM,2003,0.0,Dominican Republic,11.53,,2383.26171780393,11000.8684059352,7097.55707815418,2600.0,10496.2119398358,6630.0,1.84465003013611,10.7097902297974,7.89839293716387,8980620.0,,,33.6751098632812,11.53,64.426197134766,WB/UNESCO
DOM,2004,0.0,Dominican Republic,13.74,,2451.69161616569,11131.2709216332,7374.81231783811,2520.0,10611.4320082666,6780.0,,,8.8655534607044,9104892.0,,,,13.41,65.8914085229291,WB/UNESCO
DOM,2005,0.0,Dominican Republic,13.88,,3878.31206735244,12022.5080544053,8215.03244569903,3000.0,11533.3557716579,7780.0,,,11.4831977789344,9225034.0,,,,13.88,67.5759180469321,WB/UNESCO
DOM,2006,0.0,Dominican Republic,18.1,,4055.14270347371,12961.9183632133,9130.06906150852,3590.0,12432.2240097873,8680.0,,,14.8449283654589,9341183.0,,,,18.1,69.333853706035,WB/UNESCO
DOM,2007,1.0,Dominican Republic,21.12,14.535,4649.64558875814,13754.9212674095,9951.13191549797,4380.0,13219.091824621,9460.0,2.04678010940552,12.5410499572754,17.66,9455658.0,,,,21.12,71.0193434994977,WB/UNESCO
DOM,2008,0.08,Dominican Republic,16.52,,5023.58513403515,14030.1411084465,10345.8080979109,4700.0,13269.103091103,9970.0,,,20.82,9573130.0,,,,16.52,72.4865154265802,WB/UNESCO
DOM,2009,0.0,Dominican Republic,15.46,,4973.95186999952,13992.4103270189,10381.6248127844,4860.0,13653.4648761491,10010.0,,,27.72,9695265.0,,,,15.21,73.5894974865426,WB/UNESCO
DOM,2010,0.06,Dominican Republic,17.26,,5478.62470398954,14975.0010126958,11245.6811888526,5260.0,14507.5045060917,10840.0,1.88728788680129,9.87571810579762,31.39999962,9820175.0,,,,16.26,74.1642773174177,WB/UNESCO
DOM,2011,0.0,Dominican Republic,19.39,,5826.51014109195,15258.0858148503,11694.6641852303,5460.0,14493.3738236583,11240.0,1.87925755786153,10.6371803357903,38.0,9945621.0,,,,19.39,74.2440389501301,WB/UNESCO
DOM,2012,1.7,Dominican Republic,25.65,,6013.81965002603,15487.2776356321,11776.6228103557,5700.0,14751.3854920627,11310.0,,,42.32,10070411.0,,,48.6290038507636,25.4,74.2398679969568,WB/UNESCO
DOM,2013,0.39,Dominican Republic,40.72,,6136.59429329301,16054.7677297656,12413.910018356,5940.0,15146.2373186429,11820.0,3.62818152019188,21.7073064898109,45.9,10193833.0,,,,38.72,74.2251359951216,WB/UNESCO
DOM,2014,0.8,Dominican Republic,42.42,,6496.45166971142,16993.587444403,13464.7925609074,6230.0,16039.9003874669,12810.0,3.62243443144513,21.5446042994354,49.58000183,10315528.0,,,49.3192689674723,38.56,74.1931533822153,WB/UNESCO
DOM,2015,0.86,Dominican Republic,34.66,,6800.95309395474,17973.1870256815,14804.0974069659,6470.0,17504.8046975956,14190.0,3.60400277306673,22.313569934789,54.2157663369785,10434829.0,,,51.7471143700009,33.71,74.1372305958285,WB/UNESCO
DOM,2016,1.25,Dominican Republic,36.46,,7160.44200982307,18968.9752386179,16282.1899127514,6750.0,18635.3694767675,15580.0,3.85049560792469,21.9452020986914,63.8708647408206,10551430.0,,,54.498998211862,35.65,74.0506780735522,WB/UNESCO
DOM,2017,3.23,Dominican Republic,48.5,,7412.71571571512,19501.8743054078,16846.2072320323,6920.0,18977.333296036,16040.0,3.92026752279272,22.3436003287715,67.5712453277737,10666843.0,,,59.9155940980465,48.58,73.926806252977,WB/UNESCO
DOM,2018,3.32,Dominican Republic,54.97,,7882.98221584944,20662.848586153,17994.8382742736,7600.0,20039.6999420482,17210.0,3.92849467476802,22.1554688287358,74.8220483597284,10782053.0,,,,52.15,73.7589255716938,WB/UNESCO
DOM,2019,2.1,Dominican Republic,71.11,,8183.01623600375,21451.286441995,19766.7628586981,7940.0,20828.5892102247,18860.0,4.04276873126053,22.3415073008317,79.71549988,10894043.0,,,,71.66,73.5403464672933,WB/UNESCO
DOM,2020,3.76,Dominican Republic,90.86,,7135.22273255899,19545.4099552943,18998.3069667315,7080.0,19178.8479577476,18070.0,4.51769850778985,20.63404198849,81.61730194,11008300.0,,24.56941,58.7264105314523,83.79,73.2643793773663,WB/UNESCO
DOM,2021,3.07,Dominican Republic,112.22,,8527.0754858205,22053.4589869955,22053.4589869955,8160.0,20958.234627322,20960.0,3.58043271614957,19.5941780430939,85.24298638,11123476.0,,23.40074,56.4690832383051,100.61,72.9243347395035,WB/UNESCO
DOM,2022,8.03,Dominican Republic,109.82,,10104.2464008585,22986.95808105,24621.9061494267,9150.0,21983.5957507569,23690.0,3.61088872070271,19.2600265459877,81.51269675,11230734.0,,20.03771,55.1665311527454,110.33,72.4203155643711,WB/UNESCO
DZA,2003,0.0,Algeria,635.4,,2283.77299346126,12835.1814413331,10802.7506702336,2090.0,12065.0510401584,10440.0,,,2.19535973086144,32175818.0,0.18122,,18.211820602417,630.99,62.1427907986812,WB/UNESCO
DZA,2004,1.0,Algeria,856.74,,2816.99384960555,13226.7650481165,11431.6856716317,2440.0,12930.2678428632,10990.0,,,4.63447508776537,32628286.0,0.15186,,18.8709297180176,852.72,62.9023132048725,WB/UNESCO
DZA,2005,0.0,Algeria,896.8,,3233.13339634212,13738.495644436,12246.2692242607,2910.0,14480.699505792,11720.0,,,5.843900204,33109249.0,0.06367,170.18968,20.7098693847656,893.0,63.6598541890144,WB/UNESCO
DZA,2006,1.33,Algeria,1273.35,,3660.66104745322,13920.6940553701,12791.3412606709,3310.0,15610.6514744892,12330.0,,,7.37598495634886,33623506.0,,,21.3458003997803,1268.86,64.4154348614309,WB/UNESCO
DZA,2007,0.5,Algeria,1396.35,,4167.45169937531,14114.6745192683,13320.9641203453,3780.0,15945.8219669158,13160.0,,,9.45119062555304,34189416.0,,,23.5956306457519,1386.54,65.1690763324461,WB/UNESCO
DZA,2008,1.67,Algeria,1748.91,26.97261,5180.91881514686,14206.7767147039,13666.2181955713,4430.0,16587.1178381052,13570.0,4.11142015457153,11.0207595825195,10.18,34816961.0,,,,1719.18,65.901485871159,WB/UNESCO
DZA,2009,6.67,Algeria,2115.44,,4235.42990456612,14104.42817214,13651.4472996412,4570.0,13952.522509629,13550.0,,,11.23,35490445.0,,,30.5014705657959,2079.48,66.5097384559521,WB/UNESCO
DZA,2010,2.59,Algeria,2093.41,,4912.78585503672,14496.4211312996,14201.3659902328,4870.0,15594.2215076914,14190.0,8.6917709007891,17.7691567101443,12.5,36188236.0,,,30.7344437013341,2055.28,67.1235057867459,WB/UNESCO
DZA,2011,1.26,Algeria,2405.01,,5916.31364364343,14641.9640935685,14639.8779436268,5050.0,16082.6832983399,14520.0,9.12453448642892,17.5647159837077,14.89999962,36903376.0,,,32.3866003582095,2353.29,67.7344007507578,WB/UNESCO
DZA,2012,4.53,Algeria,2998.95,,6033.64884689543,14697.5396133853,14441.3293398806,5630.0,16491.4657706468,14300.0,7.02950889772261,15.983725084802,18.20000076,37646166.0,,,33.5570987119466,2910.33,68.3421258553675,WB/UNESCO
DZA,2013,0.55,Algeria,3397.03,,5979.60138960585,14778.1914257233,14370.820661674,5970.0,16032.3115685865,14140.0,6.65906035504841,17.6460346655779,22.5,38414171.0,,,35.4386275633738,3317.98,68.9463836079277,WB/UNESCO
DZA,2014,0.83,Algeria,3618.61,,6094.69392314956,15073.7629403565,14694.143827383,6030.0,15880.3201049988,14420.0,6.54889841545277,16.4692016361374,29.5,39205031.0,,,36.0427983596258,3537.7,69.5468765157615,WB/UNESCO
DZA,2015,0.79,Algeria,4070.79,,4685.05902729002,15239.5171456469,13807.3515841478,5390.0,14597.5962367672,13520.0,6.17633014564047,16.0845552688873,38.20000076,40019529.0,,,38.2444735695552,3936.38,70.1433070861612,WB/UNESCO
DZA,2016,1.33,Algeria,4447.92,,4424.98529027556,15511.6858768094,13437.8460232169,4920.0,14613.860517667,13350.0,6.50210843472458,16.1110441504345,42.94549942,40850721.0,,,43.9040620880927,4300.31,70.7353778263851,WB/UNESCO
DZA,2017,5.39,Algeria,5141.7,,4554.66753957828,15427.6641894713,13493.560749484,4440.0,14747.8295058725,13340.0,5.73482350888796,17.5560719808872,47.69110107,41689299.0,0.47865,821.66519,49.177689984383,5074.39,71.3227912436551,WB/UNESCO
DZA,2018,4.93,Algeria,5291.25,,4577.21029180491,15343.4261222434,13727.1266357859,4450.0,14946.8737896468,13430.0,5.8127512720176,15.6197370582865,49.0384680793271,42505035.0,,,52.8819387317527,5481.87,71.905249845153,WB/UNESCO
DZA,2019,5.51,Algeria,6230.58,,4468.45341883656,15199.1989965639,13892.5333446205,4480.0,14652.4147533848,13610.0,5.57536563446523,16.0217587293579,55.79069901,43294546.0,,,53.8645018203122,5646.87,72.4824561380175,WB/UNESCO
DZA,2020,4.47,Algeria,5709.84,,3743.5419522929,14194.1557479619,12676.5130564294,4020.0,13002.5640198285,12470.0,6.19391724496515,16.549171340634,63.47269821,44042091.0,,,53.3752192208988,5630.26,73.0541126293395,WB/UNESCO
DZA,2021,5.92,Algeria,6839.0,,4160.55926736925,14496.8654697299,14496.8654697299,4120.0,14213.3089190043,14210.0,5.51403281769924,16.0506977400169,72.21240234,44761099.0,,,54.2222597146723,6650.05,73.6199218261573,WB/UNESCO
DZA,2022,6.76,Algeria,7606.65,,4960.30334332888,14782.2002970247,15833.5847271335,4430.0,16253.345719601,15460.0,4.74924673000603,13.101506524289,74.78150177,45477389.0,,,53.3875786756,7550.23,74.1795862354514,WB/UNESCO
ECU,2003,0.0,Ecuador,98.81,,2315.62215223014,9802.81408202125,6475.06597338992,2010.0,8817.47367665144,6170.0,,,4.46022834472698,13372306.0,0.06007,48.66397,,98.31,61.5418469886978,WB/UNESCO
ECU,2004,1.73,Ecuador,93.53,,2586.20914663347,10290.6634264766,6980.09126361805,2410.0,9144.28884172013,6620.0,,,4.83444263759525,13608701.0,,,,92.03,61.7829573274038,WB/UNESCO
ECU,2005,0.67,Ecuador,133.34,,2909.02606014388,10660.2046228939,7457.46553600433,2750.0,9760.1587348802,7120.0,,,5.994299889,13846163.0,,,,133.14,62.0068704145716,WB/UNESCO
ECU,2006,0.17,Ecuador,135.16,,3243.67010359339,10933.4897470283,7884.51693599034,3000.0,10348.0303529711,7570.0,,,7.199999809,14086131.0,0.13176,70.53158,,132.49,62.2099988435587,WB/UNESCO
ECU,2007,0.3,Ecuador,143.06,,3478.92488770671,10952.8226853948,8112.44824439693,3210.0,10648.9469636759,7800.0,,,10.80000019,14328773.0,0.13501,65.03887,,141.86,62.3887552077227,WB/UNESCO
ECU,2008,1.23,Ecuador,154.2,,4194.75750661981,11474.5257023541,8662.60736251513,3770.0,11636.8227081526,8460.0,,,18.8,14575202.0,0.23011,103.21122,38.1871795654297,153.32,62.5395521004212,WB/UNESCO
ECU,2009,1.64,Ecuador,180.38,30.20973,4053.36331139298,11403.5277978831,8662.10672699674,3970.0,11037.3274158727,8480.0,4.51763010025024,13.1725702285767,24.6,14825954.0,0.41055,118.28189,,175.66,62.6588021150118,WB/UNESCO
ECU,2010,0.67,Ecuador,192.46,35.78782,4520.30959039763,11665.6978598204,8968.94040809633,4290.0,11510.1174811578,8830.0,4.60028982162476,12.9965600967407,29.03,15076695.0,0.41127,141.13492,,188.51,62.7405258611644,WB/UNESCO
ECU,2011,0.73,Ecuador,171.31,33.45215,5153.6916424375,12449.0785549218,9768.69201080404,4770.0,12560.019135876,9610.0,4.74424982070923,11.976110458374,31.3668083587433,15326227.0,0.34115,180.01141,,172.63,62.7949053547691,WB/UNESCO
ECU,2012,3.33,Ecuador,244.88,34.49249,5634.08393191094,12961.0267423765,10244.5177816184,5320.0,13022.9767893162,10100.0,4.65310001373291,10.7788896560669,35.1351464545516,15572194.0,0.33308,281.58285,39.2524690384971,236.49,62.8408732819135,WB/UNESCO
ECU,2013,0.0,Ecuador,261.98,32.25039,6109.29031510341,13689.1520460125,11295.6127804419,5880.0,13751.0983170216,11140.0,4.92997980117798,10.5497703552246,40.279121941,15807128.0,0.37423,350.98087,39.7734405802353,251.83,62.8837286624122,WB/UNESCO
ECU,2014,0.5,Ecuador,406.82,40.37434,6405.79979300441,14064.7992246727,11835.6091276538,6190.0,14141.9128388029,11660.0,5.21019983291626,11.3429098129272,45.5903906666095,16035124.0,0.43839,400.26149,,391.74,62.9232432195799,WB/UNESCO
ECU,2015,7.42,Ecuador,657.3,43.51374,5976.1596805651,13881.5700738105,10877.7507461388,5970.0,13407.7541850872,10690.0,5.10570001602173,11.5806198120117,48.9404337892669,16266225.0,,,44.5371492743653,662.74,62.959188676731,WB/UNESCO
ECU,2016,15.46,Ecuador,1152.65,,5917.63771271481,13586.5160772568,10881.4890706732,5750.0,13192.0368413131,10670.0,4.46397668804552,,54.0629247288864,16505139.0,,,,1095.45,62.9913367571804,WB/UNESCO
ECU,2017,12.74,Ecuador,1599.51,,6233.32244797718,14179.1537503305,11793.4797426944,5930.0,13888.6068860216,11530.0,4.60667733499397,,55.79999924,16759519.0,,,,1555.75,63.0194591842425,WB/UNESCO
ECU,2018,21.71,Ecuador,2166.56,,6303.91886658338,14083.5069982304,12186.8846084388,6120.0,13784.6893332491,11860.0,4.6250260585881,,57.5,17049547.0,,,47.3311832253279,1985.85,63.0433276812321,WB/UNESCO
ECU,2019,28.17,Ecuador,2457.62,,6205.05765246766,13870.4895118068,12543.0148243925,6100.0,13554.8237301385,12180.0,4.24576997756958,10.680290222168,59.2,17340021.0,,,47.2627814012203,2137.31,63.0627139714638,WB/UNESCO
ECU,2020,35.44,Ecuador,2930.96,,5463.64515348598,12440.3263747814,11526.8013009278,5410.0,11922.3720709005,11130.0,4.26103019714355,10.5995502471924,70.7,17546065.0,,,56.9066311483682,2379.17,63.0773897782521,WB/UNESCO
ECU,2021,48.96,Ecuador,3095.23,,6061.32350181711,13507.4445638375,13507.4445638375,6100.0,13297.9440277925,13300.0,3.65649008750915,9.76185035705566,69.1147995,17682454.0,,,,2473.5,63.0871268249117,WB/UNESCO
ECU,2022,49.49,Ecuador,3573.97,,6515.58528418336,14186.6388544625,15195.6639594842,6550.0,13884.2540557965,14950.0,3.61301994323731,9.29922962188721,69.71811356,17823897.0,,,59.879782344866,3317.49,63.0901835932266,WB/UNESCO
EGY,2003,3.13,Egypt,3554.55,,1031.27556291284,10250.376550149,5928.07945348429,1160.0,10460.97366761,5920.0,4.94563007354736,15.351900100708,4.03788510706701,77853548.0,,,26.0245094299316,3547.4,42.8834685533792,WB/UNESCO
EGY,2004,4.17,Egypt,3560.45,,991.255689145253,10451.8217511529,6207.12492167934,1120.0,10784.7042744101,6190.0,4.67072010040283,14.7487096786499,11.92,79477443.0,0.26994,,27.2862091064453,3548.24,42.9255593360476,WB/UNESCO
EGY,2005,1.58,Egypt,3617.7,,1105.53920713903,10700.6090372525,6554.12885087777,1130.0,11066.5059902175,6540.0,4.79442977905273,15.0436096191406,12.75,81101004.0,0.24141,,28.4127006530762,3604.19,42.9569271409488,WB/UNESCO
EGY,2006,2.02,Egypt,3939.67,,1298.97900203124,11211.8320228671,7079.02808458206,1230.0,11854.7643945835,7110.0,4.00178003311157,11.0185899734497,13.66,82700403.0,0.25903,,28.3695907592773,3910.53,42.9729991680104,WB/UNESCO
EGY,2007,6.63,Egypt,4425.22,,1547.74170735909,11782.0060717026,7640.57228561817,1420.0,12381.4364898684,7710.0,3.68460988998413,11.2096395492554,16.03,84276225.0,0.2551,591.25817,28.8399200439453,4384.23,42.9729666344509,WB/UNESCO
EGY,2008,3.71,Egypt,4857.26,,1896.21594269779,12391.5847624938,8190.70913136542,1710.0,13041.022624645,8260.0,3.76082992553711,10.9418001174927,18.01,85864789.0,0.27024,410.61485,28.6861095428467,4819.59,42.9608989120873,WB/UNESCO
EGY,2009,8.22,Egypt,6012.69,,2161.63964573927,12728.0814587564,8465.02052429651,1970.0,12848.0985175277,8470.0,,,20.0,87501636.0,0.43312,405.67613,29.2693099975586,5969.79,42.9383470624904,WB/UNESCO
EGY,2010,8.82,Egypt,6574.14,,2455.08194645282,13128.9878334831,8837.76450012969,2200.0,13075.4371574655,8660.0,,,21.6,89196072.0,0.43345,461.31975,30.0727383660214,6487.07,42.9057175520154,WB/UNESCO
EGY,2011,12.08,Egypt,7169.3,,2590.64384891965,13082.4263680239,8988.10781880653,2380.0,13245.4126181049,8760.0,,,25.6,91093059.0,0.53154,461.59381,25.5901820932158,7082.67,42.8634168470177,WB/UNESCO
EGY,2012,9.83,Egypt,8281.32,,2996.0677072015,13076.8052394876,10342.4317112754,2630.0,13050.6852677019,10100.0,,,26.4,93161001.0,0.50899,485.09394,26.2271566255146,8162.57,42.8118514138525,WB/UNESCO
EGY,2013,11.93,Egypt,8509.71,,3025.52563552448,13058.0748238237,10511.3931678495,2810.0,13131.1641188426,10240.0,,,29.4,95333553.0,0.63895,505.91384,28.3479816954113,8371.07,42.7514277188751,WB/UNESCO
EGY,2014,11.14,Egypt,9014.75,,3133.39102265541,13136.3656298099,10256.4367553616,3000.0,13096.2303376662,10010.0,,,33.8946039115275,97528654.0,0.63649,632.88092,29.1134325604942,8857.25,42.6825522284408,WB/UNESCO
EGY,2015,21.04,Egypt,9709.94,,3306.98159414141,13425.9119599492,10903.3368231185,3100.0,13434.484453192,10710.0,,,37.8193834276939,99597342.0,0.71858,631.04334,32.8848991394043,9538.24,42.6056314089048,WB/UNESCO
EGY,2016,10.29,Egypt,11127.39,,3270.6287768197,13727.3201600816,10665.6676499685,3200.0,13708.7094257364,10520.0,,,41.2480670885772,101644589.0,0.70848,646.99675,31.8731307983398,10948.53,42.5210717266225,WB/UNESCO
EGY,2017,20.83,Egypt,11187.53,,2395.10333299491,14018.3605934411,11124.7351098149,2880.0,13841.450725257,10920.0,,,44.9502042452857,103696057.0,0.64486,636.00218,33.1018892935221,11384.08,42.4486008687179,WB/UNESCO
EGY,2018,33.15,Egypt,13196.84,,2484.70315630508,14488.2094340261,12329.2446781436,2710.0,14205.9044719875,12030.0,,,46.92433676792,105682094.0,0.68839,645.44342,36.1230010986328,12832.25,42.4577177449969,WB/UNESCO
EGY,2019,31.12,Egypt,15448.49,,2962.98892023003,15026.568243683,13363.732696323,2640.0,14527.5427989412,12900.0,,,57.2828663990195,107553158.0,0.79617,776.5619,33.622825887244,14815.5,42.4812027332648,WB/UNESCO
EGY,2020,24.98,Egypt,18009.29,,3511.11381026379,15309.2359881835,15231.865417764,2960.0,14859.2189172532,14780.0,,,71.91420096,109315124.0,0.91564,790.65531,38.773998260498,17901.1,42.5181534630674,WB/UNESCO
EGY,2021,40.67,Egypt,21379.39,,3827.35415374308,15579.0160861551,15579.0160861551,3470.0,15124.1534087455,15120.0,,,72.05599976,110957008.0,0.91175,808.43512,35.1185317783157,20781.71,42.5686062621468,WB/UNESCO
EGY,2022,53.74,Egypt,24025.0,,4233.30783744856,16360.390775011,17524.0240491999,4040.0,15840.4762475068,16940.0,,,72.19806556,112618250.0,1.01968,829.2751,36.462230682373,22502.97,42.6325129008032,WB/UNESCO
ERI,2003,0.0,Eritrea,14.3,,348.950327077742,,1620.85093038852,310.0,,1600.0,,,,2493903.0,,,,14.3,34.7451286315918,WB/UNESCO
ERI,2004,0.0,Eritrea,11.69,31.89752,426.840947887032,,1620.76402913745,350.0,,1600.0,3.14896988868713,7.1314001083374,,2598284.0,,,1.97107994556427,11.69,34.9324645996094,WB/UNESCO
ERI,2005,1.0,Eritrea,11.76,,412.753079199423,,1674.07005452601,410.0,,1660.0,,,,2661215.0,,,,11.76,35.1022033691406,WB/UNESCO
ERI,2006,0.0,Eritrea,20.62,,447.997404727201,,1682.23894200316,440.0,,1670.0,2.12700009346008,5.44515991210938,,2703502.0,,,,20.62,35.2525177001953,WB/UNESCO
ERI,2007,0.0,Eritrea,17.15,,480.44762365456,,1727.0934416535,450.0,,1720.0,,,0.409999996,2743222.0,,,,15.15,35.3820953369141,WB/UNESCO
ERI,2008,0.0,Eritrea,9.5,,490.066956003333,,1546.9274753031,440.0,,1530.0,,,0.469999999,2816327.0,,,,8.5,35.4897117614746,WB/UNESCO
ERI,2009,0.0,Eritrea,6.96,,642.92572288007,,1576.7428460066,520.0,,1560.0,,,0.540000021,2887885.0,,,3.67761993408203,6.96,35.5742034912109,WB/UNESCO
ERI,2010,0.0,Eritrea,10.47,,539.699512069686,,1599.19106101231,550.0,,1580.0,,,0.610000014,2945186.0,,,4.35516023635864,10.47,35.6346549987793,WB/UNESCO
ERI,2011,0.0,Eritrea,11.6,,688.68165957684,,1742.32363018235,650.0,,1720.0,,,0.699999988,2998485.0,,,,11.6,35.6706275939941,WB/UNESCO
ERI,2012,0.0,Eritrea,4.25,,,,,,,,,,0.800000012,3036988.0,,,,4.25,35.6824264526367,WB/UNESCO
ERI,2013,0.0,Eritrea,10.52,,,,,,,,,,0.899999976,3074360.0,,,,10.27,35.6713333129883,WB/UNESCO
ERI,2014,0.0,Eritrea,7.65,,,,,,,,,,0.99000001,3095173.0,,,4.12871980667114,7.65,35.639720916748,WB/UNESCO
ERI,2015,0.0,Eritrea,10.34,,,,,,,,,,1.083699942,3105546.0,,,3.51574993133545,10.34,35.591007232666,WB/UNESCO
ERI,2016,0.0,Eritrea,8.86,,,,,,,,,,1.177099943,3124698.0,,,3.20262002944946,8.85,35.5254287719727,WB/UNESCO
ERI,2017,0.0,Eritrea,13.65,,,,,,,,,,2.496099949,3150347.0,,,,13.65,35.4427146911621,WB/UNESCO
ERI,2018,0.0,Eritrea,21.47,,,,,,,,,,5.293000221,3192760.0,,,,20.38,35.3451042175293,WB/UNESCO
ERI,2019,0.0,Eritrea,26.56,,,,,,,,,,11.22379971,3240194.0,,,,29.31,35.2352333068848,WB/UNESCO
ERI,2020,0.27,Eritrea,37.68,,,,,,,,,,14.34939957,3291271.0,,,,36.08,35.116138458252,WB/UNESCO
ERI,2021,0.1,Eritrea,32.82,,,,,,,,,,,3350183.0,,,,32.01,34.9871139526367,WB/UNESCO
ERI,2022,0.33,Eritrea,34.32,,,,,,,,,,,3409447.0,,,,29.98,34.8469276428223,WB/UNESCO
ESP,2003,463.0,Spain,29480.2,23.21864,21522.0170990262,42223.130174522,25057.3469945838,18080.0,42011.1972819365,24850.0,4.17126989364624,10.8753499984741,39.93,42187645.0,1.0232,2195.10581,65.5322113037109,29227.36,76.709335590859,WB/UNESCO
ESP,2004,513.71,Spain,32067.97,22.8942,24925.0267844576,42793.3902326006,26159.7864720491,22140.0,42522.278244328,25920.0,4.15485000610352,10.7112703323364,44.01,42921895.0,1.04013,2356.18397,67.4735717773438,31741.7,76.9549627547133,WB/UNESCO
ESP,2005,540.23,Spain,36149.35,22.36546,26450.9530130382,43570.7652574033,27629.7077024966,25910.0,43207.0487595174,27250.0,4.14090013504028,10.7697601318359,47.88,43653155.0,1.09866,2516.19827,68.1358337402344,35806.51,77.2206801920294,WB/UNESCO
ESP,2006,589.77,Spain,39826.15,22.25303,28421.686527407,44572.6815459931,30748.7396326091,27860.0,44047.3205256515,30180.0,4.17999982833862,10.8878297805786,50.37,44397319.0,1.17567,2613.24064,68.9646224975586,39136.41,77.4968648783202,WB/UNESCO
ESP,2007,662.82,Spain,42535.8,22.86417,32652.015594702,45301.2843416374,32536.1882684038,29780.0,44632.9103250492,31740.0,4.24615001678467,10.8369398117065,55.11,45226803.0,1.23823,2720.22197,69.2297668457031,41935.29,77.7738937890987,WB/UNESCO
ESP,2008,822.39,Spain,44455.71,23.07994,35603.248328071,44926.348951812,33349.942580613,32270.0,43907.3931681574,32420.0,4.51630020141602,10.926079750061,59.6,45954106.0,1.32156,2850.35985,69.4019393920898,43683.36,78.0421438998777,WB/UNESCO
ESP,2009,885.41,Spain,47475.55,22.82928,32279.8208476151,42852.220888454,32218.2880170155,32630.0,42735.2253048693,31600.0,4.89520978927612,10.6249799728394,62.4,46362946.0,1.35898,2876.51477,71.4311676025391,46669.4,78.2919921861701,WB/UNESCO
ESP,2010,1022.68,Spain,49344.84,23.43326,30658.7422282912,42695.5274189933,31804.6746571689,32060.0,42457.4249684497,31340.0,4.83606004714966,10.548810005188,65.8,46576897.0,1.35436,2879.99747,76.3829116821289,48292.23,78.5138156234888,WB/UNESCO
ESP,2011,1176.85,Spain,52408.62,23.43326,31824.6219134777,42271.8346788238,32015.5752000401,31170.0,41496.3348542824,31450.0,4.71897983551025,10.2716302871704,67.0899993926581,46742697.0,1.32726,2775.30203,80.7240905761719,51182.7,78.695397956495,WB/UNESCO
ESP,2012,1290.22,Spain,54679.57,22.30695,28456.4438151477,41034.0481566356,31869.7839822219,29710.0,40556.2586141243,31610.0,4.46012020111084,9.05819034576416,69.8099999420024,46773055.0,1.29268,2693.39973,82.89208984375,53300.35,78.8455680301618,WB/UNESCO
ESP,2013,1324.16,Spain,54727.56,22.43703,29228.846559842,40594.914008768,32613.6891811474,29400.0,40325.3986661913,32400.0,4.32852983474731,9.37672996520996,71.635,46604197.0,1.26864,2623.64689,85.1826324462891,53214.96,78.9858086902112,WB/UNESCO
ESP,2014,1446.9,Spain,56177.8,22.49025,29707.765509467,41339.4111169417,33760.9555646369,29350.0,41072.916142609,33640.0,4.27524995803833,9.48867034912109,76.1867089778712,46460733.0,1.23401,2614.44648,87.9358520507812,54348.74,79.1196713833488,WB/UNESCO
ESP,2015,1402.99,Spain,55305.66,22.35801,25982.4416197775,43053.761430314,35228.6333036223,28700.0,42975.4432523381,35200.0,4.24903011322021,9.72698974609375,78.6896318703515,46422303.0,1.21165,2622.53289,88.5305328369141,53300.4,79.2454892743023,WB/UNESCO
ESP,2016,1413.14,Spain,55591.05,21.79022,26755.6061149398,44274.6676149922,37612.7188681342,27760.0,44331.9469074391,37670.0,4.19327020645142,9.95104026794434,80.5613329432179,46458139.0,1.1808,2712.74943,89.810791015625,53890.2,79.3615955277997,WB/UNESCO
ESP,2017,1744.75,Spain,55884.36,,28381.3425596906,45446.2508575695,39825.2498116292,27290.0,45354.572700567,39810.0,4.17846012115479,10.1795501708984,84.6022457016524,46571232.0,1.20198,2847.3656,92.070182800293,53940.53,79.4663233085683,WB/UNESCO
ESP,2018,1692.24,Spain,57270.34,,30602.4212881113,46325.2099441141,41015.1565755187,29530.0,46178.9889426337,41030.0,4.15045022964478,9.99577045440674,86.107235525659,46782011.0,1.23288,2984.29629,92.5194931030273,54675.87,79.5580057813361,WB/UNESCO
ESP,2019,1858.32,Spain,60307.51,,29786.5245689007,46896.4171141424,44042.757577336,30560.0,46746.6997698406,44090.0,4.20255994796753,10.0043096542358,90.718665325267,47118501.0,1.24207,3048.15265,91.5387725830078,57221.5,79.6349761108307,WB/UNESCO
ESP,2020,1925.21,Spain,65541.7,,27233.9426461608,41553.4477945675,39327.8479269599,27410.0,41708.8291890707,39400.0,4.85118007659912,9.43229007720947,93.20564892,47359424.0,1.39637,3051.64642,91.59912109375,60134.98,79.6955674617799,WB/UNESCO
ESP,2021,2224.03,Spain,70281.94,,30799.4775937775,44251.6658222621,44251.6658222621,30380.0,44547.0890684834,44550.0,4.81316995620728,9.72498035430908,93.89752157,47443821.0,1.39617,3229.64887,95.3768997192383,63622.32,79.7846242983598,WB/UNESCO
ESP,2022,2155.69,Spain,67099.71,,30319.4987196616,46733.4809780536,51482.523634807,32690.0,45931.3224488473,51740.0,4.58553981781006,9.87539005279541,94.4855432,47786102.0,1.40684,3387.49657,95.0271606445312,61269.93,79.9548794567814,WB/UNESCO
EST,2003,16.74,Estonia,571.1,19.26275,7205.40703313243,25485.1613028986,13135.0419683127,5730.0,21444.6451910558,12370.0,5.27171993255615,15.0392198562622,45.32,1370720.0,0.76445,2193.7335,64.2222671508789,568.35,67.4341760348669,WB/UNESCO
EST,2004,14.07,Estonia,636.57,17.3814,8916.0728274602,27381.5350626694,14538.0273203932,7500.0,23287.6896521832,13720.0,4.87566995620728,14.3060798645019,53.2,1362550.0,0.84566,2465.56876,65.7773971557617,637.14,67.467351453949,WB/UNESCO
EST,2005,11.41,Estonia,720.21,18.94835,10414.6381183565,30161.1996133966,16638.0779749397,9730.0,26211.0682294884,15870.0,4.80935001373291,14.2651500701904,61.45,1354775.0,0.91687,2451.18781,67.9843521118164,718.13,67.5080523578799,WB/UNESCO
EST,2006,12.69,Estonia,901.46,,12641.4800976473,33301.4945486206,19344.2638980902,11500.0,29215.9349547962,18270.0,,,63.51,1346810.0,1.11259,2600.75424,68.7950820922852,896.68,67.5557177507269,WB/UNESCO
EST,2007,24.67,Estonia,1079.02,21.97672,16745.4308011148,35986.5161332684,22200.5486407425,13430.0,31729.5427617062,20480.0,4.6196699142456,13.6502599716187,66.19,1340680.0,1.05869,2747.58209,68.8220596313477,1072.01,67.6097866365576,WB/UNESCO
EST,2008,14.67,Estonia,1143.75,19.87099,18205.9064113446,34233.7643806167,22803.5194742273,15190.0,31240.717670748,21610.0,5.48375988006592,13.8649301528931,70.58,1337090.0,1.25182,2972.93057,67.8356094360352,1120.64,67.6696980194394,WB/UNESCO
EST,2009,16.46,Estonia,1166.8,22.06965,14712.4494217916,29281.6798284656,20488.94990724,14570.0,27663.3053578812,19860.0,5.9597601890564,12.9280996322632,72.5,1334515.0,1.39673,3229.67528,67.8494186401367,1148.82,67.7348909034398,WB/UNESCO
EST,2010,23.46,Estonia,1416.28,21.73776,14663.7041018705,30067.501040775,21614.3068307361,14580.0,27635.0488499547,20450.0,5.51753997802734,13.5586395263672,74.1,1331475.0,1.57892,3057.78287,68.7101593017578,1399.91,67.8048042926262,WB/UNESCO
EST,2011,22.73,Estonia,1397.32,25.08595,17555.5455239426,32453.1008476709,24652.3610297918,15900.0,30188.992963601,23400.0,4.99514007568359,13.2763795852661,76.5,1327439.0,2.29632,3392.80584,71.0235290527344,1374.15,67.8775556334506,WB/UNESCO
EST,2012,39.22,Estonia,1497.43,21.82186,17568.2137969714,33765.4302075072,26242.5282659014,16910.0,31809.3578366116,25160.0,4.67340993881226,11.8632898330688,78.3899259259259,1322696.0,2.10485,3457.75569,72.9364700317383,1474.31,67.9629593320316,WB/UNESCO
EST,2013,38.21,Estonia,1450.11,28.22683,19310.3874900757,34481.0148921506,27831.1526234213,18370.0,33411.3992834215,27170.0,4.78006982803345,12.4780702590942,80.0043,1317997.0,1.70141,3338.3961,75.4523162841797,1427.92,68.0923458296768,WB/UNESCO
EST,2014,35.09,Estonia,1687.96,26.23038,20581.7898991695,35720.3025335234,29403.6584494815,19210.0,34900.8641590081,28610.0,4.32586002349854,11.5191698074341,84.2415280294352,1314545.0,1.40794,3285.59355,76.2024536132812,1651.41,68.2668382808032,WB/UNESCO
EST,2015,34.34,Estonia,1544.89,27.04369,17722.1557669523,36353.0580520449,29712.6299473728,18900.0,35819.567996761,29080.0,5.05127000808716,12.8675603866577,88.4097035040431,1315407.0,1.44125,3188.49188,74.5832824707031,1530.69,68.4796609690553,WB/UNESCO
EST,2016,37.08,Estonia,1575.25,27.11812,18666.3736521706,37466.5561839318,31947.7769107437,18640.0,37228.5596758687,31280.0,5.05511999130249,12.9944200515747,87.2402327514547,1315790.0,1.21835,3296.37262,73.0334320068359,1551.31,68.724038178078,WB/UNESCO
EST,2017,30.88,Estonia,1589.67,,20851.5223496861,39529.785973279,34506.6486942506,19140.0,39139.4539432696,33710.0,4.86288022994995,12.51416015625,88.1024568740199,1317384.0,1.25152,3552.46537,72.1369781494141,1562.61,68.9931941915158,WB/UNESCO
EST,2018,41.71,Estonia,1503.59,,23618.1361254581,40849.8473475564,37120.9879761677,21600.0,40900.051894846,36370.0,5.13962984085083,13.2388801574707,89.3570077747426,1321977.0,1.38298,3766.08146,72.0659637451172,1504.36,69.2803532930133,WB/UNESCO
EST,2019,35.53,Estonia,1694.02,,24021.2501413306,42215.0343835811,40586.3784378888,23490.0,42487.7071408315,39800.0,5.16415023803711,13.2011098861694,90.2289281997919,1326898.0,1.59093,3770.42028,72.7060317993164,1639.1,69.5787397662154,WB/UNESCO
EST,2020,45.87,Estonia,1794.38,,23933.9939421065,40916.7194113327,40672.1340402132,23580.0,40348.9170381702,40090.0,5.44180011749268,12.1634101867676,89.05828666,1329522.0,1.72614,3836.37969,72.0443572998047,1722.9,69.8815778947665,WB/UNESCO
EST,2021,54.66,Estonia,1877.57,,27951.1659277744,44247.4198971873,44247.4198971873,26490.0,43219.4784229351,43220.0,5.21514987945557,12.3894596099853,90.97970174,1330932.0,1.75152,4036.13127,73.1502075195312,1765.86,70.1777274135822,WB/UNESCO
EST,2022,40.27,Estonia,1842.31,,28340.3826549406,43124.6196563775,48029.83322897,27580.0,42807.8133108938,47080.0,5.20733976364136,13.0291900634766,91.52016546,1348840.0,1.76094,4654.85436,71.4251937866211,1791.71,70.4892333736738,WB/UNESCO
ETH,2003,0.33,Ethiopia,209.63,,116.800491132777,795.772138298998,492.840755426372,110.0,,490.0,,,0.105811658802603,73832663.0,,,2.40167999267578,207.3,15.5438537597656,WB/UNESCO
ETH,2004,0.0,Ethiopia,212.46,,133.169812538096,877.114494958363,557.825634822152,130.0,,550.0,,,0.155334520794722,76077206.0,,,2.72982001304627,211.14,15.7585906982422,WB/UNESCO
ETH,2005,1.01,Ethiopia,223.2,,158.243458082465,952.115666282409,624.510692420558,160.0,,620.0,,,0.219659818999505,78367470.0,0.17917,20.82551,2.94167995452881,222.12,15.982967376709,WB/UNESCO
ETH,2006,0.58,Ethiopia,277.91,,189.345737521418,1024.72911937532,692.866907660764,180.0,,690.0,5.49094009399414,23.9753799438477,0.310592656856176,80703490.0,,,,278.12,16.2148475646973,WB/UNESCO
ETH,2007,3.0,Ethiopia,331.52,,237.146255996319,1109.14330259683,770.261155180565,210.0,,770.0,5.45110988616943,24.6994495391846,0.37,83103217.0,0.17089,19.72278,,328.48,16.0948330261902,WB/UNESCO
ETH,2008,1.58,Ethiopia,360.35,,316.410475118075,1193.74728331296,844.988379988881,270.0,,850.0,5.40819978713989,26.3557300567627,0.449999988,85543668.0,,,3.53211998939514,356.62,16.7936706542969,WB/UNESCO
ETH,2009,0.51,Ethiopia,408.2,39.12769,368.574712267445,1262.46398000981,899.140901805678,330.0,,900.0,4.42207002639771,23.5837497711182,0.540000021,88007636.0,,,5.09216022491455,402.86,17.1511001586914,WB/UNESCO
ETH,2010,3.6,Ethiopia,445.78,43.93656,330.619412798644,1381.19044650715,995.653978546208,370.0,,990.0,4.49659013748169,26.3040409088135,0.75,90538514.0,0.24137,41.46809,6.96482992172241,444.9,17.4937839508057,WB/UNESCO
ETH,2011,1.45,Ethiopia,492.24,44.87735,343.024942351887,1492.53396469943,1098.11515728787,380.0,1354.14444121097,1100.0,5.4857702255249,29.674430847168,1.100000024,93149970.0,,,7.27566003799438,487.65,17.863790512085,WB/UNESCO
ETH,2012,2.19,Ethiopia,650.03,46.83746,452.101031885754,1576.76875733933,1178.97474553026,400.0,1475.95212396534,1180.0,5.56677007675171,30.5395393371582,2.900000095,95798767.0,,,7.62416982650757,627.02,18.2061367034912,WB/UNESCO
ETH,2013,0.77,Ethiopia,771.42,42.71091,484.039833104062,1696.86515588665,1252.86896408004,450.0,1604.63433733017,1250.0,4.4985499382019,27.0210990905762,4.599999905,98438751.0,0.60474,43.9301,,750.01,18.615514755249,WB/UNESCO
ETH,2014,4.63,Ethiopia,985.33,45.92157,549.986577082588,1821.39161772403,1484.63145566608,530.0,1757.08185881934,1480.0,4.60201978683472,25.9183807373047,7.699999809,101115610.0,,,5.9192507771213,953.77,19.0262870788574,WB/UNESCO
ETH,2015,2.62,Ethiopia,1014.8,47.8522,597.912113218663,1957.41454184551,1632.61818006837,570.0,1917.08408191526,1630.0,4.73791868878759,22.3498306099001,13.8551755555556,103867135.0,,,,991.2,19.451566696167,WB/UNESCO
ETH,2016,7.24,Ethiopia,1168.41,,641.651523286233,2084.84055616471,1857.54946515224,620.0,2044.34214868447,1850.0,5.06151399998447,23.0133628237675,15.3669238595896,106718162.0,,,,1140.05,19.8763618469238,WB/UNESCO
ETH,2017,4.57,Ethiopia,1630.8,,696.348429076216,2222.82824478259,2004.74755633129,670.0,2176.1363925527,1990.0,5.49905076025271,23.3241718657101,15.62440014,109666481.0,0.27437,89.03843,,1597.16,20.3084850311279,WB/UNESCO
ETH,2018,9.88,Ethiopia,2100.47,,739.702022272086,2311.16511656359,2095.3175782979,730.0,2224.61186644755,2090.0,5.22011189522399,22.991757345067,15.88619995,112664152.0,,,,2048.67,20.7838096618652,WB/UNESCO
ETH,2019,10.62,Ethiopia,2735.23,,793.473247218996,2437.97046047967,2242.44488312932,790.0,2341.28391890348,2230.0,4.48086946127054,20.9222025193983,15.98460007,115737383.0,,,,2760.84,21.2486705780029,WB/UNESCO
ETH,2020,10.74,Ethiopia,4141.92,,829.790982552951,2516.54907638899,2406.78938480121,820.0,2476.35493077901,2390.0,4.0905654220699,22.4477192882845,16.06959915,118917671.0,,,,4147.28,21.6260051727295,WB/UNESCO
ETH,2021,20.76,Ethiopia,5716.0,,893.009835441784,2588.41310213778,2588.41310213778,880.0,2575.06831461574,2580.0,4.06524874309096,23.5620427455929,16.6981031,122138588.0,,,,5572.61,22.1067085266113,WB/UNESCO
ETH,2022,33.15,Ethiopia,7155.92,,982.103161502198,2655.59276743639,2844.47188098448,960.0,2633.07198194288,2830.0,3.73649512188829,23.0064025033357,17.9836998,125384287.0,,,,7017.98,22.7367687225342,WB/UNESCO
FIN,2003,168.69,Finland,8091.63,32.03157,32920.0857192568,49655.5451564067,29042.698985165,28790.0,51087.1256648127,28870.0,6.168869972229,12.7759704589844,69.22,5213014.0,3.29898,,88.286979675293,8049.95,68.0425549126858,WB/UNESCO
FIN,2004,215.09,Finland,8820.77,32.20137,37768.1334202029,51494.705860401,31195.1243346394,35370.0,53234.0242740189,31410.0,6.15823984146118,12.7789602279663,72.39,5228172.0,3.30943,7855.56192,90.1379318237305,8775.08,68.2766596767133,WB/UNESCO
FIN,2005,166.14,Finland,9211.78,31.81018,39049.8703780223,52744.048034135,32047.7069315564,40230.0,53785.9692021527,32180.0,6.02582979202271,12.2496995925903,74.48,5246096.0,3.32412,7558.69966,91.9409408569336,9175.15,68.5140529517604,WB/UNESCO
FIN,2006,180.13,Finland,9476.9,31.65186,41214.0187765069,54653.981203281,34440.3771039162,42830.0,55342.8966234586,34750.0,5.92960977554321,12.2838201522827,79.66,5266268.0,3.33285,7689.18984,93.4309921264648,9421.22,68.7588279849327,WB/UNESCO
FIN,2007,191.16,Finland,9450.35,31.36248,48473.0240091455,57313.2916474478,37842.9164695203,46190.0,57532.7017116875,37950.0,5.67164993286133,12.1499500274658,80.78,5288720.0,3.33727,7390.55027,95.0834808349609,9353.52,69.0200377316963,WB/UNESCO
FIN,2008,250.67,Finland,9647.85,31.00429,53769.4726240385,57494.585352886,40081.2212482066,50160.0,57027.3070914863,40150.0,5.83046007156372,12.1785898208618,83.67,5313399.0,3.53719,7712.31606,95.8668518066406,9555.11,69.2943672196361,WB/UNESCO
FIN,2009,262.62,Finland,10026.71,31.74847,47478.3495310999,52599.1487066911,37988.4498659536,48950.0,52828.9073450791,38460.0,6.45998001098633,11.942720413208,82.49,5338871.0,3.73427,7669.28354,92.0154724121094,9931.81,69.546259966947,WB/UNESCO
FIN,2010,260.89,Finland,10072.37,31.8473,46506.2919016566,54017.9458623339,38946.228265358,49750.0,54025.797251805,39460.0,6.504310131073,12.0410404205322,86.89,5363352.0,3.70524,7740.92101,93.1867599487305,9979.37,69.7855798796947,WB/UNESCO
FIN,2011,335.98,Finland,10343.68,32.0233,51060.3242589767,55053.3906850323,40845.9566729849,50200.0,54178.219817438,41020.0,6.45624017715454,11.993260383606,88.70999491353,5388272.0,3.62434,7441.97757,93.2884292602539,10250.43,70.0583261874252,WB/UNESCO
FIN,2012,344.99,Finland,10587.78,28.56467,47551.6740841369,53957.6680986279,40739.1131809421,48820.0,52892.8163344074,40920.0,7.1715497970581,12.8759498596191,89.879997974222,5413971.0,3.4095,7492.46096,91.5533828735352,10479.48,70.3661363168712,WB/UNESCO
FIN,2013,331.2,Finland,10837.45,28.04155,49691.0145200739,53183.4286685126,41325.8052072321,49390.0,52372.3112944874,41560.0,7.15288019180298,12.5255098342896,91.5144,5438972.0,3.28462,7222.80668,91.2365264892578,10714.78,70.6742118159277,WB/UNESCO
FIN,2014,385.26,Finland,11283.46,27.91297,50073.7760815871,52710.7334867778,41547.0984485393,49210.0,52420.3157497592,42000.0,7.13832998275757,12.3875398635864,86.5303927529377,5461512.0,3.16344,7022.1865,89.9938812255859,11089.54,70.9879168940753,WB/UNESCO
FIN,2015,360.6,Finland,11122.9,26.69626,42560.3456767103,52782.4873926277,42257.8593791297,46860.0,52995.3672468636,42630.0,7.07199001312256,12.686710357666,86.4221333325445,5479531.0,2.88826,6855.97138,89.6573791503906,10992.47,71.3054930040604,WB/UNESCO
FIN,2016,410.68,Finland,11298.48,26.54204,43451.2562442158,53984.6316254715,44562.4011072067,45160.0,53926.14764004,44760.0,6.90873003005981,12.5376996994019,87.7036499599455,5495303.0,2.74716,6543.69993,89.3280029296875,11169.41,71.6158383428171,WB/UNESCO
FIN,2017,339.68,Finland,10979.67,,46085.0174739036,55637.2262781223,47234.8528600939,44520.0,55259.819011508,47250.0,6.40826988220215,12.1255102157593,87.4689290730615,5508214.0,2.74723,6731.45341,90.6983871459961,10919.92,71.9563038312956,WB/UNESCO
FIN,2018,382.14,Finland,11150.48,,49654.2497035329,56226.337241343,49248.6775395866,47900.0,56202.5888875683,49450.0,6.31771993637085,11.9958200454712,88.8899599985585,5515525.0,2.77601,6872.68968,92.3850021362305,10966.86,72.3423467740343,WB/UNESCO
FIN,2019,354.76,Finland,11414.95,,48358.1807773701,56922.4873163103,52276.1115723992,49590.0,56731.9107039573,52460.0,6.45300006866455,12.2682104110718,89.6073851129779,5521606.0,2.81534,7245.85837,94.5891189575195,11071.51,72.7431214358314,WB/UNESCO
FIN,2020,373.43,Finland,11315.41,,48828.6846862799,55424.8574989208,53296.5792798852,49630.0,56180.4234920999,54110.0,6.6812801361084,11.8351697921753,92.17027106,5529543.0,2.93278,7548.32504,96.4726333618164,11048.28,73.0849439791673,WB/UNESCO
FIN,2021,384.31,Finland,11810.95,,53099.1351400148,56790.3766177692,56790.3766177692,52810.0,57709.0162742705,57710.0,6.58820009231567,11.9451198577881,92.80806082,5541017.0,3.01133,7870.42868,100.868072509766,11446.35,73.3710215780329,WB/UNESCO
FIN,2022,452.13,Finland,12012.73,,50440.560224974,57068.3056478074,62133.1375219912,54120.0,57497.2948734668,62690.0,6.37578010559082,12.1127700805664,92.98879471,5556106.0,2.982,8073.32591,104.944221496582,11543.1,73.6967597835949,WB/UNESCO
FJI,2003,0.01,Fiji,44.63,,2655.58079586044,9361.4641667422,6033.12028460176,2270.0,,6040.0,,,6.72543473821551,866286.0,,,14.7718696594238,44.46,49.1260494882891,WB/UNESCO
FJI,2004,0.51,Fiji,61.34,15.88924,3097.19096651759,9766.52774786586,6463.42462095232,2820.0,,6460.0,6.20915985107422,23.7491493225098,7.4129434854202,874366.0,,,14.5726699829102,61.34,49.4772922157817,WB/UNESCO
FJI,2005,1.33,Fiji,58.23,,3377.69126953493,9745.58143908405,6651.78559089878,3320.0,,6750.0,5.16705989837646,20.2661304473877,8.45363663371359,882379.0,,,14.4559001922607,57.73,49.8421361321385,WB/UNESCO
FJI,2006,0.73,Fiji,85.96,,3455.10599907349,9837.08586688962,6921.29760693184,3350.0,,6670.0,5.6553201675415,20.8432903289795,9.6000384001536,890365.0,,,,85.46,50.2294752725468,WB/UNESCO
FJI,2007,0.01,Fiji,85.84,,3762.74692789299,9672.29020465987,6989.72313784206,3510.0,,6790.0,5.89472007751465,23.1704006195068,10.89780045,897832.0,,,,85.67,50.6494569776975,WB/UNESCO
FJI,2008,0.0,Fiji,71.53,,3899.92231512129,9711.96604105756,7153.61915415744,3730.0,,6970.0,4.25357007980347,17.3697204589844,13.0,903399.0,,,,68.91,51.0979752573339,WB/UNESCO
FJI,2009,1.4,Fiji,64.74,,3164.13275408169,9536.81722352305,7067.93484329323,3620.0,,7040.0,4.49847984313965,15.8536195755005,17.0,907239.0,,,,65.25,51.5628013169579,WB/UNESCO
FJI,2010,0.25,Fiji,69.39,,3449.14452883369,9784.30360030575,7339.47689389709,3450.0,,7110.0,,,20.0,910419.0,,,,69.39,52.0415147785104,WB/UNESCO
FJI,2011,0.5,Fiji,65.93,12.95693,4139.60288609702,10020.6957548052,7671.88102851317,3570.0,,7430.0,4.17305994033813,15.2347898483276,28.0,912989.0,,,,66.93,52.5335449475105,WB/UNESCO
FJI,2012,0.04,Fiji,64.66,,4341.40338748749,10140.693585539,8204.46564493012,3910.0,,7900.0,4.46150592221937,16.7089696894799,33.74240112,914918.0,,,,65.91,53.0383211294771,WB/UNESCO
FJI,2013,0.4,Fiji,83.39,22.563,4572.44377544245,10604.1559055372,8842.15172885423,4460.0,,8670.0,3.88288998603821,14.3003902435303,35.20000076,916352.0,,,,83.64,53.5552726299291,WB/UNESCO
FJI,2014,1.0,Fiji,118.24,,5293.35676680464,11183.3135250834,10516.2596989681,4740.0,,10020.0,3.76960923580896,16.1755757682398,37.40000153,917585.0,,,69.4327641990718,119.19,54.0838287543856,WB/UNESCO
FJI,2015,0.0,Fiji,101.27,,5097.53106864695,11674.0633676202,11519.3012049449,4820.0,,10810.0,4.80931781024695,17.3918548537011,42.5,918578.0,,,68.4167953525995,100.63,54.6234188083653,WB/UNESCO
FJI,2016,2.17,Fiji,166.91,,5363.79026679243,11951.9196738327,11765.5379751413,5010.0,,11100.0,4.83590249175322,15.1698868550921,49.41999817,919166.0,,,77.5601234063116,170.68,55.1734720973874,WB/UNESCO
FJI,2017,2.5,Fiji,140.07,,5826.84814459328,12597.327485488,12585.2777064526,5120.0,,11570.0,4.65119160575452,16.817186928258,53.6473999,918759.0,,,82.343551650893,152.42,55.7408343449609,WB/UNESCO
FJI,2018,1.0,Fiji,162.94,,6085.41979485376,13100.095939444,12984.2072545454,5690.0,,12130.0,4.79706049383602,14.9348119384389,58.2364006,917180.0,,,79.1464225438552,145.36,56.2328347385698,WB/UNESCO
FJI,2019,0.68,Fiji,160.31,,5842.07344577597,13056.3310937089,12978.0990352704,5570.0,,11880.0,5.15273175975853,16.8336992311715,63.21789932,914899.0,,,77.5562006170027,154.82,56.70989552257,WB/UNESCO
FJI,2020,3.82,Fiji,183.38,,4620.6457238014,10812.0355014178,10716.2914367663,4560.0,,10000.0,5.80519512902055,16.6401383541374,68.62560272,914963.0,,,83.7613654490349,180.75,57.186684691874,WB/UNESCO
FJI,2021,1.92,Fiji,206.51,,4536.73312110335,10322.4279638854,10322.4279638854,4380.0,9701.15241216019,9700.0,4.8526862712935,13.5591081164019,70.56800079,916711.0,,,76.7030156165859,197.31,57.6618364761928,WB/UNESCO
FJI,2022,3.63,Fiji,212.83,,5414.12092119088,12118.3182710082,12980.234013809,5250.0,,12290.0,3.93839539074194,12.6465342556156,72.56549835,919422.0,,,68.7794855157684,197.72,58.1352701465266,WB/UNESCO
FRA,2003,960.55,France,53080.93,,29479.5222101175,46730.975806379,28024.0897244695,25900.0,47220.4382524535,28430.0,,,36.14,62249855.0,2.13086,3184.63585,52.3169784545898,52092.2,77.4691216035138,WB/UNESCO
FRA,2004,1082.31,France,55363.06,,33644.9282220364,47720.4413351103,28921.2608031323,31340.0,48133.6465033272,29350.0,,,39.15,62707588.0,2.10438,3320.66694,53.4576301574707,53582.82,77.4900500011961,WB/UNESCO
FRA,2005,1064.08,France,59947.65,,34696.3718316971,48257.4650937971,30431.2367240202,35870.0,48667.6169346195,30980.0,,,42.87,63180854.0,2.05599,3297.84746,53.8823318481445,57905.0,77.4363315105438,WB/UNESCO
FRA,2006,1112.52,France,62862.38,,36431.5658906555,49223.247197008,32423.5225068799,37920.0,49574.5288942555,33100.0,,,46.87,63622342.0,2.05331,3405.181,53.8754196166992,60693.39,77.3467240068648,WB/UNESCO
FRA,2007,1234.0,France,63765.35,,41486.1907828787,50157.7837477634,34066.2393228249,40200.0,50673.7745317712,34780.0,,,66.09,64016890.0,2.02815,3563.56539,52.9475402832031,61455.44,77.2457976606157,WB/UNESCO
FRA,2008,1278.08,France,66839.35,,45464.8181385158,50068.2969141379,35053.2627069116,43580.0,50601.494242694,35850.0,,,70.68,64375116.0,2.06363,3636.48425,52.4755210876465,64067.01,77.1561901569367,WB/UNESCO
FRA,2009,1360.33,France,68546.59,,41728.0884164132,48404.9657826363,34685.0059249958,44090.0,49343.211565298,35520.0,,,71.58,64706436.0,2.21273,3722.99987,52.7731018066406,66255.51,77.1005391809676,WB/UNESCO
FRA,2010,1401.44,France,68992.83,,40694.8211697025,49130.422942344,35907.5531031574,44040.0,49879.5133560649,36780.0,,,77.28,65026211.0,2.17771,3849.5934,54.881721496582,66841.36,77.0962844808803,WB/UNESCO
FRA,2011,1463.93,France,70701.69,,43929.7840873812,50085.6829779109,37510.3759898714,44610.0,50647.2370144985,38550.0,,,77.8199989926706,65340830.0,2.18761,3920.65709,55.6257286071777,68818.9,77.1182717387509,WB/UNESCO
FRA,2012,1468.77,France,72430.66,,40863.5814412333,49935.6269081617,37671.0239268565,43500.0,50221.1081725316,38550.0,,,81.44,65657659.0,2.22761,4052.17043,57.9090118408203,70407.27,77.1669464919916,WB/UNESCO
FRA,2013,1602.87,France,73455.58,,42669.1795111893,50066.5304324783,39583.3520435045,43950.0,50570.1707988719,40530.0,,,81.9198,65997932.0,2.23369,4133.56261,59.8487586975098,71475.21,77.2440721470918,WB/UNESCO
FRA,2014,1533.92,France,73314.26,,43148.0459288416,50326.567863089,40218.1258637776,43470.0,50971.4217545068,41130.0,,,83.7510996681821,66312067.0,2.27173,4210.03605,61.5104789733887,71223.41,77.3524296788613,WB/UNESCO
FRA,2015,1648.75,France,72732.87,,36702.4323733379,50682.8953586333,40905.1767750994,41130.0,51739.2414759055,41730.0,,,78.0060377071902,66548272.0,2.22401,4310.70957,62.7859306335449,70877.24,77.7610919150066,WB/UNESCO
FRA,2016,1604.14,France,71971.68,,37024.2157133669,50984.075297832,42880.2351355431,39020.0,52202.1171286717,43750.0,,,79.2698113207547,66724104.0,2.22468,4392.04699,64.7276763916016,70242.04,78.5999114705779,WB/UNESCO
FRA,2017,1723.99,France,70699.91,,38687.1626407164,51895.5662985838,44469.1458856805,38120.0,52927.838570726,45370.0,5.46482992172241,9.47682952880859,80.5024597243607,66918020.0,2.20422,4546.76212,65.8022308349609,69138.49,78.6467804026368,WB/UNESCO
FRA,2018,1614.54,France,69234.08,,41418.1766484844,52560.9536243841,46381.0590629457,40960.0,53528.6251013362,47430.0,5.42540979385376,9.62475967407227,82.0431867788484,67158348.0,2.20407,4670.53241,67.5435180664062,67117.57,78.6714432536599,WB/UNESCO
FRA,2019,1548.89,France,68294.1,,40408.2848574751,53448.5548849943,51130.4723140578,42720.0,54965.9544850856,52660.0,5.36638021469116,9.69626998901367,83.3397440866883,67382061.0,2.19668,4773.97249,67.7331314086914,66167.74,78.6890784549356,WB/UNESCO
FRA,2020,1654.28,France,67560.3,,39169.8606000707,49311.333409639,49481.8044309655,39690.0,50445.2512256186,50480.0,5.65871000289917,9.17183971405029,84.70639801,67601110.0,2.2742,4883.2219,68.8709411621094,65600.63,78.7119131765249,WB/UNESCO
FRA,2021,1613.69,France,69471.16,,43725.0999521245,52517.3354905855,52517.3354905855,44300.0,54159.9114896693,54160.0,5.41743993759155,9.11054992675781,86.09548575,67842811.0,2.21278,5058.05374,69.9397888183594,67690.4,78.7364603392338,WB/UNESCO
FRA,2022,1468.15,France,65888.42,,40988.6396406579,53673.8137406422,57012.0586826676,46010.0,54557.2951674126,58780.0,5.32434988021851,9.11748027801514,85.33331734,68184457.0,2.21937,5181.84576,71.5107269287109,65197.8,78.7591921123356,WB/UNESCO
FSM,2003,0.0,Micronesia,2.26,,2145.87789998664,3701.13265140057,2586.63289408174,2220.0,,2630.0,,,9.23250210039423,112285.0,,,,2.26,22.3299999237061,WB/UNESCO
FSM,2004,0.0,Micronesia,2.4,,2104.42796515524,3594.57718999286,2579.71812251083,2280.0,,2650.0,,,11.0178673081514,111925.0,,,,2.4,22.3299999237061,WB/UNESCO
FSM,2005,0.0,Micronesia,7.96,,2216.9963738197,3710.19849742597,2746.1836220643,2400.0,,2840.0,,,11.88140011,111412.0,,,,7.96,22.3299999237061,WB/UNESCO
FSM,2006,0.0,Micronesia,2.0,,2257.76445195026,3717.65782403635,2836.56288751884,2400.0,,2930.0,,,12.75030041,110729.0,,,,2.0,22.3275140420008,WB/UNESCO
FSM,2007,0.0,Micronesia,7.69,,2302.51183108846,3684.20209326281,2887.19449336451,2410.0,,3010.0,,,13.62110043,109880.0,,,,7.69,22.3208324539882,WB/UNESCO
FSM,2008,0.0,Micronesia,4.31,,2395.90218109716,3622.04886559734,2893.17634690755,2430.0,,2970.0,,,14.49,108936.0,,,,4.31,22.3111192453232,WB/UNESCO
FSM,2009,0.0,Micronesia,4.04,,2565.83639782506,3702.36131622048,2975.56757888658,2660.0,,3150.0,,,15.35,107957.0,,,,2.94,22.2995385016606,WB/UNESCO
FSM,2010,0.0,Micronesia,14.38,,2715.26873721406,3780.25132792653,3075.08979926247,2740.0,,3190.0,,,20.0,107540.0,,,,14.18,22.2903529875138,WB/UNESCO
FSM,2011,0.0,Micronesia,4.94,,2859.8488365615,3917.44641481482,3252.43771271035,2920.0,,3350.0,,,22.79999924,107698.0,,,,4.87,22.2914664135472,WB/UNESCO
FSM,2012,0.0,Micronesia,4.63,,3003.05867086848,3847.14743528337,3253.55127847013,3030.0,,3410.0,11.7192291367391,17.7605031129394,25.97439957,107890.0,,,,4.63,22.2942568788425,WB/UNESCO
FSM,2013,0.0,Micronesia,4.85,,2904.1536796737,3696.74550378941,3179.56246692763,3090.0,,3440.0,12.3438831906748,20.3850097890445,27.79999924,108121.0,,,,4.85,22.2986323961146,WB/UNESCO
FSM,2014,0.0,Micronesia,3.33,,2915.23672460238,3592.81901389543,3143.99458220276,3090.0,,3400.0,12.2281680903257,22.1017035881349,29.64999962,108396.0,,,,3.33,22.3046193122479,WB/UNESCO
FSM,2015,0.0,Micronesia,6.75,,2869.86276169101,3739.35968767448,3302.59669394506,3460.0,,3930.0,12.407919883728,22.3123893737793,31.50110054,108716.0,,,,6.75,22.3122336099411,WB/UNESCO
FSM,2016,0.0,Micronesia,3.81,,2997.93719917488,3774.03193396948,3364.89549915246,3400.0,,3910.0,13.814728,21.5847094035285,33.35219955,109075.0,,,,3.81,22.3214896137555,WB/UNESCO
FSM,2017,0.0,Micronesia,6.58,,3297.37580036719,3838.04534289261,3483.25006151113,3430.0,,3930.0,12.6815821727019,19.1484521619327,35.30410004,109481.0,,,,6.58,22.332401189542,WB/UNESCO
FSM,2018,0.0,Micronesia,4.37,,3584.78377566896,3838.64054793262,3563.60005687114,3420.0,,3650.0,9.94274464285714,17.1252945914855,36.61460114,109909.0,,,,3.88,22.3449820355433,WB/UNESCO
FSM,2019,0.0,Micronesia,2.32,,3581.72684572278,3965.05377269396,3741.7086219508,3850.0,,3980.0,10.6931682741117,18.1073082677353,37.97370148,110282.0,,,,2.57,22.359245777081,WB/UNESCO
FSM,2020,0.0,Micronesia,7.57,,3362.02802120524,3861.29319570301,3692.79209583749,4070.0,,4260.0,11.5591397849462,18.6147186147186,39.38330078,110916.0,,,,7.98,22.3752060036598,WB/UNESCO
FSM,2021,0.0,Micronesia,2.24,,3508.22314197664,3955.73141317971,3955.73141317971,4090.0,4472.48117184765,4470.0,,,,111624.0,,,,2.18,22.3928762855411,WB/UNESCO
FSM,2022,0.0,Micronesia,3.39,,3703.66680343222,3815.79465699672,4087.19316400156,4020.0,,4530.0,,,39.0279007,112114.0,,,,3.51,22.4122701819053,WB/UNESCO
GAB,2003,0.83,Gabon,26.9,,4710.74862768151,20875.4549325844,13564.1804140411,3700.0,9732.79471410561,12080.0,,,2.65958659385985,1382350.0,,,7.65526008605957,26.9,81.9970830091574,WB/UNESCO
GAB,2004,2.94,Gabon,32.45,,5465.79193590708,20438.9307066593,13637.6667972259,4110.0,9691.98755369612,11540.0,,,2.97906980035019,1421609.0,,,,31.37,82.7355438220611,WB/UNESCO
GAB,2005,3.44,Gabon,48.89,,6547.87613955186,20385.2899909124,14028.3562078236,5240.0,11420.5849083715,12630.0,,,4.89326474972412,1463495.0,,,,47.91,83.4326746392243,WB/UNESCO
GAB,2006,2.2,Gabon,42.17,,6847.00985685394,19224.1268658387,13637.2590189783,5450.0,10917.1522289681,11840.0,,,5.48920080280135,1508337.0,,,,38.56,84.0852434737431,WB/UNESCO
GAB,2007,1.13,Gabon,33.15,,8003.54289696049,19751.876221581,14391.2465862106,6240.0,11004.0414910257,12280.0,,,5.767000198,1556237.0,0.41633,,,31.79,84.6900183387136,WB/UNESCO
GAB,2008,1.28,Gabon,41.52,,9688.64519690633,18493.0921102783,13733.7012857277,6920.0,11883.5653559099,11820.0,,,7.5,1607175.0,0.5109,,,41.52,85.2437672472316,WB/UNESCO
GAB,2009,0.31,Gabon,50.45,,7290.57526093114,17911.1458491118,13383.5662274528,7170.0,9753.16274296506,11860.0,,,9.5,1661556.0,0.57924,,,50.37,85.7432582123932,WB/UNESCO
GAB,2010,0.82,Gabon,42.93,37.84394,8356.74662013345,18530.5760935497,14014.6905486542,7420.0,11286.366563559,12170.0,3.07808995246887,13.3304195404053,13.0,1719879.0,,,,42.57,86.1852592472945,WB/UNESCO
GAB,2011,0.38,Gabon,57.18,34.09083,10219.1139339454,19153.0878200945,14784.3483551883,7680.0,13222.8883624875,12760.0,2.987459897995,13.5340795516968,18.0,1781985.0,,,,57.08,86.5665383650315,WB/UNESCO
GAB,2012,1.64,Gabon,50.52,33.89354,9296.96587941088,19450.402706679,14619.7181445113,8610.0,14124.8808622152,13160.0,3.01340007781982,12.5822696685791,24.0,1846889.0,,,,48.96,86.8838635787001,WB/UNESCO
GAB,2013,1.25,Gabon,54.08,45.35416,9197.70106323947,19836.455485141,14497.9921216902,8870.0,13526.5781032764,13090.0,3.02971005439758,8.73756980895996,30.53800011,1913059.0,,,,52.33,87.1482480671637,WB/UNESCO
GAB,2014,1.53,Gabon,60.1,37.82598,9201.36276648105,20008.9899778716,14853.6712460355,8880.0,13271.6476548282,14080.0,2.66667008399963,11.225489616394,38.07120132,1978399.0,,,,56.93,87.6236017962969,WB/UNESCO
GAB,2015,1.63,Gabon,61.03,,7047.12654634355,20147.7116201795,14306.4340768252,7610.0,12199.1597582981,13120.0,2.82435985823512,11.6105217333224,45.78450012,2040989.0,,,,58.16,88.085308383892,WB/UNESCO
GAB,2016,0.52,Gabon,59.25,,6677.07003901644,19988.1755963186,13997.7352841911,7180.0,12664.8100213594,13700.0,2.66773089670199,10.3015422456439,48.0522995,2100306.0,,,,59.58,88.5445883406178,WB/UNESCO
GAB,2017,2.7,Gabon,61.38,,6921.73373135624,19555.707882916,14796.6286374171,6240.0,12458.9323060405,13870.0,3.55570801059931,15.2766716935965,51.60490036,2156900.0,,,,56.86,89.0009733256896,WB/UNESCO
GAB,2018,1.47,Gabon,61.46,,7624.2775233771,19225.5982574678,15432.0430535353,6690.0,16379.63625102,14740.0,3.071542956299,14.6146271384588,55.42020035,2212318.0,,,,61.46,89.4539949981866,WB/UNESCO
GAB,2019,0.44,Gabon,76.27,,7441.1786472281,19491.4067631396,15949.6373739622,7040.0,17010.5682665806,15020.0,2.87430983233369,14.0744772919358,59.51760101,2267706.0,,,,77.54,89.9031850170394,WB/UNESCO
GAB,2020,2.2,Gabon,62.1,,6605.80346077904,18681.4840738546,14477.1308291818,6820.0,14534.9146157284,13870.0,3.39874087928788,15.7641649523771,63.91790009,2322539.0,,,,68.1,90.3480750410147,WB/UNESCO
GAB,2021,1.33,Gabon,92.54,,8181.40914134398,18523.5798032135,18523.5798032135,7000.0,17425.3012646129,17430.0,2.7007928993976,15.3551631854332,65.76809692,2376722.0,,,,94.55,90.7881967286967,WB/UNESCO
GAB,2022,1.1,Gabon,95.12,,8409.20741452279,18662.0497970472,19989.3886367516,7150.0,18810.6777887894,17790.0,2.20773650357931,13.8033786137402,67.67169952,2430747.0,,,,100.2,91.2243355459988,WB/UNESCO
GBR,2003,2355.94,United Kingdom,77151.46,19.76077,34556.7726095905,46505.2798806788,30414.0991932703,32370.0,45509.722293767,30760.0,4.8012900352478,13.3586597442627,64.82,59647577.0,1.58131,3631.25708,61.4559707641602,76100.41,80.2331593332802,WB/UNESCO
GBR,2004,2534.16,United Kingdom,80815.73,19.29337,40504.4118103928,47317.027070979,32160.3776803379,37910.0,46353.4110630951,32420.0,4.73555994033813,12.7254400253296,65.61,59987905.0,1.53089,3818.23524,59.4526710510254,79860.76,80.3423284929998,WB/UNESCO
GBR,2005,2696.78,United Kingdom,86341.25,22.29214,42240.2462987547,48304.6753205932,32831.4184106349,42840.0,47537.7588797394,33170.0,4.92975997924805,12.9602899551392,70.0,60401206.0,1.55004,4117.74512,59.2745018005371,84953.36,80.4455938127627,WB/UNESCO
GBR,2006,2886.66,United Kingdom,89912.02,20.10144,44695.161023424,49000.9535382241,34869.9759075432,44960.0,47542.3371071872,34730.0,4.97648000717163,12.9464797973633,68.82,60846820.0,1.57625,4176.43751,59.1907196044922,88295.14,80.5464353583991,WB/UNESCO
GBR,2007,3125.61,United Kingdom,92537.3,17.38604,50629.0799172887,50045.9163092519,35685.103775701,47640.0,48304.5569020294,35360.0,4.9244499206543,12.819169998169,75.09,61322463.0,1.6183,4122.71329,58.8450889587402,90882.75,80.6483331957387,WB/UNESCO
GBR,2008,3199.89,United Kingdom,92751.47,15.70931,47652.4030691881,49629.0498697349,36943.4797790457,48720.0,47350.1155362948,36460.0,4.90972995758057,12.7018404006958,78.39,61806995.0,1.60901,4077.28663,57.4309883117676,90802.2,80.7547673906116,WB/UNESCO
GBR,2009,3368.38,United Kingdom,95006.68,14.36972,39009.3715547821,46995.5449961945,35281.4337962093,44370.0,45316.7632184478,34990.0,5.06263017654419,12.3606395721435,83.56,62276270.0,1.66991,4113.41572,59.101131439209,92979.48,80.8692180088478,WB/UNESCO
GBR,2010,3375.59,United Kingdom,95150.46,16.39469,39778.3220528565,47682.6525150443,36648.8219451957,42010.0,46574.1979217886,36660.0,5.69868993759155,12.7691202163696,85.0,62766365.0,1.63887,4089.20558,59.8467292785645,93217.93,80.995165116277,WB/UNESCO
GBR,2011,3647.44,United Kingdom,96414.12,22.09704,42295.9273835322,47714.2894262827,37389.0527405588,41240.0,46610.4995445234,37540.0,5.57219982147217,12.4644603729248,85.3799985496322,63258810.0,1.64681,3973.02377,59.3426704406738,94938.06,81.1359685592627,WB/UNESCO
GBR,2012,3738.19,United Kingdom,98685.19,,42688.3263728372,48099.6594401942,38515.4032867327,41940.0,46524.253531092,38160.0,,,87.4799984242111,63711000.0,1.57587,4017.98198,59.1535682678223,97119.29,81.2905667759508,WB/UNESCO
GBR,2013,4134.48,United Kingdom,99858.85,23.9586,43607.6636827371,48600.5100807266,40121.0839005273,42960.0,46843.5092355407,39410.0,5.52529001235962,12.6864099502563,89.8441,64138000.0,1.62096,4171.80763,56.7794799804688,98612.77,81.4573768694887,WB/UNESCO
GBR,2014,3969.77,United Kingdom,99810.65,24.32627,47746.9810645521,49763.17387988,41545.5712797638,44780.0,48270.1136942991,40810.0,5.60134983062744,13.3875503540039,91.6133009176453,64619000.0,2.26488,4280.79983,56.5240287780762,97947.22,81.6355750750722,WB/UNESCO
GBR,2015,4109.52,United Kingdom,101175.14,22.82077,45256.040227057,50462.8329992477,42772.4983791214,44630.0,49135.9423672094,41850.0,5.55453014373779,13.4870100021362,92.0002998740234,65087000.0,2.27566,4389.5625,56.4461288452148,99583.05,81.8243772295647,WB/UNESCO
GBR,2016,4163.34,United Kingdom,101572.0,25.61589,41258.5374285695,51168.2925796814,44376.0697257123,43310.0,49680.4934523385,43340.0,5.42795991897583,13.427209854126,94.7758006318882,65606000.0,2.32051,4434.65942,58.083869934082,100099.61,82.0229991698295,WB/UNESCO
GBR,2017,4365.69,United Kingdom,102026.8,,40918.0520870944,52429.1275538988,46440.8214149807,42140.0,51319.8764919137,45940.0,5.45254993438721,13.7579402923584,90.4245504868553,65964000.0,2.32602,4472.69458,59.6282081604004,100863.84,82.23065673273,WB/UNESCO
GBR,2018,4119.63,United Kingdom,102782.03,,43704.3162296687,52983.039541197,47636.0128366551,42540.0,51683.3187870811,46990.0,5.20438003540039,13.2917604446411,90.692008988783,66287000.0,2.70889,,61.1377716064453,101075.46,82.4465657551295,WB/UNESCO
GBR,2019,4198.38,United Kingdom,103937.96,,43160.6843971799,53374.0927628482,50493.9441896153,43640.0,52928.8438532547,50440.0,5.26116991043091,13.5348701477051,92.5166285497138,66628000.0,2.6707,,65.5119934082031,102035.76,82.6699420738913,WB/UNESCO
GBR,2020,4112.59,United Kingdom,104648.2,,40815.1255364787,47930.5490378931,48719.8339897935,39350.0,46920.0104850373,47690.0,5.43936014175415,14.0322599411011,94.81820132,66740000.0,2.93993,,69.4076614379883,103341.82,82.9000015258789,WB/UNESCO
GBR,2021,4466.3,United Kingdom,109939.22,,47695.6491523474,51840.4424245515,51840.4424245515,45880.0,51843.4778772021,51840.0,5.90681982040405,11.8168001174927,96.19650269,66978000.0,2.89968,,76.7543563842773,108095.52,82.9886431523641,WB/UNESCO
GBR,2022,4549.13,United Kingdom,105583.93,,47034.7795621476,53979.7679116234,60266.7467325014,49690.0,53217.0511178461,60300.0,,,95.46530151,67636000.0,2.75224,,79.7695083618164,101776.16,83.0753982997505,WB/UNESCO
GEO,2003,0.0,Georgia,252.78,,1010.03151630868,7227.73705960701,4239.93841369693,990.0,,4250.0,2.06559991836548,12.4929399490356,2.55881648068489,3951736.0,0.2176,,45.2726097106934,251.78,52.5144705663341,WB/UNESCO
GEO,2004,0.3,Georgia,314.64,,1305.04748557208,7693.91525392067,4634.77757598091,1210.0,,4700.0,2.91420006752014,15.0367603302002,3.88622135350273,3927340.0,0.2442,,44.4988403320312,312.39,52.7173199317225,WB/UNESCO
GEO,2005,0.17,Georgia,423.6,,1642.78359414797,8485.58670534953,5271.9509525732,1520.0,,5320.0,2.48431992530823,11.1812496185303,6.079500198,3902469.0,0.17658,,49.7896995544434,422.43,53.0036280624359,WB/UNESCO
GEO,2006,0.08,Georgia,441.69,,1996.02013272284,9337.98906420101,5980.44390491668,1910.0,,6100.0,3.00364995002747,12.8953895568848,7.52687684487832,3880347.0,,,42.33203125,440.27,53.3593916521584,WB/UNESCO
GEO,2007,0.33,Georgia,357.88,,2635.36650276116,10567.2747164758,6951.08584236976,2380.0,,6980.0,2.69687008857727,9.48665046691895,8.26,3860158.0,,,41.5539588928223,357.43,53.7706073945741,WB/UNESCO
GEO,2008,1.62,Georgia,409.08,11.5767,3324.7537205015,10856.1031328003,7278.66312168313,2820.0,,7250.0,2.9195499420166,8.93760013580322,10.01000023,3848449.0,,,38.640739440918,406.75,54.2232719833673,WB/UNESCO
GEO,2009,0.27,Georgia,440.68,,2822.68939668797,10553.0896395853,7119.14279089125,2950.0,,7090.0,3.22237992286682,8.99825000762939,20.06999969,3814419.0,,,28.6668605804443,434.55,54.7033821122222,WB/UNESCO
GEO,2010,0.6,Georgia,344.56,,3281.72930937343,11294.3685917112,7711.80683864286,3220.0,11054.9383266288,7580.0,2.76179333360622,8.18535815123577,26.9,3786695.0,,,32.7360912804725,341.37,55.1969344748228,WB/UNESCO
GEO,2011,1.45,Georgia,479.16,11.1604,4119.66818307193,12288.6828861156,8563.83554915647,3580.0,11769.1080571758,8330.0,2.5149199962616,9.26943016052246,31.52000046,3756441.0,,,35.9205541584628,473.87,55.6899257648533,WB/UNESCO
GEO,2012,2.48,Georgia,452.71,19.1708,4530.69533409431,13193.9596974054,10059.9820603954,4250.0,12820.2686669995,9960.0,1.86033999919891,6.70775985717773,36.93999863,3728874.0,,,33.6164699594408,447.36,56.1683526759979,WB/UNESCO
GEO,2013,3.39,Georgia,470.11,,4712.00229382665,13913.0018245661,10797.3423273476,4680.0,13223.0267813066,10600.0,2.8330966857175,9.55353370115153,43.3,3717668.0,0.0771,599.63656,40.5870663959566,458.86,56.6182119019407,WB/UNESCO
GEO,2014,1.49,Georgia,460.12,,4830.33486170249,14475.3135356035,11770.6989360253,4850.0,14172.7196876498,11620.0,2.94113947736272,9.66660503771528,49.1024547144647,3719414.0,0.16991,1126.78154,46.3290537874173,450.25,57.0237612994258,WB/UNESCO
GEO,2015,2.35,Georgia,490.4,,4086.6223465965,14936.8434116647,12269.6528932768,4500.0,14616.5378024063,11990.0,3.10870368877345,10.129154395962,47.5697596438736,3725276.0,0.29397,1359.02229,51.9050659422441,480.67,57.3803800455672,WB/UNESCO
GEO,2016,4.61,Georgia,592.01,11.08576,4143.40125686315,15442.9564358054,13065.294157468,4180.0,14768.8478866731,12470.0,3.52338004112244,12.6661996841431,58.4592896118725,3727505.0,0.28025,1383.73676,58.1988080034057,574.08,57.6984032005062,WB/UNESCO
GEO,2017,2.9,Georgia,542.95,10.07808,4418.75206546679,16237.6242230275,13718.9378669764,4130.0,15733.7258462242,13060.0,3.52442002296448,12.9533596038818,59.7055045962571,3728004.0,0.26645,1381.93128,63.535040959252,530.07,57.9996827205757,WB/UNESCO
GEO,2018,7.8,Georgia,548.01,,4804.0546040444,17228.6790847503,15021.9057577433,4580.0,16833.769785531,14460.0,3.46094989776611,12.9514999389648,62.7179081974285,3726549.0,0.27573,1544.7177,66.747813990461,532.85,58.3038181862576,WB/UNESCO
GEO,2019,10.54,Georgia,621.16,,4741.2832715876,18186.8816465807,16770.1333771469,4780.0,17533.4452460592,16010.0,3.82985997200012,13.3578996658325,68.8467135616978,3720161.0,0.28197,1788.43187,69.6463934713126,621.34,58.6304091780343,WB/UNESCO
GEO,2020,7.38,Georgia,619.47,,4300.85701291207,17031.1440283426,16791.2598654465,4330.0,16549.4256570218,16000.0,3.80951130708125,10.3446787622305,72.53157487,3722716.0,0.29765,1799.17121,71.8064531290391,629.74,58.9990552763878,WB/UNESCO
GEO,2021,15.61,Georgia,657.35,,5083.60695484577,18915.6534005263,18915.6534005263,4760.0,17737.2159812259,17740.0,3.59441995620727,11.5247602462769,76.4427093,3708610.0,0.24875,1702.96062,77.2303110681266,663.11,59.4293560618005,WB/UNESCO
GEO,2022,12.72,Georgia,598.53,,6729.84659930283,20966.5280391134,22457.7729614408,5690.0,19505.4432471983,20900.0,3.75498008728027,13.1722602844238,78.71127536,3712502.0,0.2347,1808.99963,79.3253367493498,602.02,60.0101622679115,WB/UNESCO
GHA,2003,0.25,Ghana,149.24,,358.39927142073,3507.75105744843,2584.47723727258,310.0,,2560.0,,,1.19305791098328,21296705.0,,,,148.08,46.0547973581418,WB/UNESCO
GHA,2004,1.5,Ghana,173.48,19.5374,406.132105329565,3607.36522285021,2729.34450247039,370.0,,2700.0,7.53558015823364,22.3792495727539,1.71679770389504,21868298.0,,,,172.65,46.7572004525685,WB/UNESCO
GHA,2005,0.0,Ghana,189.04,22.0727,478.611909191028,3721.30785741996,2903.83429041493,450.0,,2890.0,7.42208003997803,23.4299602508545,1.83119746104616,22449438.0,,,5.35099983215332,184.64,47.4528437795757,WB/UNESCO
GHA,2006,1.68,Ghana,188.01,20.30182,906.441027564887,3857.86154847605,3103.2262582216,570.0,3520.04423210739,3040.0,5.14794015884399,24.161979675293,2.72317597313987,23040702.0,,,4.7728099822998,182.81,48.1388926229785,WB/UNESCO
GHA,2007,0.5,Ghana,234.56,26.01762,1050.12461524926,3923.12567803728,3241.22081093753,770.0,3688.28881604142,3230.0,5.51986980438232,22.3170204162598,3.85,23642279.0,0.23157,16.80827,5.92381000518799,232.72,48.8125122665918,WB/UNESCO
GHA,2008,0.67,Ghana,254.85,25.8532,1182.65761256016,4174.78124103364,3515.58923507839,1120.0,3899.86445690846,3500.0,5.75795984268188,24.0375003814697,4.27,24249946.0,,,7.91365003585815,249.61,49.4708679942306,WB/UNESCO
GHA,2009,2.0,Ghana,307.36,23.87346,1047.70430093586,4269.16005861557,3617.23944438667,1160.0,4087.46876694645,3610.0,5.31744003295898,22.4951305389404,5.44,24862664.0,,,8.29780006408691,305.48,50.1111250897099,WB/UNESCO
GHA,2010,2.33,Ghana,355.3,25.9484,1263.89251760539,4495.68916584106,3855.46891704158,1200.0,4192.66737434334,3810.0,5.54059982299805,20.6961402893066,7.8,25474995.0,0.37655,37.36945,,349.37,50.7296926788704,WB/UNESCO
GHA,2011,1.13,Ghana,409.64,13.12625,1507.43573198753,5005.36732498187,4381.12535523694,1350.0,4761.18179937288,4280.0,8.14097023010254,30.6343097686768,9.0,26095088.0,,,11.2824466895305,402.97,51.3304086646488,WB/UNESCO
GHA,2012,0.54,Ghana,514.3,18.5205,1543.77524235764,5339.71321903045,4933.65254349093,1490.0,4926.79355628187,4750.0,7.91913986206055,26.5813903808594,10.6,26734268.0,,,11.4938894891938,500.03,51.9197918381031,WB/UNESCO
GHA,2013,3.0,Ghana,580.35,19.4198,2294.79584693743,5593.77481886917,5214.56935848794,1790.0,5513.0679196706,5070.0,4.57644987106323,21.2222099304199,15.0,27386193.0,,,13.4205396326832,567.46,52.4985794475913,WB/UNESCO
GHA,2014,6.78,Ghana,623.17,18.26524,1949.90832923846,5619.07233511591,5517.13178763566,1830.0,5274.25096775987,5230.0,4.39978981018066,20.9851398468018,19.0,28041592.0,,,15.0809451652103,603.04,53.0663398797148,WB/UNESCO
GHA,2015,9.35,Ghana,786.31,,1722.77282833606,5607.36635657413,5191.37053389659,1880.0,5209.30008233298,5040.0,4.43404006958008,23.8087997436523,23.0,28696068.0,,87.47972,15.5618871637579,763.54,53.6226415210752,WB/UNESCO
GHA,2016,5.31,Ghana,1008.0,,1912.47991339951,5666.07795334591,5011.07931572904,1760.0,5317.15495719499,4810.0,4.3945198059082,22.0933208465576,28.0,29356742.0,,,15.606270735823,989.06,54.167052758274,WB/UNESCO
GHA,2017,12.25,Ghana,1116.58,,2012.28662641265,5993.63085211077,5170.96094857439,1830.0,5476.20695905924,4920.0,3.53362989425659,20.0976390838623,37.88420105,30008354.0,,,16.2065694246062,1095.75,54.6991419779128,WB/UNESCO
GHA,2018,11.42,Ghana,1363.5,,2195.32166016377,6234.51208201488,5536.49795400218,2060.0,5792.3968134273,5290.0,3.8861300945282,18.5981693267822,43.0,30637585.0,,,15.9045597520982,1323.87,55.218477566593,WB/UNESCO
GHA,2019,21.28,Ghana,1656.45,,2186.65822682613,6508.24652305901,6002.55044678386,2170.0,6061.7506855883,5760.0,3.15307114842573,14.2717185267026,22.0732,31258945.0,,,17.3607250095097,1653.2,55.7246279109161,WB/UNESCO
GHA,2020,30.71,Ghana,2076.52,,2195.45481659987,6412.68541762469,6047.30111673554,2120.0,5929.49710329396,5750.0,3.40915991351725,13.6294748829413,62.51760101,31887809.0,,,18.6139938594155,2090.23,56.2171613974837,WB/UNESCO
GHA,2021,29.24,Ghana,2559.56,,2445.18662529344,6607.50297378321,6607.50297378321,2250.0,6243.40251672003,6240.0,3.4005042684722,12.1674144053659,68.6,32518665.0,,,19.2005186528071,2561.95,56.6952556826536,WB/UNESCO
GHA,2022,58.91,Ghana,3075.26,,2229.89122654479,6728.45413832472,7207.01563645025,2270.0,6394.36377248621,6710.0,2.90963831638452,13.1793045277004,69.91329956,33149152.0,,,20.44559258931,2973.03,57.250609602871,WB/UNESCO
GIN,2003,0.0,Guinea,5.66,,566.48540588068,2473.23418295471,1327.96776540082,500.0,,1260.0,1.62612998485565,11.6490497589111,0.450960370842751,8870781.0,,,,5.66,31.8086015036327,WB/UNESCO
GIN,2004,0.0,Guinea,10.91,25.77659,584.897740538081,2477.50282602363,1366.031602403,550.0,,1300.0,1.5156899690628,12.3493995666504,0.508819332302937,9062726.0,,,2.29848003387451,10.91,32.1032575610216,WB/UNESCO
GIN,2005,0.0,Guinea,6.9,30.56197,463.17768685098,2501.22160456279,1422.35088197753,530.0,,1330.0,1.26814997196198,10.9662103652954,0.542299986,9245844.0,,,3.08171010017395,6.9,32.3962712159907,WB/UNESCO
GIN,2006,0.11,Guinea,16.78,,446.980554135013,2478.61319510726,1452.96083165023,500.0,2375.71016940348,1440.0,,,0.637499988,9441171.0,,,5.37415981292725,16.78,32.6868093037822,WB/UNESCO
GIN,2007,0.0,Guinea,14.11,,650.148575304743,2587.0048887648,1557.58584862341,530.0,2401.05683358332,1540.0,,,0.780025279059244,9662281.0,,,8.27204990386963,14.11,32.9740386596386,WB/UNESCO
GIN,2008,0.0,Guinea,12.04,34.42411,703.532825784369,2629.5397474637,1613.69884513243,610.0,2481.84320146535,1590.0,1.58112001419067,15.6947803497315,0.92,9898870.0,,,9.32559967041016,12.04,33.2571261188022,WB/UNESCO
GIN,2009,0.0,Guinea,11.83,34.20871,662.185914665575,2537.30645758746,1566.70089249337,660.0,2284.33205830276,1530.0,2.20725011825561,13.6039304733276,0.94,10143534.0,,,9.34879016876221,11.83,33.5352385165154,WB/UNESCO
GIN,2010,0.75,Guinea,11.55,36.23715,659.235326211315,2594.83050344245,1621.69161135943,680.0,2598.95018765779,1600.0,2.55118989944458,12.4387702941894,1.0,10396086.0,,,10.5439796447754,11.55,33.8075426880206,WB/UNESCO
GIN,2011,0.25,Guinea,10.5,43.33534,636.694958747648,2673.40873029955,1705.27110438049,670.0,2523.20233737419,1670.0,2.28742003440857,14.2724199295044,2.0,10656810.0,,,10.6184597015381,10.5,34.0732054685603,WB/UNESCO
GIN,2012,0.0,Guinea,11.65,33.38798,699.353377212197,2762.90350938513,1789.97473033561,680.0,2701.46699621718,1760.0,1.83369994163513,9.69552040100098,3.099999905,10921581.0,,,10.0085697174072,11.65,34.3313936933767,WB/UNESCO
GIN,2013,0.0,Guinea,10.51,34.6366,748.455020824734,2802.56007024474,1842.00227737409,680.0,2618.03277997975,1750.0,2.63421988487244,14.1452102661133,4.5,11191873.0,,,10.4364004135132,10.51,34.5812741977122,WB/UNESCO
GIN,2014,0.0,Guinea,20.42,39.14773,765.146999389279,2834.96634347846,1873.21413058957,730.0,2713.02585923166,1830.0,2.42281007766724,12.0756196975708,6.400000095,11472924.0,,,10.8547201156616,19.91,34.8177920826682,WB/UNESCO
GIN,2015,0.0,Guinea,27.61,39.1215,747.356966759448,2869.85157178732,1929.68091332187,740.0,2741.4487096475,1900.0,2.51713991165161,11.6095399856567,9.199999809,11767070.0,,,,27.5,35.0373191833496,WB/UNESCO
GIN,2016,0.25,Guinea,38.66,36.68386,711.996509782316,3099.78874189372,2255.32617992615,760.0,2865.87340067199,2230.0,2.54450011253357,15.831259727478,13.10000038,12073030.0,,,,37.52,35.3100280761719,WB/UNESCO
GIN,2017,0.76,Guinea,36.5,36.68386,833.598621691121,3332.76576150531,2687.09504827171,800.0,3356.27093782451,2670.0,2.3203399181366,13.4363498687744,18.70000076,12385659.0,,,,36.29,35.5827331542969,WB/UNESCO
GIN,2018,0.0,Guinea,27.85,17.2974,933.273615633705,3455.64512638662,2844.46427670549,860.0,3434.89610328379,2800.0,2.38432002067566,14.9808397293091,21.8300230430563,12704774.0,,,,27.68,35.8554382324219,WB/UNESCO
GIN,2019,0.0,Guinea,34.43,,1031.34146480732,3557.46233883145,3105.82789015443,970.0,3554.5361096013,3080.0,1.85811996459961,12.4843502044678,23.89049911,13034346.0,,,,34.27,36.1281547546387,WB/UNESCO
GIN,2020,0.37,Guinea,40.58,,1053.66097696415,3630.99330577677,3331.85663003801,1030.0,3607.23889514629,3300.0,2.44806003570557,14.3359003067017,26.14550018,13371183.0,,,,43.25,36.4802208060551,WB/UNESCO
GIN,2021,0.46,Guinea,48.47,,1244.96550477914,3738.8051255133,3738.8051255133,1120.0,3587.62955792774,3590.0,2.04074820610586,11.5016680422659,28.61330032,13710513.0,,,,53.97,36.8502178436256,WB/UNESCO
GIN,2022,0.92,Guinea,47.18,,1416.59612011764,3792.01068836277,4061.71755990026,1280.0,3511.05395219021,3990.0,2.00722302981184,11.9496957293769,31.31399918,14055137.0,,,,50.37,37.2384967469106,WB/UNESCO
GMB,2003,0.17,Gambia,31.85,26.00772,308.719123437587,2682.47993310133,1849.78337004063,360.0,,1760.0,1.36337995529175,8.46883964538574,2.436781193062,1577611.0,,,,31.85,50.6010077995371,WB/UNESCO
GMB,2004,0.0,Gambia,36.92,15.47192,593.285346326581,2794.19352609118,1978.63262691527,430.0,2671.78472828321,1940.0,0.622470021247864,5.02954006195068,3.30800347812937,1621312.0,,,1.07393002510071,36.42,51.5062022597801,WB/UNESCO
GMB,2005,0.5,Gambia,37.35,14.26939,616.483657865348,2653.64239155191,1938.023627406,480.0,2534.89810047187,1900.0,0.691879987716675,5.34417009353638,3.799000025,1667037.0,,,,36.35,52.3582132660613,WB/UNESCO
GMB,2006,1.04,Gambia,44.0,13.76917,614.544307904464,2564.68653970519,1930.81888538785,600.0,2439.59616531942,1880.0,0.751630008220673,5.36076021194458,5.23769115841218,1715275.0,,,,43.75,53.1603285370566,WB/UNESCO
GMB,2007,0.1,Gambia,36.46,15.00642,724.726407242432,2567.15728802982,1985.04025234188,650.0,2455.4346616538,1940.0,0.816860020160675,7.2975001335144,6.20503741852418,1765774.0,,,,35.96,53.9196109423854,WB/UNESCO
GMB,2008,0.0,Gambia,43.22,9.03216,859.127671411226,2649.61119865306,2088.27166121666,750.0,2554.07603761025,2050.0,2.18129992485046,18.8817100524902,6.880000114,1817852.0,0.01261,86.52267,,42.48,54.6431233516671,WB/UNESCO
GMB,2009,0.0,Gambia,38.47,8.73382,774.888030908091,2745.32540574768,2177.05344697792,820.0,2634.659807258,2140.0,1.90813994407654,13.293740272522,7.630000114,1871422.0,0.01086,97.05758,,38.47,55.3379286345209,WB/UNESCO
GMB,2010,0.0,Gambia,45.39,9.88183,801.033372714536,2824.21259222517,2266.82898231034,830.0,2712.94092021879,2220.0,2.56322002410889,17.6112308502197,9.2,1926630.0,,,1.79782111896994,45.39,56.0110896605662,WB/UNESCO
GMB,2011,0.46,Gambia,33.81,7.63092,710.608411468152,2519.83983255672,2064.253852883,710.0,2524.55316485296,2020.0,2.50116991996765,15.118330001831,10.87030029,1983784.0,0.0848,29.97933,2.79681586845883,33.81,56.6696692994225,WB/UNESCO
GMB,2012,0.5,Gambia,37.11,7.36082,692.579361628102,2574.93509664061,2064.81438121612,710.0,2556.07519528122,2020.0,2.63756990432739,13.7955303192139,12.44919968,2043094.0,,,1.18089454395552,36.61,57.3207304207091,WB/UNESCO
GMB,2013,0.0,Gambia,45.65,10.72789,653.862713272743,2572.44728941685,2006.74081646788,680.0,2511.65620501958,1960.0,1.81839001178741,10.5854196548462,14.0,2103820.0,,,,46.15,57.970305611505,WB/UNESCO
GMB,2014,0.0,Gambia,46.24,14.56867,568.00453558864,2465.10971144823,1933.70329718446,600.0,2340.48484952116,1890.0,2.23094010353088,11.7523202896118,15.56000042,2164528.0,,,,46.24,58.6141799655551,WB/UNESCO
GMB,2015,0.0,Gambia,41.96,11.32833,619.536364296461,2495.95741601525,1990.31625750973,590.0,2433.56758095999,1940.0,2.16002988815308,11.0329303741455,17.59950066,2224529.0,,,,41.42,59.2458499408388,WB/UNESCO
GMB,2016,0.0,Gambia,52.33,,650.056501323611,2478.46055756999,2012.67648180251,590.0,2473.32562277845,1970.0,2.0244300365448,10.4499597549438,19.90640068,2283769.0,,,,52.16,59.8652472486563,WB/UNESCO
GMB,2017,0.17,Gambia,46.96,,642.522641296331,2533.18683710276,2038.95429850128,620.0,2490.48412837411,2000.0,2.45919445096525,15.4411375607626,22.5156002,2342189.0,,,,45.83,60.471712657237,WB/UNESCO
GMB,2018,0.0,Gambia,35.71,,696.219806960615,2651.43281455826,2277.44236224191,680.0,2548.06220503089,2240.0,2.36543989181519,12.444580078125,28.30900002,2399632.0,0.06933,50.8608,,35.71,61.0645869348107,WB/UNESCO
GMB,2019,0.0,Gambia,51.16,,738.186751987483,2750.82132179634,2421.72318070615,720.0,2780.32751161533,2380.0,2.80809703332656,16.8520454483021,31.11829948,2456844.0,,,,49.97,61.643210849607,WB/UNESCO
GMB,2020,0.0,Gambia,60.99,,720.335143352133,2702.31919474482,2530.80414937307,720.0,2787.91955652992,2490.0,2.88734569797808,14.2760600158847,36.01100159,2515733.0,,,,58.99,62.2069251698555,WB/UNESCO
GMB,2021,0.0,Gambia,80.5,,781.890925169531,2777.79620978324,2777.79620978324,760.0,2708.31498170682,2710.0,3.04477694635226,15.6218187612312,41.67309952,2576010.0,,,,75.92,62.7550706637859,WB/UNESCO
GMB,2022,0.5,Gambia,78.46,,836.244875868476,2863.18049829859,3066.82429529872,830.0,2788.71679784457,3020.0,2.89168744551701,17.1251741785773,48.22539902,2636470.0,,,,79.44,63.2869880996278,WB/UNESCO
GNB,2003,0.0,Guinea-Bissau,8.01,,419.78486611807,2002.40206880451,1088.74265674522,360.0,1770.01518198486,1070.0,,,1.35419747762901,1318806.0,,,,8.01,37.7773055741583,WB/UNESCO
GNB,2004,0.0,Guinea-Bissau,10.64,,431.376557669634,1979.69782670273,1105.34322842302,410.0,1835.29472007336,1090.0,,,1.80814220342991,1349563.0,,,,10.64,38.0781980012196,WB/UNESCO
GNB,2005,0.0,Guinea-Bissau,9.39,,463.073962650452,2060.66663299612,1186.62631353762,470.0,1794.66997179871,1170.0,,,1.90139997,1381585.0,,,2.26420998573303,9.39,38.3801443659997,WB/UNESCO
GNB,2006,0.0,Guinea-Bissau,6.74,,448.513075469701,2065.2122797791,1225.91824577498,470.0,1770.08310891696,1210.0,,,2.057199955,1415303.0,,,2.62031006813049,6.74,38.6871193165452,WB/UNESCO
GNB,2007,0.0,Guinea-Bissau,12.14,,519.069789794741,2065.98983875944,1259.60560683946,480.0,1818.45036086214,1240.0,,,2.20630002,1450986.0,,,,12.14,39.0030975009025,WB/UNESCO
GNB,2008,0.0,Guinea-Bissau,6.29,,640.210331101753,2105.67394178792,1308.535566951,540.0,1937.73560309319,1290.0,,,2.35488871087933,1488054.0,,,,6.04,39.3320535671181,WB/UNESCO
GNB,2009,1.0,Guinea-Bissau,8.29,,583.190020139094,2103.05813454823,1314.97078663276,590.0,1815.63936534464,1300.0,,,2.30328059172582,1526377.0,,,,8.29,39.6716434222135,WB/UNESCO
GNB,2010,0.0,Guinea-Bissau,5.8,5.01284,600.194298540768,2164.26823755351,1369.68917061645,620.0,1982.32417434671,1370.0,1.68221998214722,9.06923961639404,2.450000048,1566347.0,,,,5.8,40.0095596313477,WB/UNESCO
GNB,2011,0.0,Guinea-Bissau,10.38,6.34808,719.539573498937,2278.54751544448,1471.76279879072,660.0,2072.93166426473,1450.0,1.76593005657196,10.1997404098511,2.671999931,1608076.0,,,,10.38,40.4391136169434,WB/UNESCO
GNB,2012,1.0,Guinea-Bissau,12.8,5.78928,635.461653303881,2180.74338832775,1401.84994044148,630.0,1891.38030602887,1360.0,1.8863799571991,14.5397996902466,2.894000053,1651417.0,,,,12.8,40.8686027526855,WB/UNESCO
GNB,2013,0.0,Guinea-Bissau,12.09,3.89815,654.304534409417,2192.5927863603,1415.82511935379,660.0,1922.06959251951,1410.0,2.01027011871338,16.1913795471191,3.099999905,1695973.0,,,,12.09,41.2976379394531,WB/UNESCO
GNB,2014,0.0,Guinea-Bissau,17.74,,652.022501029449,2156.33643676255,1455.90813665193,660.0,2007.91213616234,1500.0,,,3.319999933,1741122.0,,,,17.74,41.7271995544434,WB/UNESCO
GNB,2015,0.0,Guinea-Bissau,9.68,,645.066837207039,2230.52993109779,1729.94260310123,670.0,2277.09022807325,1770.0,,,6.099999905,1786457.0,,,,9.68,42.1568145751953,WB/UNESCO
GNB,2016,0.0,Guinea-Bissau,11.07,,679.665386626818,2293.37861360238,1824.3730977071,670.0,2321.81020582848,1850.0,,,13.80000019,1831893.0,,,,11.07,42.586109161377,WB/UNESCO
GNB,2017,0.0,Guinea-Bissau,16.62,,783.123186602022,2342.56110535416,2081.81287227685,710.0,2456.45811491365,2100.0,,,14.80000019,1877072.0,,,,16.46,43.0155792236328,WB/UNESCO
GNB,2018,0.22,Guinea-Bissau,15.58,,808.531613218504,2373.64935653455,2057.96969129146,750.0,2242.16715960155,1990.0,,,15.69999981,1922168.0,,,,15.58,43.4449081420898,WB/UNESCO
GNB,2019,0.0,Guinea-Bissau,14.05,,811.210004050041,2442.25868377476,2247.29524698075,850.0,2418.70681227752,2280.0,,,17.92149925,1967696.0,,,,13.93,43.8745574951172,WB/UNESCO
GNB,2020,0.0,Guinea-Bissau,16.91,,846.918134967613,2456.01139053324,2339.79956661743,860.0,2433.48750190256,2370.0,,,20.45730019,2013255.0,,,,16.18,44.3038330078125,WB/UNESCO
GNB,2021,0.0,Guinea-Bissau,14.11,,926.54619187706,2522.12869240841,2522.12869240841,910.0,2544.57807476001,2540.0,,,23.3519001,2058841.0,,,,14.28,44.7334136962891,WB/UNESCO
GNB,2022,0.07,Guinea-Bissau,14.77,,881.602654162231,2600.802474483,2785.7846268362,960.0,2551.27088177058,2800.0,,,27.67379951,2105529.0,,,,17.19,45.1627159118652,WB/UNESCO
GNQ,2003,0.0,Equatorial Guinea,0.82,,2930.60183743733,21709.5751241959,14496.1744118626,960.0,,6350.0,,,0.520524272046806,847862.0,,,,0.82,39.895902485648,WB/UNESCO
GNQ,2004,0.0,Equatorial Guinea,4.1,,4901.30127408119,28225.985816122,19354.2120823065,1370.0,,7850.0,,,0.843930284607049,899917.0,,,,4.1,40.9304009672368,WB/UNESCO
GNQ,2005,0.0,Equatorial Guinea,0.74,,8673.9026086535,31302.957953874,22137.0497793187,3080.0,15122.2680737554,11240.0,,,1.149799943,947367.0,,,,0.74,42.2814597171299,WB/UNESCO
GNQ,2006,0.0,Equatorial Guinea,3.22,,10184.8841248541,32251.7680082519,23511.3986572253,6420.0,30484.4672865542,18510.0,,,1.279199958,990343.0,,,,3.22,43.9301279685204,WB/UNESCO
GNQ,2007,0.0,Equatorial Guinea,3.23,,12616.9532942011,35540.4477563657,26610.7691208477,9200.0,33470.2662935668,21280.0,,,1.557100058,1036044.0,,,,3.23,45.8574549546013,WB/UNESCO
GNQ,2008,0.0,Equatorial Guinea,1.23,,18210.5552970599,39994.6159790647,30522.7787132006,11310.0,41436.5204068929,22620.0,,,1.820000052,1084530.0,,,,1.23,48.0444899085658,WB/UNESCO
GNQ,2009,0.0,Equatorial Guinea,1.97,,13232.5019378102,38706.6052512135,29722.0005634049,9950.0,24960.1030649835,19660.0,,,2.130000114,1135673.0,,,,1.97,50.4722820636069,WB/UNESCO
GNQ,2010,0.0,Equatorial Guinea,2.86,,13720.1658723222,33668.8740654852,26167.8268516726,7920.0,22346.0355081811,15360.0,,,6.0,1189085.0,,,,2.86,53.1218806529176,WB/UNESCO
GNQ,2011,0.0,Equatorial Guinea,1.71,,17198.2136668275,34341.9342607505,27241.6000370603,9030.0,28359.3643779873,17360.0,,,11.5,1241835.0,,,,1.71,55.9743349096911,WB/UNESCO
GNQ,2012,0.0,Equatorial Guinea,2.32,,17308.5723924575,35711.4919273537,30011.9274409625,11430.0,31453.1714089366,20580.0,,,13.94320011,1293483.0,,,,2.32,59.0106940671203,WB/UNESCO
GNQ,2013,0.0,Equatorial Guinea,2.14,,16304.0713196418,32894.3693189101,27909.5175876754,12400.0,30662.1095401685,21090.0,,,16.39999962,1346218.0,,,,2.14,62.2120073583984,WB/UNESCO
GNQ,2014,0.0,Equatorial Guinea,2.36,,15548.6624656619,31765.8997056851,27177.271665026,12620.0,30206.7502164163,21980.0,,,18.86000061,1399828.0,,,,2.36,65.5593240167184,WB/UNESCO
GNQ,2015,0.0,Equatorial Guinea,4.05,,9068.91003238645,27797.7942803179,19478.7010123338,9920.0,22143.5250463877,16710.0,,,21.31999969,1453923.0,,,,4.05,68.951270615355,WB/UNESCO
GNQ,2016,0.0,Equatorial Guinea,4.85,,7453.19797948517,24435.0645564801,16649.4757672359,6970.0,16767.2136937459,13500.0,,,23.78000069,1508186.0,,,,4.65,69.253269853051,WB/UNESCO
GNQ,2017,0.0,Equatorial Guinea,2.96,,7809.10465655488,22250.4389230263,18434.7708571004,6630.0,19580.8709660429,17120.0,,,26.23999977,1562396.0,,,,2.96,69.5516019132985,WB/UNESCO
GNQ,2018,0.0,Equatorial Guinea,2.6,,8102.47084834031,20165.4795550607,18413.1294204577,6270.0,18094.527647415,16230.0,,,29.39999962,1616422.0,,,,2.6,69.8396623666175,WB/UNESCO
GNQ,2019,0.0,Equatorial Guinea,4.07,,6804.14923073888,18446.5916579681,16451.3641478324,5570.0,14286.3266985221,13090.0,,,49.13370132,1670177.0,,,,4.07,70.1175419547293,WB/UNESCO
GNQ,2020,0.0,Equatorial Guinea,1.7,,5764.05502912947,17089.153726379,13677.110587517,6140.0,14383.2105906501,13210.0,,,55.00130081,1716468.0,,,,1.7,70.3853314193247,WB/UNESCO
GNQ,2021,0.0,Equatorial Guinea,4.42,,6945.63069794539,16821.4486470413,16821.4486470413,5980.0,15630.6708595348,15630.0,,,58.71730042,1758786.0,,,,4.25,70.6431215020592,WB/UNESCO
GNQ,2022,0.0,Equatorial Guinea,2.99,,7589.29964909381,16932.7706827155,18137.114494644,5210.0,14603.468867318,13490.0,,,63.65950012,1803545.0,,,,2.93,70.8910029445467,WB/UNESCO
GRC,2003,43.19,Greece,6768.16,30.93179,18020.612039764,35970.7016808475,23252.6111362028,15460.0,,23390.0,3.52407002449036,7.36040019989014,17.8,10928070.0,0.56163,1433.39172,72.9116668701172,6746.49,73.432268024093,WB/UNESCO
GRC,2004,49.14,Greece,7935.37,34.64413,21449.2552764245,37811.4913664483,24825.5735347512,19280.0,,24700.0,3.76059007644653,7.70182991027832,21.42,10955141.0,0.54073,,80.4148406982422,7898.46,73.8267602923728,WB/UNESCO
GRC,2005,60.16,Greece,9227.1,36.0952,22054.1315756886,38146.962971083,25003.8297466933,22430.0,,25150.0,4.0549201965332,8.70020961761475,24.0,10987314.0,0.59224,1787.19397,90.3474731445312,9097.85,74.2617376694311,WB/UNESCO
GRC,2006,70.68,Greece,10644.78,,24416.0232970275,40483.1569225337,28076.1241416392,24160.0,40166.699482169,27500.0,,,32.25,11020362.0,0.57051,1809.7524,95.0775375366211,10579.37,74.717750055608,WB/UNESCO
GRC,2007,56.3,Greece,11128.2,,28440.7625328955,41796.2336918303,28895.874926558,25960.0,41232.9585707838,28100.0,,,35.88,11048473.0,0.58513,1904.75068,90.5404281616211,11031.89,75.1753473512439,WB/UNESCO
GRC,2008,75.74,Greece,11787.68,,31695.8331092209,41709.3877420312,30440.9709059081,28330.0,40813.8350281164,29480.0,,,38.2,11077841.0,0.67086,,,11696.43,75.615079456679,WB/UNESCO
GRC,2009,85.16,Greece,12048.84,,29425.4573200263,39886.2135496664,29963.3968875108,29030.0,39372.6707432397,29240.0,,,42.4,11107017.0,0.63414,,,11887.11,76.0174962722535,WB/UNESCO
GRC,2010,114.89,Greece,11935.23,,26653.0488008626,37566.7483686263,27838.73639086,27320.0,37092.6189027904,27220.0,,,44.4,11121341.0,0.60491,,101.694053649902,11790.75,76.3631476983077,WB/UNESCO
GRC,2011,119.67,Greece,11931.57,,25504.7866510124,33906.4917435676,25692.5740851321,24470.0,33032.8423907299,24980.0,,,51.6499951676815,11104899.0,0.6837,2217.3345,105.812690734863,11757.51,76.6352609929407,WB/UNESCO
GRC,2012,128.62,Greece,11842.68,,21624.346052551,31250.2268565956,24582.9741957507,22750.0,31182.9298072633,24640.0,,,55.0699934418411,11045011.0,0.71953,2236.28739,110.122978210449,11665.85,76.8679797449322,WB/UNESCO
GRC,2013,122.48,Greece,11775.12,,21573.3449762805,30762.4432227813,25730.8809006664,22030.0,30540.5617172473,25540.0,,,59.8663,10965211.0,0.82288,2655.47213,112.705833435059,11564.91,77.0951999650171,WB/UNESCO
GRC,2014,117.34,Greece,11537.0,,21474.7257123892,31213.3765120298,26450.181326726,21670.0,31346.9394542728,26400.0,,,63.2073404784561,10892413.0,0.84553,2733.92303,119.104209899902,11308.55,77.3130486275866,WB/UNESCO
GRC,2015,132.63,Greece,11331.18,,17980.7298238137,31347.976574604,26607.7256796976,19920.0,31791.3457451055,26400.0,3.68238997459412,7.10143995285034,66.8349594911035,10820883.0,0.9716,3196.52298,,11079.51,77.5194426317545,WB/UNESCO
GRC,2016,119.47,Greece,11175.8,,17919.2426377048,31468.6198471099,27504.5497984948,18500.0,31938.1864717566,27190.0,,,69.0879154723892,10775971.0,1.00556,2726.60076,131.403213500977,10988.04,77.7122988766348,WB/UNESCO
GRC,2017,137.54,Greece,11146.65,,18631.9930129293,31995.4108838386,28681.6815585005,17890.0,32344.2507402993,28350.0,3.46778011322021,7.14478015899658,69.8929706543154,10754679.0,1.1492,3250.61522,135.333923339844,10931.52,77.8895342613411,WB/UNESCO
GRC,2018,155.41,Greece,11287.46,,19873.4015238771,32722.3310444029,29792.0592519585,19060.0,32569.7928532193,29240.0,3.57626008987427,7.36313009262085,72.2383733920483,10732882.0,1.2066,3416.08087,140.950317382812,11031.66,78.0490656849874,WB/UNESCO
GRC,2019,139.38,Greece,11908.61,,19335.3602002969,33502.7506488997,31927.3792151369,19770.0,33391.1069282796,31460.0,3.55062007904053,7.45939016342163,75.6712066931757,10721582.0,1.26236,3644.60084,143.96272277832,11389.86,78.1888100466875,WB/UNESCO
GRC,2020,183.48,Greece,12756.02,,17886.733165236,30487.1129331045,29533.087740299,18030.0,30615.2277485574,29230.0,,,78.11584474,10698599.0,1.48872,4008.18457,143.693344116211,12102.88,78.3066842455552,WB/UNESCO
GRC,2021,220.44,Greece,14749.19,,20652.89659591,33528.2271202515,33528.2271202515,20350.0,33288.9181458657,33290.0,,,78.49426371,10570130.0,1.43353,4244.36826,150.605484008789,13776.67,78.3884898647442,WB/UNESCO
GRC,2022,332.43,Greece,15105.34,,20884.6773436263,35828.1756641776,39447.813910406,21980.0,35348.3759819058,38930.0,3.37547993659973,6.39132022857666,83.17066333,10437805.0,1.47714,4926.78077,166.389556884766,13922.21,78.5502190980809,WB/UNESCO
GRD,2003,0.0,Grenada,5.4,9.7668,5427.96377252312,12726.5266219464,8469.08752652396,5050.0,,7750.0,3.92673993110657,10.9746398925781,18.6451821830564,108884.0,,,,5.4,35.9194385233611,WB/UNESCO
GRD,2004,0.33,Grenada,4.18,,5480.26117644588,12593.3546257337,8605.82398547199,5110.0,,7670.0,,,19.5706205843787,109323.0,,,,4.18,35.9181958391436,WB/UNESCO
GRD,2005,0.0,Grenada,4.69,,6338.56011405358,14211.8426569264,10016.347973437,6340.0,,9610.0,,,20.4878006,109734.0,,,,4.69,35.9158260786725,WB/UNESCO
GRD,2006,0.17,Grenada,12.48,,6344.0383771432,13594.355159621,9876.61669565664,6120.0,,9470.0,,,21.39599991,110135.0,,,,12.48,35.9119653795374,WB/UNESCO
GRD,2007,0.0,Grenada,21.24,,6864.54816771858,14376.2824512778,10727.6792050256,6500.0,,10150.0,,,22.29,110522.0,,,,20.57,35.9062498793276,WB/UNESCO
GRD,2008,0.0,Grenada,23.41,,7448.2040563865,14463.560012123,11000.7523573421,6910.0,,10430.0,,,23.18000031,110896.0,,,,22.21,35.8983157156326,WB/UNESCO
GRD,2009,0.0,Grenada,17.53,,6932.56472176781,13463.580293958,10303.3432603809,6390.0,,9460.0,,,24.04999924,111254.0,,,56.8550796508789,16.93,35.8877990260417,WB/UNESCO
GRD,2010,0.33,Grenada,17.49,,6909.60169568597,13354.9085012616,10344.3839185812,6610.0,,9810.0,5.07508233496978,15.559810962219,27.0,111586.0,,,,15.57,35.8743359481443,WB/UNESCO
GRD,2011,0.0,Grenada,23.02,,6947.38136096464,13397.8500405513,10591.7475649916,6730.0,,10160.0,5.48532342071091,14.7207735010439,30.0,112079.0,,,,22.02,35.8601091092326,WB/UNESCO
GRD,2012,0.17,Grenada,29.85,,7092.71985352677,13161.3955324377,10575.1056268616,6700.0,,10120.0,5.07225880686028,10.7031186009691,32.0,112775.0,,,,29.26,35.8652755773132,WB/UNESCO
GRD,2013,2.2,Grenada,34.5,,7424.80212287327,13386.3189064112,11199.4040197944,7040.0,,10860.0,,,35.0,113487.0,,,,34.0,35.8792242623778,WB/UNESCO
GRD,2014,0.0,Grenada,55.26,,7986.33421210788,14287.9538720088,12228.6481055395,7170.0,,11120.0,4.47756594772942,11.79899890627,51.6,114132.0,,,,55.01,35.9014624346562,WB/UNESCO
GRD,2015,1.5,Grenada,33.62,,8694.12438005692,15136.6966673773,13214.4096644941,7410.0,,11670.0,4.23861035989182,9.90250040626071,52.5,114676.0,,,96.7931289672852,32.62,35.9319491111708,WB/UNESCO
GRD,2016,1.1,Grenada,36.97,,9221.23461079424,15640.8274503805,13977.5055879135,8000.0,,12710.0,,,53.29999924,115130.0,,,96.7951431274414,36.64,35.9706014181883,WB/UNESCO
GRD,2017,0.59,Grenada,56.14,13.58036,9751.42661155932,16291.4894625979,15041.4525712067,8400.0,,13430.0,3.17379999160767,14.0616397857666,54.20000076,115438.0,,,98.6993408203125,55.33,36.0173296416579,WB/UNESCO
GRD,2018,0.21,Grenada,46.65,,10083.021279225,16964.852001696,15974.8591933124,9220.0,,14420.0,3.55919341882594,10.080573203298,61.42459869,115691.0,,,99.9891967773438,46.12,36.0720421424532,WB/UNESCO
GRD,2019,0.05,Grenada,58.19,,10462.7929159533,17036.9151689715,16446.1138871871,9400.0,,14800.0,,,64.31279755,115981.0,,,,57.62,36.1346465679904,WB/UNESCO
GRD,2020,0.14,Grenada,57.66,,8968.55890108484,14647.7451384876,14361.1267154452,8390.0,,13380.0,,,65.65380096,116341.0,,,,58.11,36.2050502515788,WB/UNESCO
GRD,2021,0.13,Grenada,61.74,,9617.28902905373,15290.250903138,15290.250903138,8890.0,13944.1032691706,13940.0,4.09030334217367,10.0594640147698,67.02279663,116688.0,,,,62.74,36.2831603706908,WB/UNESCO
GRD,2022,0.93,Grenada,52.76,,10469.3867012856,16376.4273099594,17541.2011831673,9980.0,,16320.0,4.03767284869161,9.87272223310091,68.42030334,116913.0,,,,55.73,36.3688840183487,WB/UNESCO
GRL,2003,0.13,Greenland,11.81,,27466.6494525504,46649.0480779756,32516.0413749783,20440.0,,28990.0,,,54.5342598293605,56751.0,0.50804,647.48328,,11.81,82.3485946655273,WB/UNESCO
GRL,2004,0.0,Greenland,28.53,,32030.9987915109,49742.0582266726,35604.3390659744,25740.0,,31260.0,,,56.0990147610533,56898.0,0.64608,701.94574,,28.53,82.5634307861328,WB/UNESCO
GRL,2005,0.0,Greenland,15.56,,32489.7277309899,52189.001485462,38527.0850334955,30920.0,,34620.0,,,57.7034045008656,56935.0,,,,15.56,82.6899108886719,WB/UNESCO
GRL,2006,0.38,Greenland,14.22,,35457.6297578214,55243.7102798786,42039.7937949821,30240.0,,34610.0,,,59.361687268664,56775.0,,,,14.22,82.8471984863281,WB/UNESCO
GRL,2007,0.5,Greenland,15.91,,39780.9441368721,56763.2387284359,44366.4315150046,34800.0,,40270.0,,,61.07,56555.0,,,,15.16,83.2039566040039,WB/UNESCO
GRL,2008,0.0,Greenland,15.94,,44366.7858688175,60506.1946272328,48203.1230640805,,,,,,62.82,56328.0,,,,15.94,83.621826171875,WB/UNESCO
GRL,2009,0.0,Greenland,11.79,,44918.8413832155,61035.5672997071,48924.7640868414,,,,,,62.83,56323.0,,,,11.79,83.8556137084961,WB/UNESCO
GRL,2010,0.0,Greenland,21.35,,44277.1993400972,61863.2826915137,50190.8817878253,,,,,,63.0,56534.0,,,,21.35,84.2784881591797,WB/UNESCO
GRL,2011,0.0,Greenland,17.55,,47186.8759969388,61170.9203658321,50653.0585931281,,,,,,64.0,56890.0,,,,17.55,84.5286026000977,WB/UNESCO
GRL,2012,0.0,Greenland,25.44,,45936.9562817724,62111.1033086807,52389.3253513734,,,,,,64.8960100995989,56810.0,,,,24.19,84.8864593505859,WB/UNESCO
GRL,2013,0.0,Greenland,31.57,,47535.4883792376,61659.6415225985,52893.650357143,,,,,,65.8,56483.0,,,,31.57,85.3725891113281,WB/UNESCO
GRL,2014,0.0,Greenland,23.84,,50485.2244135291,64799.3056628017,56555.0690664102,,,,,,66.7,56295.0,,,,23.59,85.6772384643555,WB/UNESCO
GRL,2015,0.2,Greenland,29.22,,44536.3549705377,63364.0536061164,55815.6502896781,,,,,,67.600443481006,56114.0,,,,29.01,86.046257019043,WB/UNESCO
GRL,2016,0.0,Greenland,23.8,,48181.7453541266,66245.7294730698,58908.5907726517,,,,,,68.500873675421,56186.0,,,,23.73,86.2261047363281,WB/UNESCO
GRL,2017,0.0,Greenland,25.88,,50765.7494665372,66297.1790691281,60010.0982907298,,,,,,69.4824617821988,56172.0,,,,25.51,86.3915557861328,WB/UNESCO
GRL,2018,0.14,Greenland,31.51,,54545.135857765,66887.6779268926,61806.8271308174,,,,,,,56023.0,,,,31.51,86.72509765625,WB/UNESCO
GRL,2019,0.0,Greenland,28.41,,53309.2035905065,68534.9419039133,64264.0564607393,,,,,,,56225.0,,,,30.1,87.0217895507812,WB/UNESCO
GRL,2020,0.5,Greenland,29.34,,54812.6661771023,68533.7339902964,64999.4435683064,,,,,,,56367.0,,,,28.59,87.2840881978115,WB/UNESCO
GRL,2021,0.34,Greenland,35.19,,58135.9939910203,69302.0088788237,69302.0088788237,,,,,,,56653.0,,,,35.34,87.5452017613678,WB/UNESCO
GRL,2022,0.28,Greenland,30.55,,55635.0006491223,70681.2253902158,75708.4296211883,,,,,,,56661.0,,,,32.01,87.8049405256832,WB/UNESCO
GTM,2003,0.0,Guatemala,26.71,,1722.54701910774,8926.15771786373,5081.38005581936,1660.0,8637.98436019009,5010.0,,,4.54885490848324,12525842.0,,,,24.08,46.5865389722105,WB/UNESCO
GTM,2004,0.45,Guatemala,28.55,,1840.91184884,9003.86136388797,5263.44654916003,1830.0,8623.44479697085,5170.0,,,5.1,12807402.0,,,,28.05,47.326819486636,WB/UNESCO
GTM,2005,0.5,Guatemala,46.75,,2046.46611650758,9099.7275067528,5486.27776981771,1980.0,8631.64841494856,5390.0,,,5.699999809,13087629.0,0.03556,29.96244,,46.32,48.0557951573834,WB/UNESCO
GTM,2006,1.5,Guatemala,36.47,11.88161,2225.1234753878,9386.00549814138,5833.38691805117,2130.0,8818.77492103619,5700.0,3.03285002708435,20.3384494781494,6.5,13367459.0,0.0501,24.57335,,35.47,48.7676356188334,WB/UNESCO
GTM,2007,0.67,Guatemala,32.06,10.91625,2458.81573919384,9772.80992048501,6238.33976920384,2340.0,9151.17780199904,6080.0,3.08809995651245,21.2781600952148,7.300000191,13652040.0,0.06782,34.56902,17.2977504730225,29.68,49.4565105053665,WB/UNESCO
GTM,2008,1.83,Guatemala,36.23,10.79647,2763.05988172926,9889.57668418909,6434.50703723393,2570.0,9312.96169692959,6330.0,3.23686003684998,23.3481597900391,8.300000191,13935174.0,0.0629,39.14498,,35.11,50.1165894513633,WB/UNESCO
GTM,2009,0.5,Guatemala,55.78,,2611.64632773352,9740.71387674159,6376.74106304334,2610.0,9430.63256206692,6250.0,,,9.300000191,14215611.0,0.0562,39.35924,15.0972604751587,54.18,50.7420420912045,WB/UNESCO
GTM,2010,0.5,Guatemala,52.0,11.33206,2805.25960237322,9825.022234198,6510.0998092869,2690.0,9468.77811489666,6340.0,2.84864997863769,19.2969207763672,10.5,14500112.0,0.04421,25.28604,15.752311204905,48.75,51.3270380592706,WB/UNESCO
GTM,2011,0.0,Guatemala,44.39,12.44837,3168.98370607705,10032.0932829709,6784.44712953621,2850.0,9722.04428466574,6600.0,2.96865010261536,20.2464103698731,12.30000019,14792126.0,0.04894,25.2655,16.4344375204985,40.99,51.8657469899423,WB/UNESCO
GTM,2012,0.0,Guatemala,67.55,12.82632,3286.61959336267,10126.8330566224,7258.31667467883,3090.0,9855.74410327719,7110.0,3.00524997711182,21.1051406860352,16.0,15089647.0,0.04543,27.51046,16.8753678874298,65.0,52.3523385176,WB/UNESCO
GTM,2013,0.21,Guatemala,72.98,12.29717,3444.15802275864,10297.8392994827,7699.94541247252,3300.0,9828.88312858246,7520.0,2.88808989524841,20.6379508972168,19.70000076,15387337.0,0.03916,17.78271,19.5737030720879,71.32,52.7809822766245,WB/UNESCO
GTM,2014,2.06,Guatemala,63.06,12.13767,3689.14510410202,10553.563988977,8236.65929901848,3460.0,10062.3596136591,8020.0,2.98563003540039,21.9593906402588,23.39999962,15681725.0,0.02949,20.79155,18.255292159465,59.94,53.1458479013964,WB/UNESCO
GTM,2015,2.78,Guatemala,85.69,13.78745,3893.50533299068,10785.9583125957,8934.00261178392,3610.0,10447.2091168684,8720.0,3.03032994270325,24.0855007171631,28.80590057,15971743.0,0.03064,22.74408,21.9573684260954,80.24,53.4411050262961,WB/UNESCO
GTM,2016,0.6,Guatemala,91.55,14.64296,4060.13784737643,10872.5938902469,9201.42836046357,3760.0,10639.4976626928,9000.0,2.94474005699158,23.4347496032715,34.50930023,16268760.0,0.02311,22.71149,,78.97,53.6609232857043,WB/UNESCO
GTM,2017,2.35,Guatemala,105.53,13.22195,4324.99768915601,11005.4592851719,9560.1778346272,3980.0,10780.7872561358,9360.0,2.95009994506836,23.0880508422852,37.90000153,16567357.0,0.02955,14.49246,,102.57,53.7994723140017,WB/UNESCO
GTM,2018,0.33,Guatemala,106.75,13.89463,4352.94593289707,11192.3719192725,9946.80252245268,4270.0,10906.1438594099,9740.0,3.13193988800049,23.7495403289795,41.5,16845685.0,0.02938,13.28356,,100.6,53.845962303542,WB/UNESCO
GTM,2019,2.67,Guatemala,95.12,,4511.99839552697,11466.3764932197,10755.8801029589,4490.0,11343.0976652657,10560.0,3.19297003746033,23.7553806304932,44.401049838502,17103803.0,0.02642,14.95967,22.559501429793,94.34,54.1882267267974,WB/UNESCO
GTM,2020,2.07,Guatemala,123.82,,4477.61785000665,11097.1503902986,10947.3711292197,4360.0,11145.4330153928,10750.0,3.29485011100769,21.141170501709,47.51229858,17357325.0,0.04887,17.2968,,123.78,54.5483167911628,WB/UNESCO
GTM,2021,1.99,Guatemala,124.03,,4912.62240414681,11825.141273764,11825.141273764,4800.0,11532.9031697037,11530.0,3.09189009666443,22.9552707672119,50.84164945,17598650.0,0.05835,14.52588,,119.25,54.9047071553758,WB/UNESCO
GTM,2022,1.54,Guatemala,121.38,,5356.92435887895,12144.4800461597,13008.2565459863,5220.0,11588.817676861,12730.0,3.20787000656128,22.4845294952393,54.40430069,17847877.0,0.00549,4.40398,,117.76,55.2581228215265,WB/UNESCO
GUY,2003,0.0,Guyana,7.29,,973.742598054188,8267.42910545363,6392.3331579454,910.0,,6240.0,6.95590019226074,13.8145599365234,2.4,763101.0,,,7.17658996582031,7.29,28.3083472486662,WB/UNESCO
GUY,2004,0.06,Guyana,11.3,6.20109,1033.31030902188,8404.2001629708,6672.82299443747,1010.0,,6560.0,5.51291990280151,11.0807399749756,3.7,762418.0,,,10.3284902572632,11.13,28.0668850172523,WB/UNESCO
GUY,2005,0.5,Guyana,20.19,,1084.06541388904,8256.52519071138,6761.1179840766,1070.0,,6690.0,8.13973045349121,13.8234395980835,5.699999809,760914.0,,,10.8724203109741,20.19,27.7758550706193,WB/UNESCO
GUY,2006,0.17,Guyana,9.64,5.24019,3135.60553528326,8702.33133494001,7345.94028216451,1450.0,,7120.0,3.11891007423401,13.4816904067993,8.899999619,758966.0,,,10.9942598342896,9.64,27.4604582346121,WB/UNESCO
GUY,2007,0.0,Guyana,12.11,5.89013,3608.28685240188,9354.08017716534,8110.0299986261,2250.0,,8080.0,2.39117002487183,11.5261602401733,13.80000019,756861.0,,,11.1278600692749,12.11,27.1458953350755,WB/UNESCO
GUY,2008,0.0,Guyana,10.07,,4008.9628671603,9546.70875949436,8436.51438412778,3820.0,,8400.0,,,18.2,754606.0,,,10.6148700714111,9.47,26.8573671978542,WB/UNESCO
GUY,2009,0.0,Guyana,10.23,7.34472,4209.13230624565,9924.52660770631,8824.48960171335,4160.0,,8780.0,2.15057992935181,10.338210105896,23.9,752094.0,,,10.0790901184082,10.23,26.620074648793,WB/UNESCO
GUY,2010,0.0,Guyana,20.13,5.29366,4581.76179693492,10374.3947557656,9336.59830182084,4520.0,,9370.0,2.40938997268677,11.9658098220825,29.9,749256.0,,,10.9517002105713,19.88,26.4592185137368,WB/UNESCO
GUY,2011,0.0,Guyana,10.65,3.86574,4947.22170589917,10958.8598838438,10066.0729753598,4860.0,,10040.0,2.50669002532959,11.8228998184204,30.0,746153.0,,,11.2686901092529,10.65,26.3999996185303,WB/UNESCO
GUY,2012,0.5,Guyana,13.39,5.06216,5444.39751913913,11534.9985588659,10626.8256674463,5350.0,,10690.0,2.24131989479065,10.2595901489258,30.5,746288.0,,,11.7027597427368,14.06,26.3999996185303,WB/UNESCO
GUY,2013,0.0,Guyana,13.74,,5556.91231156932,11896.9069854942,11199.8874744089,5610.0,,11280.0,,,31.0,750021.0,,,,12.74,26.4003891353669,WB/UNESCO
GUY,2014,0.17,Guyana,12.11,,5472.68820452237,12030.0529344045,11145.0291198724,5640.0,,11220.0,4.36033010482788,18.8775196075439,32.0,754229.0,,,,12.11,26.4018152016157,WB/UNESCO
GUY,2015,0.0,Guyana,9.85,,5640.41560569466,12040.08253302,11408.473901349,5530.0,,11470.0,3.89569997787476,17.9194202423096,34.0,758781.0,,,,9.52,26.4043918297579,WB/UNESCO
GUY,2016,0.0,Guyana,13.58,,5870.87823759835,12420.4724727603,11516.3798289577,5610.0,,11400.0,4.73775005340576,18.8135395050049,35.65999985,763548.0,,,,13.58,26.4080892882899,WB/UNESCO
GUY,2017,0.0,Guyana,17.45,,6178.6650437298,12801.6408529346,12243.2225968541,5870.0,,12030.0,4.6647801399231,17.7340602874756,42.6753006,768479.0,,,,17.2,26.412905546573,WB/UNESCO
GUY,2018,1.43,Guyana,14.89,,6048.38697180418,12980.3576003177,12442.5087185876,6100.0,,12190.0,4.45058012008667,16.1520805358887,48.59889984,791556.0,,,,14.72,26.4188378517884,WB/UNESCO
GUY,2019,0.63,Guyana,17.09,,6405.82443444562,13402.4219472757,13240.9713761155,6380.0,,13030.0,,,55.31269836,807665.0,,,,42.22,26.4258834773058,WB/UNESCO
GUY,2020,0.17,Guyana,25.06,,6775.70939096303,19234.1301977637,16819.4228714695,8090.0,,16490.0,,,62.95399857,807481.0,,,,46.55,26.4340397353676,WB/UNESCO
GUY,2021,0.0,Guyana,29.95,,9860.87014834386,22865.9270968882,22865.9270968882,7810.0,18312.5742917268,18310.0,,,71.65090179,815482.0,,,,45.08,26.443303961947,WB/UNESCO
GUY,2022,1.69,Guyana,28.87,,17913.4928066879,37068.1993827588,39704.6761521236,14680.0,,36080.0,,,76.56240082,821637.0,,,,49.46,26.4536735068183,WB/UNESCO
HND,2003,0.0,Honduras,10.25,,1156.08162681357,4714.86701000971,2820.71404421458,1130.0,4524.53937752464,2700.0,,,4.8,7119213.0,0.04215,,15.888970375061,10.25,46.990184604045,WB/UNESCO
HND,2004,0.5,Honduras,13.44,,1215.13995412761,4885.34258343422,3001.29671322779,1210.0,4663.76323677226,2850.0,,,5.6,7298994.0,0.04155,,15.9416399002075,12.69,47.5739776096056,WB/UNESCO
HND,2005,0.5,Honduras,13.95,,1304.70039153826,5056.67544412551,3203.9591898809,1290.0,4860.28024951975,3050.0,,,6.5,7478355.0,,,,13.95,48.1703884178554,WB/UNESCO
HND,2006,0.0,Honduras,11.3,,1425.84780051892,5263.15029099578,3437.62296346881,1360.0,5057.54191297264,3270.0,,,7.800000191,7656832.0,,,,11.3,48.7790074235564,WB/UNESCO
HND,2007,0.0,Honduras,12.07,,1577.73789197407,5461.90151889031,3664.08828479199,1490.0,5341.17599533699,3550.0,,,9.399999619,7834798.0,,,,10.73,49.3994250214704,WB/UNESCO
HND,2008,0.0,Honduras,17.67,,1732.49062702803,5566.70639487722,3806.34706360414,1620.0,5462.75678786842,3690.0,,,9.6,8012587.0,,,17.5304298400879,17.33,50.0312316063593,WB/UNESCO
HND,2009,0.0,Honduras,16.52,,1781.15703614674,5313.75573967791,3655.79701386776,1670.0,5243.89644845234,3580.0,,,9.800000191,8189899.0,,,,16.02,50.6740175729851,WB/UNESCO
HND,2010,0.0,Honduras,21.96,,1893.32722662035,5396.07227927744,3757.54642050171,1730.0,5180.21515454404,3580.0,,,11.09,8365878.0,,,19.2757550175649,21.96,51.3273733161098,WB/UNESCO
HND,2011,0.0,Honduras,19.1,,2073.66121088074,5488.43371596332,3900.71136173338,1860.0,5235.85194512795,3690.0,,,15.9,8540583.0,,,,19.1,51.9908892304951,WB/UNESCO
HND,2012,0.0,Honduras,26.42,,2126.03474686503,5600.6077605497,4016.34609101801,1950.0,5245.96836159365,3740.0,6.29972793577391,,18.12,8715076.0,,,18.9442917508647,26.35,52.6641557109031,WB/UNESCO
HND,2013,0.0,Honduras,19.55,18.48948,2081.12843527945,5644.13384802045,4137.3268237781,1990.0,5295.93570779848,3850.0,5.87493991851807,20.9998302459717,17.8,8889278.0,,,19.4476759264062,19.55,53.356379133253,WB/UNESCO
HND,2014,0.0,Honduras,25.36,13.72908,2179.88171977271,5705.16246265484,4460.05742833175,1980.0,5276.23741031374,4100.0,7.09010982513428,26.8644294738769,23.0,9063122.0,,,19.7241865242748,23.56,53.8768089124249,WB/UNESCO
HND,2015,0.01,Honduras,30.92,13.69218,2271.20265980349,5812.5348879105,4845.59566521125,2030.0,5406.10174253707,4520.0,6.41298007965088,24.6445598602295,27.1395454833776,9237305.0,0.01497,22.29506,20.3152639116671,29.67,54.3828473751434,WB/UNESCO
HND,2016,0.83,Honduras,32.64,,2307.34468351082,5926.49025534228,5186.15897417161,2090.0,5487.44646825092,4820.0,6.09509492079297,,29.5282180796457,9412380.0,,,21.0025442228384,32.64,54.8868414578857,WB/UNESCO
HND,2017,0.0,Honduras,45.54,,2413.0076562942,6099.60734919414,5620.65455247733,2210.0,5712.97227773425,5280.0,5.74434396129576,,31.7357924661485,9588137.0,0.03994,34.42048,24.5585599156436,41.74,55.3877322339915,WB/UNESCO
HND,2018,0.33,Honduras,46.74,,2464.64241531918,6219.27973775059,5633.3832384519,2280.0,5732.04998194747,5190.0,6.05646991729736,23.1551094055176,36.0400608231468,9765210.0,0.06394,201.94053,26.3838242053705,43.02,55.8852577716247,WB/UNESCO
HND,2019,1.33,Honduras,78.07,,2502.32744328073,6264.01884276715,5784.93081057111,2330.0,5776.35321596604,5330.0,5.98198266311593,,39.3883521850111,9943633.0,0.05997,187.83669,25.3231382609304,77.85,56.3791561389766,WB/UNESCO
HND,2020,1.32,Honduras,114.94,,2307.61494319511,5603.26398377777,5384.69831983038,2120.0,5193.39481741227,5000.0,6.09801328648889,,45.24829865,10119640.0,,,,103.36,56.8691654042685,WB/UNESCO
HND,2021,2.57,Honduras,112.68,,2735.14751503977,6202.98078812037,6202.98078812037,2440.0,5681.3058830983,5680.0,5.88160201792279,,51.95159912,10289877.0,,,,89.88,57.3550236357547,WB/UNESCO
HND,2022,2.31,Honduras,159.18,,3003.28996826399,6352.58710177732,6804.41504589356,2700.0,5880.00240228793,6260.0,4.48280030802056,,56.88069916,10463872.0,,,,131.63,57.8364689017254,WB/UNESCO
HRV,2003,65.27,Croatia,2375.59,18.54726,8189.99059314699,25473.5672036391,13691.2872092509,6700.0,23847.526152968,13250.0,3.87019991874695,7.79530000686646,22.75,4303399.0,0.94098,1361.17206,42.3809814453125,2356.53,55.6386960202113,WB/UNESCO
HRV,2004,63.55,Croatia,2511.21,18.10904,9718.92771524605,26528.5369054362,14686.1082157283,8570.0,25494.551345741,14440.0,3.82386994361877,7.80251979827881,30.91,4304600.0,1.02048,1657.56476,44.0762214660645,2489.22,55.5890878734365,WB/UNESCO
HRV,2005,74.03,Croatia,3024.3,,10443.4484003498,27641.1374713864,15450.6908485826,10210.0,26420.1604001713,15090.0,,,33.13999939,4310145.0,0.84799,1327.97321,47.2947196960449,2984.1,55.5307217475444,WB/UNESCO
HRV,2006,70.68,Croatia,3016.93,,11501.2327422844,29035.6749841445,17628.7718376804,11240.0,27834.6313283872,17180.0,,,37.97999954,4311159.0,0.73228,1338.95518,48.5975112915039,2985.39,55.4685969711483,WB/UNESCO
HRV,2007,73.58,Croatia,3505.63,19.80252,13755.8149054063,30508.3061279124,19567.4938073523,12520.0,29488.3533976896,19120.0,3.96898007392883,8.56842041015625,41.44,4310217.0,0.78328,1419.96782,50.530590057373,3447.89,55.4077128728613,WB/UNESCO
HRV,2008,87.95,Croatia,3738.88,21.9574,15888.1184388903,31113.555007687,21018.1356310998,14030.0,29992.9308757673,20370.0,4.2783899307251,9.24820041656494,44.24,4309705.0,0.87629,1551.807,52.3514518737793,3650.77,55.3530687812969,WB/UNESCO
HRV,2009,115.01,Croatia,4128.56,18.85064,14474.52513863,29024.6640551953,20358.153970121,13970.0,27973.5743569033,19610.0,4.36217021942139,8.86186027526855,50.58,4305181.0,0.82999,1606.76105,51.9583015441895,4028.62,55.3096640250682,WB/UNESCO
HRV,2010,91.16,Croatia,3971.29,18.31597,13729.7472872883,28701.8754573033,20139.3171606116,13900.0,27750.1364162018,19450.0,4.20651006698608,8.73968982696533,56.55,4295427.0,0.72875,1649.24941,57.0685997009277,3880.6,55.2824979327886,WB/UNESCO
HRV,2011,127.92,Croatia,4522.9,22.15709,14691.591757962,28769.0229490882,21190.7772144927,14020.0,27987.0897866037,20570.0,4.10584020614624,8.45287990570068,57.7899789891444,4280622.0,0.73493,1594.22493,59.3388595581055,4416.55,55.2773793281248,WB/UNESCO
HRV,2012,131.08,Croatia,4442.57,,13507.6349882758,28259.1638073948,21618.4587267283,13540.0,27346.7221861726,20930.0,,,61.9399731527956,4260368.0,0.73545,1567.46167,62.0256614685059,4335.41,55.3042888624873,WB/UNESCO
HRV,2013,124.8,Croatia,4241.78,21.85532,14135.0903485872,28397.9820661555,22430.1102453055,13940.0,27830.1060975811,22010.0,4.50127983093262,9.39710998535156,66.7476,4233922.0,0.79163,1535.62032,66.7111129760742,4111.71,55.3659479687433,WB/UNESCO
HRV,2014,132.86,Croatia,4062.94,,14186.7712230471,28456.3353756076,22706.2761364179,13820.0,28076.8029740465,22390.0,,,68.5678992528467,4201598.0,0.76744,1445.04267,68.6392517089844,3975.01,55.4591834926844,WB/UNESCO
HRV,2015,151.79,Croatia,4115.56,,12283.8750299177,29466.4506365792,23749.8280957224,13570.0,29476.5694695457,23690.0,,,69.8450359238281,4151725.0,0.82388,1513.83841,68.4413986206055,4033.56,55.5812594509004,WB/UNESCO
HRV,2016,172.65,Croatia,4068.08,,12820.1872746645,30820.8050421355,25802.8242312486,13090.0,30549.7109821298,25340.0,,,72.6972696701463,4106867.0,0.84569,1871.39921,69.5889511108398,4023.84,55.7294398599808,WB/UNESCO
HRV,2017,159.34,Croatia,4433.35,,13901.6498657787,32348.5888556174,27887.4600052514,13350.0,32603.7335698761,27800.0,3.87207007408142,8.7887601852417,67.0961920368478,4041407.0,0.84354,1900.86092,71.3775863647461,4316.99,55.9009887365155,WB/UNESCO
HRV,2018,205.0,Croatia,4721.48,,15460.4560798984,33729.5455811943,29789.4340021154,14670.0,33858.6578358126,29470.0,3.92432999610901,8.73954963684082,75.2946259897258,3988775.0,0.94608,1973.01528,72.8625411987305,4590.14,56.093170097094,WB/UNESCO
HRV,2019,161.27,Croatia,4751.25,,15563.7354996625,35122.7966231008,33063.9987060793,15770.0,35613.4982782175,32890.0,3.94555997848511,8.90884017944336,79.0797836757554,3949390.0,1.07723,2203.55061,74.0501174926758,4603.53,56.303247958306,WB/UNESCO
HRV,2020,234.7,Croatia,5066.8,,14807.5559227544,32493.4017010055,31594.0082486835,15060.0,33254.7028374495,31970.0,4.40854978561401,8.21537017822266,78.32090004,3914206.0,1.23536,2295.44402,74.738037109375,4919.63,56.5284863367411,WB/UNESCO
HRV,2021,235.08,Croatia,5782.73,,17788.7601163765,36930.076102199,36930.076102199,17390.0,36691.3531603861,36690.0,4.0916600227356,8.50407981872559,81.25396608,3878981.0,1.24187,2414.42218,78.0067901611328,5529.57,56.7683502560171,WB/UNESCO
HRV,2022,198.53,Croatia,5711.14,,18465.531473659,39863.9109377649,42125.1926231817,19370.0,38503.5399017011,41960.0,,,82.07155532,3855641.0,1.41896,2534.42425,80.7626724243164,5488.61,56.9977571733605,WB/UNESCO
HTI,2003,0.0,Haiti,4.93,,578.995291079709,3197.9365263707,2330.91873931676,690.0,3081.89238751216,2320.0,,,1.64735834557778,8759912.0,,,,4.93,41.2007603284477,WB/UNESCO
HTI,2004,0.0,Haiti,6.32,,683.185298155273,3102.54173985545,2322.19786800503,680.0,3055.84636549956,2320.0,,,5.401261907622,8910263.0,,,,6.32,41.8705746346912,WB/UNESCO
HTI,2005,0.0,Haiti,8.17,,775.845704056916,3144.56353969437,2427.44808549398,710.0,3013.42858626583,2420.0,,,6.376200199,9061273.0,,,,8.17,42.5791771857318,WB/UNESCO
HTI,2006,0.25,Haiti,14.05,,828.805700289589,3146.2634386786,2503.6593268342,800.0,3123.23243296931,2510.0,,,6.796000004,9216562.0,,,,14.05,43.2846444920296,WB/UNESCO
HTI,2007,0.33,Haiti,10.52,,984.566983448521,3239.25745989841,2647.49538602344,900.0,3136.0153364422,2650.0,,,7.199999809,9373296.0,,,,10.52,43.9866171992907,WB/UNESCO
HTI,2008,0.0,Haiti,7.02,,1094.66058421644,3270.41272369326,2724.45922817022,1010.0,3197.03979863495,2730.0,,,7.599999905,9530774.0,,,,7.02,44.6847359532184,WB/UNESCO
HTI,2009,0.0,Haiti,11.67,,1196.8528706018,3406.29486715549,2855.1597138836,1160.0,3423.52999927087,2860.0,,,8.100000381,9689581.0,,,,11.47,45.3786413995138,WB/UNESCO
HTI,2010,0.0,Haiti,14.55,,1209.72733503094,3176.50949040109,2694.91104128509,1140.0,3116.56261968431,2700.0,,,8.369999886,9803294.0,,,,14.05,46.0679741838751,WB/UNESCO
HTI,2011,0.0,Haiti,18.13,,1312.03953552013,3300.87444105175,2858.19645979435,1260.0,3127.10391579852,2870.0,,,9.0,9914904.0,,,,18.13,46.7523749519985,WB/UNESCO
HTI,2012,0.97,Haiti,16.87,,1361.39396587374,3266.43832519352,2830.19080559709,1320.0,3109.43984962348,2840.0,,,9.800000191,10069771.0,,,,15.77,47.4314843495779,WB/UNESCO
HTI,2013,0.5,Haiti,29.38,,1457.83221179626,3356.8373216264,3042.4970687871,1410.0,3288.58738740533,3050.0,,,10.60000038,10222362.0,,,,28.09,48.1049430223048,WB/UNESCO
HTI,2014,1.17,Haiti,36.71,,1460.18898613914,3403.57496642947,3075.73843837062,1460.0,3255.61880010249,3090.0,1.75226998329163,11.9841499328613,11.39999962,10373235.0,,,,35.99,48.7723916158687,WB/UNESCO
HTI,2015,0.21,Haiti,33.84,,1411.12684746796,3402.0283988016,3025.83461728258,1430.0,3349.46125684044,3030.0,1.85497999191284,14.5677795410156,14.19999981,10523242.0,,,,33.55,49.4334707759572,WB/UNESCO
HTI,2016,1.05,Haiti,32.5,,1318.40268167953,3415.58218112308,3253.47178641614,1380.0,3516.58414051925,3260.0,1.38776004314423,13.2331695556641,22.79999924,10671457.0,,,,31.57,50.087821148256,WB/UNESCO
HTI,2017,0.0,Haiti,42.22,,1395.23945184461,3453.97142164659,3339.38884653446,1370.0,3608.17744591242,3350.0,1.49846994876862,14.6950197219849,27.20000076,10817754.0,,,,41.72,50.735083378449,WB/UNESCO
HTI,2018,0.1,Haiti,31.58,,1496.38048970156,3465.25480573601,3196.97386370614,1430.0,3527.04345137155,3210.0,1.63715994358063,14.4909696578979,32.4736271300557,10962362.0,,,,30.93,51.374898112219,WB/UNESCO
HTI,2019,0.54,Haiti,35.07,,1352.17204191532,3361.75328894114,3236.97492504607,1410.0,3491.24389637972,3250.0,1.08414978067408,12.8616709116158,35.76409912,11105163.0,,,,37.08,52.0069059952475,WB/UNESCO
HTI,2020,1.0,Haiti,41.75,,1290.32538667383,3210.53609854862,3103.18066312462,1340.0,3248.43462068911,3110.0,1.11353641558643,10.0041094655259,39.38809967,11243848.0,,,,40.55,52.6307476732151,WB/UNESCO
HTI,2021,0.18,Haiti,40.18,,1824.6798742577,3116.56505397604,3116.56505397604,1450.0,3120.07820902704,3120.0,1.24275181117048,16.1069363481865,43.37919998,11374586.0,,,,40.71,53.2460637918026,WB/UNESCO
HTI,2022,0.39,Haiti,37.56,,1748.40890116803,3029.77866381702,3245.27176023069,1610.0,3156.28537767809,3250.0,1.02689812206798,13.124044561831,47.77470016,11503606.0,,,,40.79,53.8524949966907,WB/UNESCO
HUN,2003,31.51,Hungary,4652.86,20.69117,8410.09248198479,25255.8711300567,15459.9630651172,6630.0,24945.2244368033,14610.0,5.79872989654541,11.7917404174805,21.63,10129552.0,0.91985,1499.67591,54.6346397399902,4625.02,64.8452987670898,WB/UNESCO
HUN,2004,39.5,Hungary,4884.44,18.70517,10291.2694721409,26568.118861864,16250.6523854316,8650.0,26127.6742722031,15270.0,5.33301019668579,10.9347896575928,27.74,10107146.0,0.86077,1476.26637,61.5071411132812,4836.51,65.0225372314453,WB/UNESCO
HUN,2005,28.17,Hungary,5598.55,18.89088,11212.2046968994,27765.7886146197,17091.2761318193,10380.0,26974.6350277197,16030.0,5.32539987564087,10.7871503829956,38.97,10087065.0,0.92043,1575.84829,64.9774017333984,5548.39,66.1261367797852,WB/UNESCO
HUN,2006,31.16,Hungary,5608.48,19.14149,11478.4891640501,28903.0475407078,18361.9963871537,11230.0,27820.3479433008,17230.0,5.29485988616943,10.2998199462891,47.06,10071370.0,0.97835,1745.00319,66.3986663818359,5578.29,67.0155868530273,WB/UNESCO
HUN,2007,36.54,Hungary,5890.22,19.71294,13934.605460375,29044.0669021254,19089.2936988152,11770.0,27629.2165849685,17650.0,5.13725996017456,10.2984800338745,53.3,10055780.0,0.95488,1731.42684,66.2652969360352,5833.47,67.0041656494141,WB/UNESCO
HUN,2008,40.89,Hungary,6481.82,20.01192,15762.6322515113,29384.0070385818,20708.7615120316,13250.0,28068.0571066887,19360.0,4.97069978713989,10.1910696029663,61.0,10038188.0,0.97817,1845.99803,63.9738388061523,6390.33,68.0976986078883,WB/UNESCO
HUN,2009,65.38,Hungary,6045.91,22.05753,13051.1831777184,27445.959458479,20691.4485224486,13400.0,26970.2625368022,19810.0,4.95626020431519,9.78332996368408,62.0,10022650.0,1.13027,2004.50214,61.9771690368652,5936.75,68.4592590332031,WB/UNESCO
HUN,2010,51.97,Hungary,5954.49,20.11094,13189.8433874768,27801.833816111,21690.9866477738,13250.0,27229.4222858111,20690.0,4.73365020751953,9.6772403717041,65.0,10000023.0,1.13102,2135.63344,60.7487602233887,5777.46,69.5305480957031,WB/UNESCO
HUN,2011,70.15,Hungary,6441.42,23.39252,14211.460557822,28415.1173442897,22992.2184657584,13260.0,27518.6366285068,21920.0,4.57056999206543,9.30111980438232,68.0199878861296,9971727.0,1.18116,2309.99213,59.9984893798828,6289.26,69.4779934082031,WB/UNESCO
HUN,2012,71.33,Hungary,6506.75,19.08823,12950.1594488143,28179.656464434,23205.310668404,13080.0,27252.1711386185,22270.0,4.15359020233154,8.43414974212646,70.579998153838,9920362.0,1.25758,2400.89424,60.6758003234863,6380.49,69.5772326660156,WB/UNESCO
HUN,2013,110.01,Hungary,6306.37,21.33464,13739.4620151401,28891.0217544976,24591.6380503055,13560.0,28383.2592199083,23910.0,4.19040012359619,8.36752033233643,72.6439,9872734.0,1.38449,2527.84945,57.5212211608887,6153.78,69.9277636266638,WB/UNESCO
HUN,2014,98.96,Hungary,6670.04,16.44862,14352.501883174,30264.9492302161,25796.2100959256,13630.0,29359.0374022337,24670.0,4.59878015518188,9.19466972351074,75.6531974544103,9833038.0,1.3437,2654.79529,53.4245910644531,6494.0,70.3071053512008,WB/UNESCO
HUN,2015,115.61,Hungary,6586.04,14.33275,12782.9412577973,31485.5675425634,26937.7320818864,13310.0,30551.0478930477,25670.0,4.49287986755371,8.92263984680176,72.8347370323805,9797755.0,1.33884,2569.66887,50.9797401428223,6389.48,70.4847717285156,WB/UNESCO
HUN,2016,124.65,Hungary,6531.06,16.07903,13215.8605277789,32378.9674983075,28178.9450366919,13230.0,32224.3715827557,27460.0,4.60210990905762,9.862380027771,79.2594121273057,9759755.0,1.17645,2625.94197,50.7361488342285,6351.5,70.4733810424805,WB/UNESCO
HUN,2017,149.48,Hungary,6766.09,,14736.1668157258,33828.714942571,29728.0121568801,13310.0,33012.9247969229,28570.0,4.64034986495972,9.94773006439209,76.7505471201922,9726756.0,1.31498,2902.24254,51.3840599060059,6645.92,70.4542541503906,WB/UNESCO
HUN,2018,172.29,Hungary,6875.82,,16605.0570511887,35798.0412754022,32258.2577892511,15180.0,34695.2858009629,31050.0,4.60567998886108,10.0292501449585,76.0743606365063,9706964.0,1.50196,3846.48666,52.5629386901855,6658.99,70.4711761474609,WB/UNESCO
HUN,2019,164.79,Hungary,7377.59,,17012.8598553199,37662.67681014,35627.2315520858,16840.0,37071.0032437246,34780.0,4.20140981674194,9.16409015655518,80.3716936050482,9694824.0,1.46473,4021.15293,54.2122917175293,7035.03,70.4565277099609,WB/UNESCO
HUN,2020,179.1,Hungary,7762.07,,16386.9308821258,36119.5211735652,35583.5855675637,16330.0,36206.9548761417,34810.0,4.12265014648438,8.07872009277344,84.77115202,9670419.0,1.58067,4309.61589,56.6071815490723,7350.5,70.2917327880859,WB/UNESCO
HUN,2021,179.16,Hungary,8387.03,,19030.628130329,38887.1909527154,38887.1909527154,18070.0,37736.0963604905,37740.0,4.65407991409302,9.6784200668335,88.64083466,9630932.0,1.63327,4452.48668,58.6536102294922,7822.44,70.2059275331413,WB/UNESCO
HUN,2022,230.99,Hungary,8801.72,,18428.028825614,40610.9711368238,44232.4363539167,19200.0,37668.7953626065,43020.0,3.8011999130249,7.80341005325317,89.14282688,9605074.0,1.39056,4725.1504,60.2746810913086,8168.57,70.1585064243445,WB/UNESCO
IDN,2003,0.93,Indonesia,386.76,,1043.2105838671,6599.09193597034,5352.50750387612,880.0,,5150.0,3.21799993515015,16.2781791687012,2.38701977959476,225048008.0,,,15.7722797393799,348.53,44.6301761521872,WB/UNESCO
IDN,2004,1.47,Indonesia,472.22,,1126.84004447173,6843.54654972364,5700.04949540206,1060.0,,5440.0,2.74846005439758,14.1702995300293,2.60028587633414,227926649.0,,,16.1766300201416,434.28,45.4476736441888,WB/UNESCO
IDN,2005,2.18,Indonesia,604.42,,1238.21447629488,7140.8545640704,6134.16673005776,1200.0,,5840.0,2.87281990051269,15.1821098327637,3.60202476259646,230871650.0,,,16.6967105865479,561.57,46.2373757571669,WB/UNESCO
IDN,2006,65.79,Indonesia,729.9,,1558.31562847163,7434.48785352221,6583.35112361832,1350.0,,6300.0,,,4.76481313366657,233951652.0,,,16.767240524292,689.5,47.0017588692457,WB/UNESCO
IDN,2007,6.57,Indonesia,658.13,12.75693,1823.21976255073,7802.46406905954,7096.38768887022,1570.0,,6800.0,3.04426002502441,14.939920425415,5.78627472934199,237062337.0,,,17.5765991210938,618.66,47.7432993585496,WB/UNESCO
IDN,2008,4.39,Indonesia,771.94,10.97822,2124.55483920618,8165.06155116624,7569.25304664569,1900.0,,7300.0,2.90190005302429,13.674750328064,7.917500019,240157903.0,,,20.5209503173828,736.43,48.4644736032029,WB/UNESCO
IDN,2009,7.93,Indonesia,1094.5,12.16564,2218.48541852977,8435.4557468629,7868.1481834145,2110.0,,7590.0,3.52513003349304,19.3081398010254,6.92,243220028.0,0.08332,88.33347,22.6933307647705,1046.9,49.16775798133,WB/UNESCO
IDN,2010,7.27,Indonesia,1446.09,16.05356,3065.68348377765,8848.22473702066,8353.45684705951,2490.0,8661.71609536132,8130.0,2.81227993965149,16.6539402008057,10.92,246305322.0,,,23.4159086398462,1391.47,49.8521375148888,WB/UNESCO
IDN,2011,4.35,Indonesia,1942.53,,3579.46442466152,9274.96955181702,8936.99215549454,2960.0,9114.03551653836,8690.0,3.18944001197815,18.0055103302002,12.28,249470032.0,,,25.027444191823,1813.2,50.4830017089844,WB/UNESCO
IDN,2012,21.79,Indonesia,2111.14,17.17783,3632.27254030331,9708.61182531081,9530.29071136718,3520.0,9410.79829401711,9260.0,3.40748000144958,18.0904197692871,14.52,252698525.0,,,29.0425391195214,2005.03,51.1593933105469,WB/UNESCO
IDN,2013,19.52,Indonesia,2815.34,16.4055,3566.60284506078,10121.8141535043,9866.01699250847,3670.0,9701.83627465597,9570.0,3.35904002189636,17.8482608795166,14.94,255852467.0,0.0847,,29.894529174265,2652.31,51.8307495117188,WB/UNESCO
IDN,2014,13.37,Indonesia,3354.32,15.05278,3441.06808464008,10504.3869411088,10064.677127417,3570.0,10068.1413676974,9730.0,3.28800988197327,17.9038906097412,17.1431598350566,258877399.0,,,29.9904910473273,3094.66,52.5002136230469,WB/UNESCO
IDN,2015,98.52,Indonesia,4474.1,15.80023,3288.22269725538,10893.6621142169,10027.5372996025,3390.0,10472.8187150514,9690.0,3.58361005783081,20.3588600158691,22.062742603379,261799249.0,,,32.4590200433758,4112.9,53.1720771789551,WB/UNESCO
IDN,2016,27.48,Indonesia,6753.72,,3521.46943457574,11319.6634287738,10262.5951651871,3370.0,10931.9385904988,9930.0,1.21023452496964,11.3228385780706,25.447353701827,264627418.0,0.24535,177.73496,34.8307173410877,5850.08,53.812557220459,WB/UNESCO
IDN,2017,37.65,Indonesia,13002.06,,3798.88326174526,11772.5743296107,10687.6409218443,3490.0,11373.1209173155,10350.0,1.05324382490056,10.8803626838238,32.335806250688,267346658.0,0.23805,214.08281,35.967012362631,11115.87,54.4541015625,WB/UNESCO
IDN,2018,33.05,Indonesia,21795.18,,3860.95353090726,12262.2310300771,11372.0971987612,3810.0,11745.9580339788,11030.0,0.994436460846179,10.145246388091,39.9046386385762,269951846.0,0.22632,215.18755,36.1494878042588,13147.37,55.0956840515137,WB/UNESCO
IDN,2019,64.37,Indonesia,31005.34,,4106.94856160358,12757.7850854842,11986.4701508376,4020.0,12128.9748737442,11620.0,0.964399077622927,9.34260924899348,47.6906489788375,272489381.0,0.27129,387.17063,37.3230862728703,17156.26,55.7382049560547,WB/UNESCO
IDN,2020,93.62,Indonesia,32895.71,,3853.70288774146,12388.5449268131,11729.3674458448,3850.0,11872.1663243282,11410.0,1.01593221347809,9.31964024456527,53.72649449,274814866.0,0.28068,395.34168,38.1650601406923,20837.0,56.2785287648768,WB/UNESCO
IDN,2021,107.94,Indonesia,39566.05,,4287.17313995098,12757.0746440204,12757.0746440204,4130.0,12410.73655944,12410.0,1.03221750658374,8.96559769031117,62.10447842,276758053.0,,,40.6293239880732,23653.58,56.8761702464027,WB/UNESCO
IDN,2022,205.53,Indonesia,31947.1,,4730.83484836107,13334.2653947637,14282.6654124401,4520.0,13026.1344803038,13900.0,0.863943349575907,8.70282050991956,66.48461277,278830529.0,,,42.3260385456152,26452.38,57.4934704226599,WB/UNESCO
IND,2003,38.27,India,26637.84,20.08727,544.143133545002,3346.8882902915,2390.73827838828,510.0,3326.72098556006,2370.0,3.61342000961304,12.4107999801636,1.68648997063625,1116803006.0,0.71929,,11.0576400756836,26124.36,28.4660287698,WB/UNESCO
IND,2004,60.08,India,28557.33,20.01232,624.258826510066,3551.04731213773,2604.78313814891,610.0,3529.60368320016,2590.0,3.35254001617432,11.1968603134155,1.97613649190559,1135991513.0,0.7569,,11.3926801681519,28040.79,28.7726067228528,WB/UNESCO
IND,2005,49.96,India,32733.84,19.55496,710.488080408949,3770.39653173829,2852.39802783007,700.0,3746.81822905221,2830.0,3.18876004219055,11.208459854126,2.388099909,1154676322.0,0.82411,135.14649,11.1277303695679,32137.75,29.0945497159107,WB/UNESCO
IND,2006,63.49,India,37739.98,20.28408,801.668353659022,4011.08647585805,3128.06450193583,780.0,3983.52289298793,3100.0,3.14284992218018,11.6937103271484,2.80549986534254,1172878890.0,0.80473,,11.9628095626831,37022.21,29.4309857146804,WB/UNESCO
IND,2007,74.2,India,42045.44,,1021.88707706826,4253.82139046739,3407.23838129709,910.0,4239.73040762828,3390.0,,,3.95,1190676021.0,0.80507,,13.6564798355103,41304.26,29.7810426848684,WB/UNESCO
IND,2008,86.68,India,47758.02,,992.519584923828,4322.48378983546,3528.94302493162,990.0,4300.80324002603,3510.0,,,4.38,1207930964.0,0.85876,,15.6485204696655,46504.62,30.1438485921815,WB/UNESCO
IND,2009,79.26,India,53200.44,36.45114,1094.94974598436,4595.37990753812,3774.87966856294,1110.0,4572.14604136778,3750.0,3.27824997901917,11.1912002563477,5.12,1225524753.0,0.83314,,16.6775093078613,51851.24,30.5185314023263,WB/UNESCO
IND,2010,106.16,India,60265.62,36.07652,1347.51939071367,4913.87639723705,4085.5641012345,1210.0,4864.82788649518,4040.0,3.377690076828,11.8336801528931,7.5,1243481564.0,0.78849,156.19059,18.6971831309683,58296.49,30.9042190810094,WB/UNESCO
IND,2011,108.82,India,71374.74,34.68074,1445.46127486037,5098.67458775444,4326.67118367021,1350.0,5057.87535883299,4290.0,3.79618000984192,13.5649099349976,10.07,1261224954.0,0.75502,,23.8253684220097,69056.48,31.2746502853309,WB/UNESCO
IND,2012,125.71,India,78135.08,32.1669,1429.32199520032,5303.50197767655,4681.12393706313,1460.0,5245.31358329682,4620.0,3.8675000667572,13.9921197891235,11.10000038,1278674502.0,0.74399,,24.9402082606779,75558.82,31.5898935604399,WB/UNESCO
IND,2013,184.59,India,82849.43,28.52687,1432.84397512195,5567.49439418718,4870.23562464539,1500.0,5502.39116009623,4810.0,3.84467005729675,14.0501804351807,12.30000019,1295829511.0,0.70642,,24.390638443123,80194.85,31.9096789235237,WB/UNESCO
IND,2014,199.79,India,91832.04,,1553.88396075118,5905.10618204633,5042.38256477318,1540.0,5839.82864759632,4980.0,3.89878023242693,15.7181539700745,13.5,1312277191.0,0.70158,,25.991324706788,88315.77,32.2288233408821,WB/UNESCO
IND,2015,235.15,India,98300.94,,1583.99815907985,6301.67346968236,5269.11774528716,1580.0,6231.8649539047,5210.0,4.1145601272583,15.6922197341919,14.89999962,1328024498.0,0.6931,214.34935,27.2845677075978,94793.78,32.5472990022299,WB/UNESCO
IND,2016,272.45,India,107483.91,,1707.50892912243,6741.14883185347,5633.77275665841,1670.0,6667.28698006631,5570.0,4.25406980514526,15.7215003967285,16.5,1343944296.0,0.66984,,27.3043573857643,104739.74,32.8650780972823,WB/UNESCO
IND,2017,283.27,India,113508.58,,1950.10468280866,7116.03659185396,5968.11490280172,1790.0,7042.67864697801,5900.0,4.30543994903565,15.8097696304321,18.20000076,1359657400.0,0.66603,,27.9090519049334,115044.77,33.1821328157539,WB/UNESCO
IND,2018,393.53,India,130234.95,,1966.25455171679,7492.62576755145,6521.97490856972,1970.0,7416.91976243252,6450.0,4.36374998092651,16.6353797912598,20.0813000379384,1374659064.0,0.66001,250.00794,28.5316865291946,123052.68,33.4984353473598,WB/UNESCO
IND,2019,386.34,India,132819.62,,2041.42863698585,7702.17634811957,6945.40309824538,2070.0,7633.157289914,6880.0,3.89732003211975,14.8238201141357,29.52350044,1389030312.0,0.65942,,29.0233593907143,128579.54,33.8139578818147,WB/UNESCO
IND,2020,383.67,India,148409.55,,1907.04251637669,7186.86447099679,6766.06119055994,1900.0,7087.09501110557,6670.0,4.29335021972656,15.9926099777222,43.40544313,1402617695.0,0.64558,259.26325,29.8196397708424,145711.12,34.1286726088333,WB/UNESCO
IND,2021,479.83,India,179806.22,,2239.61384367482,7818.65701757504,7818.65701757504,2170.0,7723.88542690122,7720.0,4.62949991226196,14.924599647522,49.2580986,1414203896.0,,,31.5741765984501,173096.47,34.4425517181304,WB/UNESCO
IND,2022,651.54,India,207390.38,,2279.98145719369,8347.38478647086,8941.09277447514,2360.0,8237.49391838955,8810.0,4.09865814174589,14.1554744728238,55.9,1425423212.0,,,32.6703053423023,200488.43,34.7555673994206,WB/UNESCO
IRL,2003,31.23,Ireland,3156.78,24.85275,41203.5295847568,58608.3353816693,36280.4827472575,29980.0,50379.937350298,31280.0,4.20493984222412,12.8731098175049,34.31,3996521.0,1.12435,2534.61201,55.8461685180664,3138.42,59.9120142632573,WB/UNESCO
IRL,2004,71.44,Ireland,3851.1,23.46116,47754.2023194244,61452.8660388324,38729.2468204554,37840.0,51218.9794745402,33430.0,4.48295021057129,13.6585597991943,36.99,4070262.0,1.17778,2735.33169,58.9219093322754,3841.3,60.1994750854288,WB/UNESCO
IRL,2005,58.74,Ireland,4770.06,23.30093,50933.0216095589,63579.7134384122,40466.2343515711,44640.0,53499.6437870934,35050.0,4.51897001266479,13.6849298477173,41.61,4159914.0,1.19197,2821.26494,58.8693199157715,4729.92,60.4882988006461,WB/UNESCO
IRL,2006,64.46,Ireland,4914.54,23.94685,54329.1618599624,64975.4086496251,44222.6536034198,47950.0,55178.4352574631,38780.0,4.54742002487183,13.5489997863769,54.82,4273591.0,1.19887,2895.65117,58.4411811828613,4861.37,60.7703677431593,WB/UNESCO
IRL,2007,79.3,Ireland,5507.74,23.35125,61396.417461176,66475.8410142999,46782.3762067243,50540.0,55335.2751665119,40450.0,4.71541976928711,13.2305898666382,61.158324551,4398942.0,1.23409,2929.08877,58.3019905090332,5439.34,61.0601979374234,WB/UNESCO
IRL,2008,97.56,Ireland,5737.71,23.25964,61353.1065629523,62213.6453256462,44169.0943411644,50940.0,51818.1976349162,38230.0,5.45828008651733,13.1343097686768,65.34,4489544.0,1.39126,3256.66919,54.0174713134766,5654.58,61.3581903884996,WB/UNESCO
IRL,2009,97.17,Ireland,6354.6,23.7471,52133.0906162544,58446.726333492,41491.4739085241,46810.0,47342.1031198367,34660.0,6.15609979629517,13.1332502365112,67.38,4535375.0,1.61371,3139.86576,56.503978729248,6264.34,61.6421022728798,WB/UNESCO
IRL,2010,117.29,Ireland,6940.92,22.2214,48623.9666422487,59107.4220740498,43162.9939992062,44970.0,47885.6299741386,36280.0,6.04835987091065,9.32332038879395,69.85,4560155.0,1.59425,3116.61747,63.1264381408691,6876.15,61.8910689348512,WB/UNESCO
IRL,2011,133.39,Ireland,7200.18,21.7278,52613.8540355689,59797.0537343463,45457.5262213217,42670.0,47584.62832336,37070.0,5.77199983596802,12.3375701904297,74.8899729670944,4580084.0,1.53761,3341.4018,67.7985916137695,7117.2,62.0872735820277,WB/UNESCO
IRL,2012,124.66,Ireland,7018.56,21.39313,49335.8408099555,59303.0319813561,46654.4428740181,41070.0,47315.191320936,37780.0,5.70776987075806,13.5224895477295,76.919992540097,4599533.0,1.5455,4873.66344,68.1972503662109,6962.1,62.2529318511038,WB/UNESCO
IRL,2013,135.36,Ireland,7077.4,21.51171,52537.6108648692,60285.2376140094,48763.0331535881,44170.0,50228.5979150878,41080.0,5.23177003860474,13.1515998840332,78.2477,4623816.0,1.53562,5141.73776,71.6995468139648,7005.24,62.4047157756118,WB/UNESCO
IRL,2014,161.78,Ireland,7186.57,20.84728,57214.5379785709,65463.1952541564,52582.2223929461,47580.0,54130.8661942386,44390.0,4.73554992675781,12.9699697494507,83.4917223351728,4657740.0,1.47756,5290.95054,73.813232421875,7091.25,62.535401730577,WB/UNESCO
IRL,2015,174.82,Ireland,6896.82,23.3454,64250.1385181257,80815.6415277345,71519.6014840656,52340.0,65794.3361200317,55560.0,3.62438988685608,12.9243097305298,83.4947916666667,4701957.0,1.14062,5242.06636,77.2321472167969,6808.89,62.6392123492764,WB/UNESCO
IRL,2016,160.42,Ireland,7148.95,19.58165,64129.5571542383,80760.0974145688,72940.7263991139,52880.0,68341.8145522077,59410.0,3.65881991386414,13.3105401992798,83.5,4762722.0,1.14954,5143.85544,77.5571365356445,7093.78,62.7229399123734,WB/UNESCO
IRL,2017,188.14,Ireland,7288.93,,72161.4047531385,87731.7897045734,80409.4548397032,54410.0,71324.4545784262,63080.0,3.37737011909485,13.3671703338623,84.1140070623844,4827445.0,1.20821,5114.19434,77.5191116333008,7205.05,62.9035196521232,WB/UNESCO
IRL,2018,179.06,Ireland,7457.08,,80804.1123164826,93115.8393498329,86368.9782047908,59110.0,72387.9566275116,65440.0,3.30347990989685,13.3384199142456,87.0001401148942,4898022.0,1.08244,4656.77702,76.7604675292969,7397.98,63.0844503476779,WB/UNESCO
IRL,2019,227.9,Ireland,7999.14,,81827.6688873996,96205.7961557005,92042.2566065385,62460.0,74731.742081486,69360.0,3.22984004020691,13.5292997360229,87.0000552425146,4976456.0,1.13733,4961.4389,74.444580078125,7763.57,63.2737009154127,WB/UNESCO
IRL,2020,248.94,Ireland,8513.7,,86514.0706108754,101793.447525871,97677.4943055886,64420.0,75899.3568461826,71320.0,3.19163990020752,11.9675798416138,91.99989097,5039747.0,1.12466,5196.11055,74.1961975097656,8400.81,63.4713366724915,WB/UNESCO
IRL,2021,238.3,Ireland,9437.0,,103783.446284479,116702.85817485,116702.85817485,74070.0,83261.0215229887,83260.0,2.90461993217468,12.3345098495483,93.50610352,5110585.0,1.0732,5213.43167,78.4613265991211,9216.71,63.6774229356985,WB/UNESCO
IRL,2022,292.6,Ireland,9254.27,,105190.685952731,123007.47648651,138464.829172919,75970.0,84645.8475012569,94640.0,,,95.03690338,5212836.0,1.53215,5554.98837,77.5933380126953,8811.1,63.8920250215059,WB/UNESCO
IRN,2003,17.01,Iran,3906.51,17.07719,2208.99636552406,13519.4501926929,13754.906513045,2180.0,16784.006496923,13780.0,4.36323022842407,22.1354694366455,6.93372195304053,68769340.0,0.59484,,19.4057903289795,3896.43,66.6049270629883,WB/UNESCO
IRN,2004,21.68,Iran,5176.16,15.64982,2672.4226651404,13807.1953114023,14425.4169993917,2450.0,17582.2894872779,14400.0,4.29662990570068,21.5214500427246,7.49,70256316.0,0.50453,,21.3706798553467,5117.06,67.2567367553711,WB/UNESCO
IRN,2005,23.29,Iran,7142.47,15.35867,3132.0508192007,13935.7743087596,15016.2676075641,2850.0,18901.7068903646,14990.0,4.05651998519897,21.8996906280518,8.100000381,71828455.0,0.62284,,22.6841907501221,7045.54,67.8708801269531,WB/UNESCO
IRN,2006,30.57,Iran,10011.67,20.59545,3618.91601364428,14320.6568534545,15906.8581381275,3330.0,19569.4288003664,15910.0,4.28998994827271,19.4567794799805,8.760000229,73392747.0,0.55921,695.93817,25.3070392608643,9805.81,68.3101850492144,WB/UNESCO
IRN,2007,37.73,Iran,12987.19,20.37027,4687.99166260718,15237.4237850549,17383.7156556883,4070.0,21524.02064042,17430.0,4.59681987762451,20.0312805175781,9.470000267,74602648.0,,,29.8213806152344,12669.24,68.806189933608,WB/UNESCO
IRN,2008,53.81,Iran,16845.65,20.6675,5377.4115072957,15091.2506521463,17548.6737755157,4720.0,21213.934129427,17600.0,3.91376996040344,22.3846092224121,12.02,75514204.0,0.64647,723.09305,36.1939392089844,16474.28,69.3790072996746,WB/UNESCO
IRN,2009,38.44,Iran,20425.58,22.02841,5415.52280553446,15055.1494647199,17614.6718697825,5260.0,20412.642975619,17610.0,3.84244990348816,18.5626201629639,13.80000019,76457825.0,0.27258,687.77269,36.4833183288574,19981.67,69.99007683587,WB/UNESCO
IRN,2010,54.21,Iran,24792.45,21.357,6291.19443655454,15729.9131707266,18627.8152016622,5910.0,21868.1852633485,18630.0,3.70917010307312,19.2569103240967,15.9,77420842.0,0.26442,712.4395,42.5482215881348,24288.27,70.6092626774386,WB/UNESCO
IRN,2011,45.83,Iran,31161.44,27.23287,8025.68743364356,15947.766097961,19275.4376880063,6680.0,22453.9324272731,19290.0,3.48497009277344,20.1513805389404,19.0,78383598.0,,,48.0596084594727,30243.86,71.204050944517,WB/UNESCO
IRN,2012,54.93,Iran,31462.35,27.6329,8114.08099831877,15159.2948206531,17021.3716792921,7310.0,19093.4748248898,17130.0,2.93899989128113,17.3957901000977,22.73,79370580.0,0.29435,667.69317,53.9002494812012,30313.62,71.7633634041294,WB/UNESCO
IRN,2013,83.88,Iran,32380.6,22.942,6222.74194840326,14734.740588719,16215.2119014642,7220.0,18061.7343657985,16310.0,2.85279011726379,21.6735000610352,29.95,80414686.0,0.23601,650.49973,56.4632682800293,31024.86,72.3030873515412,WB/UNESCO
IRN,2014,85.86,Iran,35447.71,28.00192,5672.06372896319,15262.8515760903,16065.158186028,6660.0,17966.586777819,16140.0,2.61668992042542,19.6648693084717,39.353614505223,81502045.0,,,64.4999084472656,33763.4,72.8324070385223,WB/UNESCO
IRN,2015,118.92,Iran,36885.35,29.39239,4952.73355532178,14841.9048340737,14273.5499061586,5460.0,15930.2259057672,14280.0,2.62911009788513,18.5687503814697,45.3349761533285,82619362.0,0.39383,789.46238,70.6858520507812,35452.22,73.3561403575949,WB/UNESCO
IRN,2016,153.19,Iran,41932.91,29.82631,5710.59947089104,15920.3718021202,15194.7855803519,5530.0,17129.8583342938,15210.0,3.17396998405456,19.4454307556152,53.2267716709857,83812228.0,,,67.9112319946289,40053.18,73.8796100096595,WB/UNESCO
IRN,2017,196.91,Iran,45826.76,32.63151,6000.93346404409,16167.9677224227,15719.416701551,5640.0,17811.5147203493,15750.0,3.45956993103027,20.3052101135254,64.0439736249513,85026754.0,0.75983,1409.14676,66.351448059082,44577.79,74.4011840820312,WB/UNESCO
IRN,2018,248.87,Iran,48707.42,28.23956,4783.01067340237,15364.8049052614,15324.0674634637,5390.0,16105.146102902,15400.0,3.61980009078979,21.1460399627686,70.2005650008363,86117998.0,,,60.8611488342285,46575.96,74.8034286499023,WB/UNESCO
IRN,2019,409.63,Iran,54505.54,,3997.4935449585,14841.0751514998,13927.5128074328,4710.0,14019.0851830541,13940.0,3.24005007743835,21.2445297241211,72.4509047672065,87051648.0,0.78829,1588.4273,58.1169509887695,53364.09,75.2038879394531,WB/UNESCO
IRN,2020,486.21,Iran,56966.0,,3202.50003502169,15381.5845437266,15119.3058859964,3980.0,13811.5334559509,15120.0,3.20495009422302,22.6655006408691,75.56986637,87723443.0,,,55.6366691589355,56585.01,75.5986404418945,WB/UNESCO
IRN,2021,545.08,Iran,59374.36,,4605.14881318992,15884.4276775963,15884.4276775963,4110.0,15880.2148081936,15880.0,,,78.5957366,88455488.0,0.72665,2239.74005,54.3051986694336,58049.49,75.9926376342773,WB/UNESCO
IRN,2022,767.06,Iran,60939.82,,4721.20437099984,16377.9610645368,17542.844026084,4390.0,16493.6231728765,17510.0,2.6699800491333,18.8211994171143,81.71649933,89524246.0,,,58.6838607788086,58271.06,76.3342208862305,WB/UNESCO
IRQ,2003,0.0,Iraq,120.69,,817.887862499622,6849.3320080035,6068.45161803903,790.0,,5970.0,,,0.6,26802659.0,,,,118.94,68.0521271794625,WB/UNESCO
IRQ,2004,1.17,Iraq,92.74,,1328.37157628292,10210.5631004936,9289.74224656832,1310.0,,9300.0,,,0.9,27577878.0,,,15.5104904174805,91.99,68.2202223846538,WB/UNESCO
IRQ,2005,2.55,Iraq,141.51,,1762.39360423421,10078.4437646814,9457.04454249128,1510.0,,9550.0,,,0.899999976,28407448.0,,,15.5580997467041,136.26,68.391425621866,WB/UNESCO
IRQ,2006,0.42,Iraq,249.48,,2276.55435744086,10568.9137652953,10223.1065323147,1880.0,,10360.0,,,0.95234424383919,28616515.0,,,,245.98,68.5590667282222,WB/UNESCO
IRQ,2007,0.5,Iraq,243.08,,3128.99010329066,10853.8161022286,10783.1236401709,2480.0,11827.0590668986,10960.0,,,0.93,28391607.0,0.04554,370.8675,,239.88,68.716475540845,WB/UNESCO
IRQ,2008,0.5,Iraq,306.62,,4542.96609046032,11511.9387643638,11657.3168698349,3470.0,13962.3097649514,11970.0,,,1.0,28971036.0,0.03435,391.66134,,305.06,68.8569818968574,WB/UNESCO
IRQ,2009,1.14,Iraq,363.38,,3714.71205987194,11470.5178061728,11687.0142084441,4010.0,10916.9510486438,12010.0,,,1.06,30058206.0,0.04562,407.43142,,361.71,68.9742328505284,WB/UNESCO
IRQ,2010,0.0,Iraq,536.05,,4461.75196161555,11816.8410150233,12186.1929619859,4390.0,12323.1876818832,12330.0,,,2.5,31045366.0,0.03684,420.64715,,527.88,69.0582953378474,WB/UNESCO
IRQ,2011,0.2,Iraq,597.39,,5775.54229080293,12267.5848940645,12912.0299790146,4740.0,14470.4419049676,12900.0,,,5.0,32161424.0,0.03476,429.8312,,577.89,69.1252233869916,WB/UNESCO
IRQ,2012,2.0,Iraq,842.4,,6477.59618450955,13357.0143882323,14402.0340893955,5980.0,15349.5531565036,14470.0,,,7.099999905,33654842.0,,,,817.69,69.2222213745117,WB/UNESCO
IRQ,2013,0.63,Iraq,805.37,,6650.35282247395,13712.931714296,14668.5432764995,6620.0,15204.4549416924,14600.0,,,9.199999809,35281989.0,,,,782.9,69.444450378418,WB/UNESCO
IRQ,2014,0.58,Iraq,806.21,,6249.39226978969,13536.8227681399,13168.245587417,6440.0,13947.3258124673,13090.0,,,11.6453267304545,36550059.0,0.03835,66.44057,,766.61,69.6666641235352,WB/UNESCO
IRQ,2015,2.0,Iraq,839.57,,4440.14189252367,13516.0271989173,9334.46604866315,5460.0,9624.38431482619,9250.0,,,15.21440029,37560535.0,0.04017,63.15466,,804.81,69.920524597168,WB/UNESCO
IRQ,2016,1.46,Iraq,1193.62,,4334.42096404188,15016.0920644557,9079.13531769496,5060.0,10766.3296358634,8990.0,,,19.87719917,38469627.0,0.03737,62.30752,,1151.51,69.9123778259643,WB/UNESCO
IRQ,2017,4.24,Iraq,1971.46,,4759.2846435467,14417.6306896454,10191.6616988639,4430.0,11447.6219340302,10110.0,,,25.96920013,39337353.0,0.04596,102.2908,,1896.33,69.8944511190753,WB/UNESCO
IRQ,2018,4.5,Iraq,3475.9,,5646.68932074742,14456.2357053191,12034.4011214944,4820.0,12836.4173271768,11940.0,,,33.92810059,40265624.0,0.04279,107.3521,,3118.77,69.8765148865842,WB/UNESCO
IRQ,2019,5.68,Iraq,6385.65,,5671.8568632942,14910.225032382,12248.5917385963,5520.0,12974.4749186592,12190.0,,,44.3263465511579,41192171.0,0.03266,118.26846,,5509.19,69.8683395385742,WB/UNESCO
IRQ,2020,9.12,Iraq,7521.02,,4295.18945121228,12827.6345392293,10573.9304750715,4720.0,9300.35468854048,10470.0,,,53.67779922,42116605.0,0.04053,136.59963,,6834.33,69.8683166503906,WB/UNESCO
IRQ,2021,21.61,Iraq,11401.67,,4868.49431080783,12731.7535755128,12731.7535755128,4740.0,12606.4226495147,12610.0,,,65.00219727,43071211.0,0.0407,164.28484,,8689.54,69.8682708740234,WB/UNESCO
IRQ,2022,48.48,Iraq,13407.6,,6520.73154560584,13433.3977166956,14388.8485236797,5510.0,15601.3118990674,14340.0,,,78.71560926,44070551.0,,,,12326.35,69.8682861328125,WB/UNESCO
ISL,2003,7.67,Iceland,262.25,18.5847,39944.2104095591,52095.6402740564,33084.1048784252,33810.0,52118.0108038738,32530.0,7.24507999420166,15.1595802307129,83.14,289521.0,2.7055,6643.65474,60.0269813537598,261.37,92.3235559316863,WB/UNESCO
ISL,2004,11.28,Iceland,307.44,18.54073,47809.6073050042,55576.6099806516,35969.5630579971,42100.0,53881.2268741717,34410.0,7.16119003295898,15.3389701843262,83.88,292074.0,,,66.5821762084961,307.44,92.4377293375354,WB/UNESCO
ISL,2005,5.31,Iceland,363.08,19.1299,57783.7745608117,58549.1358862183,37972.6116701786,51760.0,57585.1877668953,36310.0,7.33842992782593,16.3081493377686,87.0,296734.0,2.67969,7337.75322,69.8324279785156,362.42,92.377441015064,WB/UNESCO
ISL,2006,12.76,Iceland,386.39,17.97757,58172.1426656622,60434.3837931128,40160.5138610576,55160.0,57942.104677451,37490.0,7.19518995285034,16.0469799041748,89.51,303782.0,2.85265,7999.30666,72.9682083129883,381.47,92.1949009038813,WB/UNESCO
ISL,2007,13.7,Iceland,382.37,18.88142,70483.0117228535,64075.3098188208,42060.4907821683,63250.0,61438.8115790135,39660.0,6.94434022903442,15.5190696716309,90.6,311566.0,2.53294,7175.58294,73.1370162963867,381.5,92.3614571703229,WB/UNESCO
ISL,2008,15.29,Iceland,423.6,19.70401,57489.3399795216,63963.7601392225,44147.376523814,52520.0,50829.6820095014,35720.0,7.03599977493286,11.1002998352051,91.0,317414.0,2.46413,7313.20175,73.5754699707031,413.32,93.0646442174216,WB/UNESCO
ISL,2009,18.35,Iceland,480.44,20.3974,41483.7843682814,58441.2719673968,42069.8628429175,43740.0,47689.8170118633,35160.0,7.18984985351562,13.4195604324341,93.0,318499.0,2.59713,7841.17942,72.4675521850586,478.27,93.4441340553707,WB/UNESCO
ISL,2010,18.05,Iceland,568.75,21.46367,43776.4677400475,57225.1024282006,40260.0559748728,38480.0,48468.5478842021,34170.0,6.94422006607056,14.2312202453613,93.39,318041.0,,,78.5030899047852,564.28,93.4588348107886,WB/UNESCO
ISL,2011,18.59,Iceland,548.23,19.42101,48254.953927254,57837.8604599413,41400.4726589773,39690.0,50452.2094087698,36570.0,6.78996992111206,13.4359703063965,94.8196868008949,319014.0,2.40366,7088.82137,79.9194183349609,551.32,93.41106112427,WB/UNESCO
ISL,2012,13.32,Iceland,645.19,19.39008,46594.9869146614,58203.6379459536,42551.872453959,43190.0,51781.9043196862,39010.0,7.58223009109497,15.8849496841431,96.2097995545657,320716.0,,,79.5824813842773,635.44,93.514892578125,WB/UNESCO
ISL,2013,20.87,Iceland,589.16,19.36308,50173.3360061057,59729.5439775397,44738.1187219778,49540.0,57456.8735857072,44530.0,7.44866991043091,16.2046699523926,96.5468,323764.0,1.69237,5739.72216,78.3723907470703,582.73,93.6166725158692,WB/UNESCO
ISL,2014,16.8,Iceland,597.31,18.80458,55140.364935793,60199.1994872756,46471.9845659755,50800.0,57983.2010328707,46030.0,7.6414098739624,16.6743297576904,98.1580233097118,327386.0,1.93616,,80.3950881958008,582.52,93.6196716315805,WB/UNESCO
ISL,2015,22.7,Iceland,615.26,18.88877,53505.6964079339,61820.3618857662,49715.8375969779,53170.0,61752.0322804746,49700.0,7.45796012878418,17.1551399230957,98.19999695,330815.0,2.18137,,75.6419982910156,608.81,93.727919768566,WB/UNESCO
ISL,2016,16.44,Iceland,674.43,19.91437,62854.0906407932,64759.2275423229,54227.6848099073,59210.0,65979.8475026547,55270.0,7.43221998214722,16.0048198699951,98.23999786,335439.0,2.11011,,74.7006301879883,656.03,93.7822647094726,WB/UNESCO
ISL,2017,12.53,Iceland,641.27,,72976.3729990975,65462.5033306299,56385.0430004634,62770.0,66161.0319057981,56540.0,7.58384990692139,17.0771903991699,98.2552011867973,343400.0,2.08365,5979.72684,71.3372497558594,625.46,93.7718982310092,WB/UNESCO
ISL,2018,19.93,Iceland,720.82,,75633.8651351915,66703.0219398003,58105.5882495515,72840.0,66741.6020232652,58670.0,7.56350994110107,17.2492198944092,99.0109539916991,352721.0,2.00081,5645.66563,69.3402328491211,702.76,93.8526667025487,WB/UNESCO
ISL,2019,22.98,Iceland,680.46,,69296.3144361601,65994.9860038103,61270.1315624391,75560.0,66859.9563534084,62800.0,7.60129976272583,17.4431896209717,99.5049411693787,360563.0,2.34018,,70.6093521118164,665.65,93.9770847416131,WB/UNESCO
ISL,2020,31.3,Iceland,686.83,,60127.9393575616,60617.143268851,56840.7423583166,66730.0,61565.7627520995,58570.0,8.5838098526001,16.7979698181152,99.5327519,366463.0,2.4864,,74.5906066894531,673.35,94.1367102874722,WB/UNESCO
ISL,2021,33.12,Iceland,751.67,,70425.4064277273,62720.7916832797,62720.7916832797,68000.0,62656.6964250766,62660.0,8.2265796661377,16.5910396575928,99.68701957,372520.0,2.78171,6941.30115,86.5232086181641,725.0,94.2108206403841,WB/UNESCO
ISL,2022,26.07,Iceland,765.6,,76376.9599334915,66581.2441801002,76592.3392429534,74620.0,66570.8597464149,75690.0,7.30798006057739,15.6550102233887,97.58339691,382003.0,2.60089,6863.54747,84.985237121582,746.67,94.1787071228028,WB/UNESCO
ISR,2003,299.87,Israel,9934.33,18.46707,19624.0321412582,31771.2115906733,24677.8520624854,19650.0,30524.8302970702,24220.0,6.13486003875732,13.5253896713257,19.5933936579649,6689700.0,3.76142,,55.2073287963867,9852.03,91.5176897789793,WB/UNESCO
ISR,2004,279.49,Israel,10463.49,16.46765,20550.0694706176,32665.8537052438,26054.6820192544,20960.0,31223.0027682712,25670.0,5.75040006637573,13.3845300674438,22.7704855254035,6809000.0,3.74703,,54.5026702880859,10389.88,91.5829008110251,WB/UNESCO
ISR,2005,290.28,Israel,10573.52,16.56578,21261.7474251846,33491.9913996395,25670.6917335433,22490.0,32429.8572551912,25770.0,5.56489992141724,13.1606502532959,25.19400024,6930100.0,3.91123,,55.645191192627,10503.36,91.6384296279033,WB/UNESCO
ISR,2006,301.22,Israel,11226.15,16.47318,22499.7541717986,34744.8675092298,26352.9938547519,23340.0,33689.5296027799,26570.0,5.58409023284912,13.430549621582,27.8810997,7053700.0,4.01416,,54.7331390380859,11166.64,91.6825760364229,WB/UNESCO
ISR,2007,329.89,Israel,11256.78,17.5694,25688.901610248,36288.0655118571,28271.8371919113,25080.0,35022.361703884,28560.0,5.33169984817505,13.2810401916504,48.1280621948445,7180100.0,4.28533,,57.3098487854004,11158.24,91.713639843393,WB/UNESCO
ISR,2008,360.53,Israel,11395.53,15.99683,30231.0191013609,36795.4799112424,28048.3958144663,27300.0,34601.8492586068,27870.0,5.40716981887817,13.1389503479004,59.39,7308800.0,4.24165,,56.7789001464844,11300.99,91.7292868898136,WB/UNESCO
ISR,2009,361.33,Israel,11233.23,17.31584,28469.6817348489,36364.7843182661,28048.5996626557,28440.0,34849.2565491314,27740.0,5.34174013137817,12.9343700408935,63.12,7485600.0,4.01799,,59.5300903320312,11144.24,91.7319738585748,WB/UNESCO
ISR,2010,354.79,Israel,10959.72,16.88245,31398.9266927022,37686.3420833543,29418.3260269798,30770.0,35990.9604341485,29220.0,5.40408992767334,13.6344404220581,67.5,7623600.0,3.8421,,62.1285705566406,10840.85,91.7316426703946,WB/UNESCO
ISR,2011,423.77,Israel,11268.18,16.22442,34476.7252065949,39036.0247356871,31272.3935111474,32820.0,37032.7461069666,31220.0,5.42928981781006,13.8279495239258,68.8738779907441,7765800.0,3.91608,,62.7604484558105,11145.96,91.7304024673781,WB/UNESCO
ISR,2012,465.75,Israel,11614.79,16.17742,33268.7066672115,39245.5078117687,32432.3442127933,33500.0,37133.5270410774,31990.0,5.56122016906738,14.0775699615478,70.8,7910500.0,4.06028,,64.2354736328125,11499.08,91.7276502819515,WB/UNESCO
ISR,2013,462.96,Israel,11390.71,15.80843,36980.622214228,40095.4756773092,34776.8705712769,35470.0,38216.1157331352,34460.0,5.76972007751465,14.5567302703857,70.250311945,8059500.0,4.10651,,62.6519393920898,11269.87,91.7227831465406,WB/UNESCO
ISR,2014,543.56,Israel,12086.64,15.06281,38265.3651949373,40795.6290927281,34745.4721490798,37000.0,39421.6737186351,34880.0,5.69225978851318,14.9019203186035,75.0177531628076,8215700.0,4.19613,,62.6224403381348,11944.3,91.7151980935716,WB/UNESCO
ISR,2015,583.74,Israel,12249.84,16.23448,36138.13561386,40889.5989080834,35796.5328359923,36900.0,40210.4839848717,35840.0,5.79657983779907,15.463020324707,77.3520896572253,8380100.0,4.29761,,61.6271781921387,12102.22,91.7042921554705,WB/UNESCO
ISR,2016,626.01,Israel,12479.66,15.15743,37571.2561196275,41914.5802977706,38087.5003075978,37240.0,41492.8748003389,38110.0,5.80271005630493,15.3488597869873,79.6531241815281,8546000.0,4.59051,,61.4426498413086,12363.13,91.6894623646632,WB/UNESCO
ISR,2017,638.01,Israel,12507.34,,41013.2575323519,42895.585129847,39350.730387912,38600.0,42540.9396918419,39520.0,6.00425004959106,15.7073497772217,81.5811835871611,8713300.0,4.74032,,60.3434600830078,12385.3,91.6701057535759,WB/UNESCO
ISR,2018,715.04,Israel,12752.3,,42269.3770257585,43782.6526491689,40101.487265134,41960.0,43243.2266873104,40440.0,6.06919002532959,15.5355396270752,83.7331569615326,8882800.0,4.91965,,58.6109886169434,12684.14,91.6456193546346,WB/UNESCO
ISR,2019,700.01,Israel,13267.72,,44091.8678022544,44492.1226967084,41176.910821106,44110.0,44200.0144128924,41330.0,6.06899976730347,15.7497797012329,86.7878776180583,9054000.0,5.35528,,57.4564514160156,12946.3,91.6154002002652,WB/UNESCO
ISR,2020,759.22,Israel,13675.43,,44590.8237253282,42926.5415418584,40969.2987342816,43330.0,42671.6630920673,40920.0,6.51824998855591,14.5418701171875,90.12734091,9215100.0,5.83209,,57.633861541748,13366.53,91.5788453228939,WB/UNESCO
ISR,2021,864.2,Israel,15132.89,,52258.4693499398,46151.100820403,46151.100820403,49640.0,45780.0159956121,45780.0,6.16727018356323,15.40744972229,90.29689758,9371400.0,5.75725,,60.2585487365723,14633.85,91.5353517549466,WB/UNESCO
ISR,2022,936.2,Israel,15417.46,,54947.2091250715,48132.3637205177,53616.7140829107,55460.0,47952.2285663321,53550.0,5.93291997909546,16.0677604675293,91.85079615,9557500.0,6.17831,,58.9500617980957,14331.79,91.4979834273327,WB/UNESCO
ITA,2003,515.91,Italy,42549.05,16.41901,27577.5700319855,51126.2585544038,29249.1801358747,23440.0,51506.4215997846,29110.0,4.52654981613159,9.6374397277832,29.04,57399184.0,1.05539,1222.71837,60.0055885314941,42292.76,67.4299414611787,WB/UNESCO
ITA,2004,563.99,Italy,44567.15,16.91673,31348.1901841445,51495.0028841364,29580.8439042327,28390.0,51907.0337853403,29530.0,4.37002992630005,9.36435031890869,33.24,57828179.0,1.04662,1242.48468,63.3327293395996,44324.39,67.5072499739908,WB/UNESCO
ITA,2005,606.66,Italy,48093.98,17.2388,32062.723833669,51585.6445807938,30137.8180374437,32480.0,51833.1342445572,30180.0,4.22292995452881,8.97474956512451,35.0,58166682.0,1.04057,1412.59398,65.3270263671875,47758.26,67.5897169318419,WB/UNESCO
ITA,2006,649.23,Italy,51002.2,16.98507,33537.1286994269,52304.2402949819,32453.6488675587,34260.0,52295.3977504936,32580.0,4.50464010238647,9.47148036956787,37.99,58399861.0,1.07903,1507.90404,67.2835083007812,50510.85,67.6812550714834,WB/UNESCO
ITA,2007,639.38,Italy,54347.87,17.67782,37826.1754554823,52747.1905476807,34107.5078152619,35880.0,52721.4024069584,34130.0,4.08763980865479,8.7716703414917,40.79,58756247.0,1.12421,1579.89282,68.8725967407227,53839.81,67.7857771296669,WB/UNESCO
ITA,2008,787.55,Italy,56415.8,18.3255,40828.5795580937,51806.3906176391,35422.3424391113,37870.0,50942.6397968178,35100.0,4.37188005447388,9.15561008453369,44.53,59211181.0,1.15548,1613.51417,67.5799865722656,55717.83,67.9071958431441,WB/UNESCO
ITA,2009,838.44,Italy,58491.98,18.27,37099.6133958219,48774.3916833748,34501.7122743906,37830.0,49015.5809524149,34480.0,4.50414991378784,8.82258033752441,48.83,59555454.0,1.21261,1703.84695,66.9516296386719,57761.05,68.0494239486665,WB/UNESCO
ITA,2010,885.03,Italy,58776.67,18.76402,35856.8625485539,49301.6959141674,34974.1045135807,37720.0,48946.4914582838,34900.0,4.31626987457275,8.66740036010742,53.68,59819407.0,1.21296,1722.66807,65.3790435791016,57848.57,68.2163741829857,WB/UNESCO
ITA,2011,1074.7,Italy,60521.84,19.35506,38432.3742820019,49473.0149235634,36392.2827759493,37710.0,48751.6652389137,36300.0,4.09431982040405,8.35120010375977,54.3899983018814,60026841.0,1.19531,1760.64483,64.2492523193359,59651.73,68.4015073889511,WB/UNESCO
ITA,2012,1205.79,Italy,64130.5,19.26296,34854.3949441965,47795.9579360541,36281.1014243506,35970.0,46980.2861035139,36240.0,4.03481006622315,7.99275016784668,55.829997993283,60191247.0,1.25559,1831.34278,62.3447418212891,63135.68,68.7608794235259,WB/UNESCO
ITA,2013,1269.26,Italy,67380.42,19.56552,35701.6746002376,46833.3615309303,36459.2950248716,35700.0,46204.2083529988,36400.0,4.12192010879517,8.0979700088501,58.4593,60311613.0,1.29425,1916.30366,60.8925285339355,66220.78,69.3073989916076,WB/UNESCO
ITA,2014,1436.48,Italy,69089.63,19.58569,36028.3494022349,46825.6511245062,36665.68576775,35370.0,46603.6985583165,36670.0,4.04026985168457,7.96660995483398,55.6384602242293,60320707.0,1.33148,1947.34437,60.8831481933594,67444.12,69.5807638614879,WB/UNESCO
ITA,2015,1553.53,Italy,70947.03,18.59916,30639.8829751432,47311.8255262709,37384.3796455406,33460.0,47038.6992597319,37130.0,4.05422019958496,8.06910037994385,58.1417349568747,60229605.0,1.33213,2075.80841,60.941291809082,69382.56,69.6100006103516,WB/UNESCO
ITA,2016,1589.49,Italy,70793.77,19.11673,31391.5692898108,47987.8379581014,40482.562999856,32400.0,48518.5813227406,40590.0,3.795490026474,7.74909019470215,61.3242527666303,60115223.0,1.35915,2209.59265,61.3571014404297,69301.08,69.5969232525286,WB/UNESCO
ITA,2017,1668.53,Italy,72117.06,,32844.115660604,48849.2183534756,42142.3435406885,31790.0,49281.261794275,42370.0,4.02662992477417,8.25417041778564,63.0773469984291,60002252.0,1.36393,2322.42382,62.69580078125,70101.05,69.5180784259382,WB/UNESCO
ITA,2018,1810.02,Italy,73693.73,,35062.3364176949,49355.8751913504,43583.3823241172,34270.0,49980.4079632908,44050.0,4.24094009399414,8.77663993835449,74.3871829234822,59877221.0,1.41934,2524.31271,64.4753265380859,71037.79,69.4800033569336,WB/UNESCO
ITA,2019,1876.31,Italy,78131.55,,33812.788724868,49690.6298505274,46661.9105159611,35030.0,50267.2941809332,47030.0,4.07843017578125,8.42236995697021,67.8507102874836,59729081.0,1.45558,2670.65345,65.6895065307617,73935.81,69.5050010681153,WB/UNESCO
ITA,2020,2253.84,Italy,86301.61,,32091.4866621366,45505.0688708956,44435.6434393527,32600.0,46658.3590176581,45000.0,4.41803979873657,7.78043985366821,70.48342785,59438851.0,1.49869,2614.68181,68.7231063842773,80141.63,69.5187492370606,WB/UNESCO
ITA,2021,2460.96,Italy,92877.32,,36852.5425414951,49825.3934111848,49825.3934111848,36760.0,50378.02714267,50380.0,4.17118978500366,7.44333982467651,74.8623274,59133173.0,1.41065,2658.8949,71.2745208740234,85699.51,69.4812507629394,WB/UNESCO
ITA,2022,2602.72,Italy,90585.64,,35653.9042103495,52333.3274270604,57260.8945372493,39060.0,51198.5756235484,57790.0,4.06775999069214,7.40515995025635,85.06074504,59013667.0,1.36563,2795.53412,73.8962097167969,83236.9,69.4839779766539,WB/UNESCO
JAM,2003,1.53,Jamaica,141.52,14.79285,3549.70758394618,10169.7500243245,7592.6091048895,3500.0,,7160.0,4.25684976577759,13.3623399734497,7.8,2656623.0,,,18.8019199371338,139.52,52.3564891419558,WB/UNESCO
JAM,2004,1.24,Jamaica,168.78,18.82431,3807.56293124552,10244.2066702878,7853.86424347121,3730.0,,7430.0,3.91254997253418,11.7330198287964,10.0,2672225.0,,,18.9983196258545,169.11,52.5637655955662,WB/UNESCO
JAM,2005,1.33,Jamaica,145.14,22.07259,4184.43974867497,10278.6834382546,8127.37945030013,3870.0,,7660.0,4.61641979217529,14.2693700790405,12.80000019,2687066.0,,,17.27659034729,145.14,52.7685237926234,WB/UNESCO
JAM,2006,1.18,Jamaica,144.2,,4417.00127135363,10522.2367459591,8576.53154001276,4170.0,,8160.0,,,16.39999962,2700968.0,,,17.2686595916748,142.2,52.9707359336549,WB/UNESCO
JAM,2007,2.67,Jamaica,174.49,19.99549,4716.48612542727,10622.4442829007,8892.78260622421,4400.0,,8460.0,5.49022006988525,17.1730499267578,21.10000038,2713800.0,,,,174.99,53.1703742191887,WB/UNESCO
JAM,2008,2.41,Jamaica,221.42,15.71206,5029.80095281745,10490.4686134498,8951.50600914336,4660.0,,8600.0,6.19131994247437,19.1193809509277,23.6,2725635.0,,,22.3192901611328,219.54,53.3674108497524,WB/UNESCO
JAM,2009,6.0,Jamaica,206.93,20.27473,4428.38153333557,9992.97699539021,8579.58979924054,4420.0,,8130.0,6.19848012924194,17.5528392791748,24.3,2736995.0,,,22.2321395874023,199.93,53.5618180258738,WB/UNESCO
JAM,2010,1.37,Jamaica,173.98,21.84405,4809.977380312,9805.90172806302,8521.28876389482,4490.0,,8220.0,6.37058019638062,16.1029396057129,27.67,2748568.0,,,25.3770890609495,173.53,53.7535679480806,WB/UNESCO
JAM,2011,2.7,Jamaica,199.55,19.84049,5232.63644918132,9932.48380946963,8809.36100077931,4700.0,,8510.0,6.26664018630981,18.5819301605225,37.438613414848,2760494.0,,,24.7684625492773,196.88,53.956586109128,WB/UNESCO
JAM,2012,1.15,Jamaica,206.96,17.56025,5340.83333232158,9829.03510015044,8830.6507947905,5100.0,,8720.0,6.1124701499939,18.8092594146729,33.79,2772430.0,,,27.0686781072538,207.26,54.2478817703732,WB/UNESCO
JAM,2013,3.48,Jamaica,201.42,17.6092,5124.21301411137,9839.96506606095,9101.41496692481,5150.0,,8900.0,6.25106000900269,20.573860168457,37.1,2783687.0,,,25.6212147817614,197.81,54.548819811983,WB/UNESCO
JAM,2014,3.25,Jamaica,208.67,17.4903,4975.11325459872,9872.15913752129,9209.58586596513,5060.0,,9020.0,6.01584005355835,21.7974891662598,40.4027351046672,2793749.0,,,,207.16,54.8660395670395,WB/UNESCO
JAM,2015,2.5,Jamaica,155.26,17.387,5339.30718256806,9931.89875715182,9476.14929465037,4940.0,,9200.0,5.45523023605347,20.0514793395996,42.2212211907441,2802534.0,,,26.2334142821948,151.56,55.1995248014924,WB/UNESCO
JAM,2016,1.63,Jamaica,162.19,18.22901,5302.29553353854,10179.2536486158,9948.0414677444,4990.0,,9550.0,5.31459999084473,19.1451206207275,44.3668563671334,2809915.0,,,,160.48,55.549259277615,WB/UNESCO
JAM,2017,6.93,Jamaica,168.53,19.25634,5605.43541173019,10391.0378224678,10466.4876782146,5300.0,,10190.0,5.26015996932983,18.4025402069092,55.0720670507751,2815764.0,,,,164.91,55.9152267548307,WB/UNESCO
JAM,2018,6.33,Jamaica,197.8,19.59513,5976.90362644337,10636.0929784551,10752.7406650924,5610.0,,10370.0,5.41379022598267,18.5839996337891,68.2145170876072,2820097.0,,,,195.95,56.297410990325,WB/UNESCO
JAM,2019,3.33,Jamaica,152.88,,6030.68896415921,10816.3720391154,10845.0113635875,5930.0,,10560.0,5.16364002227783,17.3139896392822,70.8410169743356,2823271.0,,,,143.89,56.6957957395074,WB/UNESCO
JAM,2020,3.68,Jamaica,172.21,,5299.04530804283,9891.96932961548,9764.3525879784,5360.0,,9470.0,5.38065828197341,,76.38400269,2830739.0,,,,157.91,57.1103647563627,WB/UNESCO
JAM,2021,4.39,Jamaica,212.21,,5625.67806271236,10430.6909771759,10430.6909771759,5690.0,10157.180681203,10160.0,5.63122987747192,17.4179000854492,82.36071561,2837682.0,,,,185.06,57.5411017937226,WB/UNESCO
JAM,2022,6.04,Jamaica,168.07,,6626.47502388538,11096.6377085321,11885.8863913319,6340.0,,11660.0,5.35435009002685,16.9328594207764,85.84329987,2839144.0,,,,144.46,57.9879906034775,WB/UNESCO
JOR,2003,3.51,Jordan,657.18,,1775.67625581432,9556.48163712053,7145.25032500677,1800.0,,7230.0,,,8.46600501623938,5741828.0,,,36.0558204650879,657.18,78.3069420335538,WB/UNESCO
JOR,2004,4.34,Jordan,742.46,,1940.08641342805,10127.8527547101,7776.08667131277,2050.0,,7940.0,,,11.6587413706379,5882061.0,,,40.467830657959,743.46,78.3185350370311,WB/UNESCO
JOR,2005,6.5,Jordan,788.65,,2087.87079273635,10684.9424228538,8461.04270712332,2240.0,,8660.0,,,12.93290043,6029587.0,,,39.7074890136719,784.53,78.412126230667,WB/UNESCO
JOR,2006,5.49,Jordan,916.62,,2342.63459574933,10834.8737267915,8844.3542542657,2340.0,,9080.0,,,13.86709976,6427371.0,,,37.8664016723633,906.29,78.755612573541,WB/UNESCO
JOR,2007,6.5,Jordan,1037.22,,2506.20599484139,11034.2922176813,9251.1633655297,2500.0,,9530.0,,,20.0,6827227.0,,,38.7338409423828,1027.88,79.3358270749644,WB/UNESCO
JOR,2008,2.88,Jordan,1240.07,,3669.83012701745,11555.728825835,9875.0025388504,3010.0,,10030.0,,,23.0,6989866.0,0.42154,,41.3684692382812,1221.17,80.1290966207551,WB/UNESCO
JOR,2009,7.01,Jordan,1282.14,,3845.34388086274,11888.6617212582,10222.1738244821,3510.0,,10360.0,,,26.0,7141753.0,,,42.0630187988281,1270.05,81.1117480967305,WB/UNESCO
JOR,2010,11.09,Jordan,1435.45,,4139.04283161368,11942.572010796,10393.3193069933,3950.0,,10320.0,3.16850989003323,10.6939540198149,27.2,7297043.0,,,37.7581337455828,1404.03,82.2601083887084,WB/UNESCO
JOR,2011,10.61,Jordan,1416.08,,4363.42800211536,11988.4963110815,10648.5361813237,4140.0,,10560.0,3.59900580598478,11.0999759735318,34.9,7480424.0,,,37.4216386327285,1374.11,83.5505043825064,WB/UNESCO
JOR,2012,9.23,Jordan,1380.32,,4593.83609729005,12104.1217423938,10729.6305374705,4400.0,,10610.0,3.63716008451231,11.876841688392,37.0,7587127.0,,,43.9161464129347,1336.76,84.9592629639423,WB/UNESCO
JOR,2013,14.7,Jordan,1403.65,,4739.02253641778,11804.1225335126,10790.7021162492,4510.0,,10690.0,3.78372228032099,13.0786871813161,41.4,7991809.0,,,,1345.81,86.4627110188335,WB/UNESCO
JOR,2014,19.2,Jordan,1368.51,,4610.60460269382,11086.6905487513,10059.8134952939,4380.0,,9960.0,3.76692408663556,12.5522571287991,46.2,8791710.0,,,,1305.98,88.0371754329978,WB/UNESCO
JOR,2015,14.4,Jordan,1421.99,,4441.61896013754,10469.6306302225,9851.78048494686,4220.0,,9750.0,3.71272133351629,13.1707308975649,54.22000122,9544729.0,,254.19597,36.6284278762539,1379.93,89.8881391939133,WB/UNESCO
JOR,2016,8.42,Jordan,1672.05,19.93532,4366.06999647268,10197.5044990617,9580.27683713466,4200.0,,9510.0,3.45282006263733,11.5762996673584,56.15000153,10006367.0,0.69547,572.41702,34.0612635636995,1617.14,90.56272794707,WB/UNESCO
JOR,2017,14.9,Jordan,1994.89,18.53475,4449.34618076611,10220.492781193,10140.0335144087,4300.0,,10090.0,3.21305990219116,10.8579397201538,64.5,10234226.0,,576.00927,28.6210570991622,1960.83,90.8764609714428,WB/UNESCO
JOR,2018,20.02,Jordan,2472.02,22.74788,4533.97658437205,10183.0248366235,9889.90818777299,4480.0,,9850.0,2.95461988449097,9.23962020874023,65.2,10462306.0,,,31.5562985544301,2335.49,91.2008859099729,WB/UNESCO
JOR,2019,21.37,Jordan,3009.79,,4557.79334729121,10168.3588523537,10305.6561841508,4580.0,,10310.0,2.98846006393433,9.2367000579834,70.08470154,10671891.0,,,30.1108403894558,2819.31,91.515966492507,WB/UNESCO
JOR,2020,45.14,Jordan,3373.47,,4411.48321838396,9872.3094512325,10506.7284780872,4460.0,,10480.0,3.55303483980158,11.9679813124184,78.4178009,10865228.0,,,30.2879665605319,3205.55,91.8216722992319,WB/UNESCO
JOR,2021,40.26,Jordan,4068.98,,4581.71967230365,10056.5611261239,10056.5611261239,4650.0,10010.607064714,10010.0,3.13837003707886,9.21638965606689,85.999997,11066356.0,,,30.451314266821,3852.39,92.117972910453,WB/UNESCO
JOR,2022,52.36,Jordan,5249.35,,4754.41362207378,10158.4738771524,10880.9956299022,4810.0,,10780.0,3.15300011634827,9.47626972198486,90.4999984,11256263.0,,,32.5119829829151,4732.04,92.4048379066163,WB/UNESCO
JPN,2003,495.11,Japan,101381.97,,35808.6816792388,40152.1282635641,29741.9127951675,36120.0,42727.8395469047,30220.0,3.46662998199463,,48.4352658899653,127718000.0,2.99319,5113.02549,,101127.66,82.4206778416671,WB/UNESCO
JPN,2004,535.45,Japan,103829.66,,38677.5708064787,40986.7225710497,31136.2815653939,39430.0,43555.5608040548,31730.0,3.42611002922058,,62.3939296327259,127761000.0,2.98125,5117.27802,,103608.39,84.3710541898905,WB/UNESCO
JPN,2005,577.09,Japan,112257.28,,38158.6758263963,41740.352036905,32464.0455172515,41690.0,44154.5723111884,33180.0,3.31493997573852,,66.9210661042901,127773000.0,3.13092,5322.47485,,111936.4,85.9573620483714,WB/UNESCO
JPN,2006,570.41,Japan,113533.15,,36354.4271646349,42358.9337348253,33970.896971686,41030.0,44591.5269535097,34870.0,3.27667999267578,,68.6852703213795,127854000.0,3.22766,5352.83117,,112743.45,87.1460898958075,WB/UNESCO
JPN,2007,694.0,Japan,109140.33,,36129.9535132925,43041.5697058021,35358.7667498195,39770.0,45237.6892894017,36430.0,3.27934002876282,,74.3,128001000.0,3.29257,5344.2381,,108597.61,88.2701404492656,WB/UNESCO
JPN,2008,597.7,Japan,107614.13,,40294.2081309702,42518.8423408417,35643.4609228963,39820.0,43813.7651060071,36590.0,3.27241992950439,,75.4,128063000.0,3.29224,5125.12165,,106636.97,89.2921563808851,WB/UNESCO
JPN,2009,663.59,Japan,109026.54,,41678.1783063195,39999.9464203408,33843.1998246408,39540.0,41798.6652754753,34690.0,,,78.0,128047000.0,3.1959,5114.01193,,107477.28,90.1131158718189,WB/UNESCO
JPN,2010,700.35,Japan,108732.89,,45378.1378109399,41647.0458542008,35658.1718529309,44290.0,43249.0913249772,36600.0,3.59951996803284,,78.21,128070000.0,3.10495,5117.18164,,107213.21,90.6228586840649,WB/UNESCO
JPN,2011,786.04,Japan,110457.48,,49122.077634247,41640.6608721251,36483.298640793,47800.0,42836.1311753423,37540.0,3.60526990890503,,79.0541135244739,127833000.0,3.20537,5123.33234,,109048.37,90.8631654434251,WB/UNESCO
JPN,2012,913.08,Japan,109040.04,,49626.6830327571,42394.9433175064,37974.343588054,50540.0,43464.8042330309,39010.0,3.41945004463196,,79.4964,127629000.0,3.1737,5048.63399,,107470.11,91.0265277326652,WB/UNESCO
JPN,2013,948.89,Japan,108551.11,19.9977,41369.1948479498,43304.1181931426,39855.3531119712,49350.0,44507.4983063337,41210.0,3.40874004364014,,88.219428911,127445000.0,3.27895,5166.83422,62.6422691345215,106967.6,91.1516595654317,WB/UNESCO
JPN,2014,924.57,Japan,105286.6,20.76276,39172.8471161948,43754.438013293,40272.4415780289,45180.0,44998.1017219623,41740.0,3.41529989242554,,89.1068330166075,127276000.0,3.36788,5351.53211,62.8334884643555,103354.33,91.2548945132333,WB/UNESCO
JPN,2015,1059.84,Japan,102018.5,,35664.6446110613,44589.3032854003,41722.3895623635,40140.0,46636.7836476427,43330.0,3.31221008300781,,91.0580283929962,127141000.0,3.24071,5198.48902,62.4498481750488,100597.44,91.3532644103625,WB/UNESCO
JPN,2016,1007.52,Japan,102449.32,19.79765,40214.9688631562,44926.6202909525,41462.5069772969,39220.0,47194.9287564229,42880.0,3.14643001556396,,93.1827212821617,127076000.0,3.10665,5232.70894,62.4975395202637,101166.54,91.4541254852142,WB/UNESCO
JPN,2017,929.99,Japan,102425.45,,39679.8635262948,45693.3776080987,42346.876013211,39700.0,47818.9912849577,43880.0,3.13057994842529,,91.7265472366635,126972000.0,3.16636,5319.83455,63.287540435791,101854.44,91.5498419685883,WB/UNESCO
JPN,2018,1091.66,Japan,103957.43,,40645.478086519,46133.0225978718,43090.0699981402,42720.0,47976.6537580351,44700.0,3.07782006263733,,88.7463508901772,126811000.0,3.2192,5339.51713,62.6058502197266,101998.64,91.6377318609728,WB/UNESCO
JPN,2019,989.71,Japan,104005.62,,41424.8655601543,46055.3498672487,43743.5313931194,42960.0,48006.2837057275,45420.0,3.15533995628357,,92.7303978145525,126633000.0,3.21824,5376.11987,62.4008407592773,100156.22,91.7164207898107,WB/UNESCO
JPN,2020,1019.69,Japan,102788.11,,41098.9739004553,44212.5503415724,43560.021428549,41880.0,46377.3467427504,45120.0,3.30628991127014,,90.21945812,126261000.0,3.26556,5450.44287,62.2987403869629,100403.47,91.7809926267889,WB/UNESCO
JPN,2021,1156.78,Japan,109074.89,,41580.739040705,45999.4617966896,45999.4617966896,45160.0,48116.3541273057,48120.0,3.33663988113403,,82.91407928,125681593.0,3.27383,5589.76698,62.0412483215332,106309.76,91.8741049279527,WB/UNESCO
JPN,2022,1240.89,Japan,103722.96,,35548.2645222433,46819.360613609,49245.964174373,44300.0,48356.7423616139,52160.0,,,84.92343147,125124989.0,3.40053,5629.79566,63.3752288818359,102422.96,91.9776532428406,WB/UNESCO
KAZ,2003,0.0,Kazakhstan,254.88,,1958.02050246511,17344.752672995,10532.4466972719,1720.0,12760.1873695505,9980.0,,,2.00041475265872,15747380.0,0.25246,,,253.84,55.2115277236592,WB/UNESCO
KAZ,2004,0.5,Kazakhstan,241.46,11.6942,2722.47407755402,18886.5811908122,11777.1119571052,2180.0,14415.438621188,11030.0,2.25590991973877,10.6096801757812,2.6503946570164,15850159.0,0.24837,,,240.66,54.9200902244233,WB/UNESCO
KAZ,2005,0.0,Kazakhstan,250.5,12.29546,3577.35804001782,20565.5294470866,13226.1466962805,2780.0,16169.6447031858,11940.0,2.26353001594544,10.2859497070312,2.961699963,15968117.0,0.28361,,,249.67,54.6481873472392,WB/UNESCO
KAZ,2006,0.0,Kazakhstan,230.76,16.39616,5030.13494711519,22574.3429577665,14965.7723196538,3670.0,18258.6561969564,13240.0,2.62679004669189,13.2666997909546,3.268399954,16103716.0,0.24281,,54.5240592956543,230.51,54.4137278108953,WB/UNESCO
KAZ,2007,0.33,Kazakhstan,228.35,13.91138,6449.43931096532,24351.3464102542,16581.2240524234,4740.0,20011.8773252132,14530.0,2.83138990402222,11.9444704055786,4.02,16257214.0,0.20884,394.65661,,226.51,54.2346203341799,WB/UNESCO
KAZ,2008,0.0,Kazakhstan,239.01,13.8967,8123.54705891736,24895.6645683245,17278.472167505,5870.0,21994.0171179552,14770.0,2.58946990966797,13.6469402313232,11.0,16426525.0,0.21654,365.52061,,235.65,54.1287736358813,WB/UNESCO
KAZ,2009,0.0,Kazakhstan,272.7,13.13384,6938.01175663001,24901.3527260084,17389.0145840061,6580.0,19630.6666996401,15520.0,3.06072998046875,13.0409002304077,18.2,16619846.0,0.22924,338.66777,,269.45,54.1167144748885,WB/UNESCO
KAZ,2010,0.25,Kazakhstan,321.99,,8793.07589980782,26374.8407672795,18641.8061470981,7210.0,21928.9220413576,16200.0,3.58735481721566,15.9192847916518,31.6,16836810.0,0.15341,360.06018,46.7229330476587,322.08,54.2054127497102,WB/UNESCO
KAZ,2011,0.17,Kazakhstan,381.98,,11287.1464926039,27946.1603432944,20159.9329426413,8030.0,24923.963607131,17260.0,3.6143401736456,16.975986163773,50.6,17066002.0,0.15349,375.48738,50.4275094921369,378.89,54.3996086425518,WB/UNESCO
KAZ,2012,2.17,Kazakhstan,447.55,,12018.7966527993,28881.2417563728,21367.2180595372,9640.0,25902.8719165144,18480.0,3.90163701288194,17.7663260512098,61.9066274652008,17306106.0,0.16525,596.79809,52.1525037230692,435.44,54.69208192838,WB/UNESCO
KAZ,2013,1.67,Kazakhstan,621.51,,13478.459627612,30177.4887221736,23754.1341952117,11490.0,27640.4666305444,21230.0,3.44564886564109,17.3232965099228,63.30422443,17556502.0,0.17132,720.18538,45.8669276379862,600.26,55.0779764821252,WB/UNESCO
KAZ,2014,5.39,Kazakhstan,906.72,,12427.7094576939,30986.4379168995,23958.1128890603,11720.0,28954.7543137174,21500.0,3.42903954512824,16.0836515386161,66.0,17816285.0,0.16722,781.43387,51.0877733655657,878.05,55.5524361787178,WB/UNESCO
KAZ,2015,0.5,Kazakhstan,1110.37,15.25645,10196.1226255982,30893.7594851041,22484.3651382607,11040.0,27263.9369744999,21070.0,2.78858995437622,12.193039894104,70.82993359566,18084169.0,0.16951,760.84725,48.3464575023644,1075.83,56.1106048930882,WB/UNESCO
KAZ,2016,0.92,Kazakhstan,1470.61,11.64466,7475.56688689424,30758.3227260598,23023.0872293899,8500.0,26002.093981608,20770.0,2.9780900478363,13.8440999984741,74.5877264735738,18363600.0,0.14179,678.87213,46.0492258820674,1411.26,56.7476265001667,WB/UNESCO
KAZ,2017,7.5,Kazakhstan,1690.02,10.56175,8943.08416791984,31524.4416339794,23973.0602295651,7780.0,27162.8402736295,21370.0,2.75081992149353,11.4199104309082,76.4267482325439,18651931.0,0.12667,650.77119,49.9712092283595,1634.93,57.4586448748837,WB/UNESCO
KAZ,2018,14.61,Kazakhstan,1973.65,9.38161,9472.48527327758,32330.2274546567,25096.1285862615,7800.0,28437.993731654,22020.0,2.61595010757446,13.8801803588867,78.9039190578816,18932727.0,0.11683,650.01155,51.9662639587064,1894.34,58.2388038921695,WB/UNESCO
KAZ,2019,15.34,Kazakhstan,2413.12,,9457.12614657136,33298.2123695035,28689.2710838374,8500.0,29094.582794948,25100.0,2.8569700717926,14.1095304489136,81.8776204746284,19209555.0,0.11841,619.64887,57.3421123781351,2344.81,59.0832474269546,WB/UNESCO
KAZ,2020,49.36,Kazakhstan,2907.0,,8781.50797787648,32011.5491499004,29039.8229624509,8380.0,28029.9096682487,26460.0,4.44620380169618,17.9951649308539,85.94259898,19482117.0,0.12602,668.82871,62.2921373672319,2819.66,59.9871193541692,WB/UNESCO
KAZ,2021,31.34,Kazakhstan,3294.93,,9983.60103576902,32945.8515725823,32945.8515725823,8540.0,28905.4479347893,28910.0,4.38569397571466,19.8279914537514,90.9239507,19743603.0,0.13023,609.97284,59.3849415869809,2950.4,61.030254280267,WB/UNESCO
KAZ,2022,22.99,Kazakhstan,3550.75,,11255.3396437881,33506.2614893237,35889.3953214448,9400.0,32556.266295844,31770.0,4.36185360851405,20.0552104288335,92.29685266,20034609.0,0.11715,661.69455,57.2459264222925,3211.19,61.444157327248,WB/UNESCO
KEN,2003,3.54,Kenya,424.62,12.1481,442.898457253405,3674.08592758409,1974.85820210993,420.0,3363.23350391153,1960.0,6.49428987503052,25.8499698638916,2.94190286101524,33652223.0,,,,420.59,23.563889811899,WB/UNESCO
KEN,2004,2.96,Kenya,450.54,12.90978,463.662781300121,3743.56785736929,2066.31540640242,460.0,3424.18671890262,2050.0,6.79693984985352,27.5977096557617,3.0235280420962,34713455.0,,,2.96267008781433,446.27,25.4147539714454,WB/UNESCO
KEN,2005,3.58,Kenya,460.56,,523.456312433863,3844.73557120578,2188.69561015951,520.0,3536.20000285605,2190.0,7.3356499671936,28.9434394836426,3.101900101,35796484.0,,,3.00099992752075,458.23,27.2686745625048,WB/UNESCO
KEN,2006,4.65,Kenya,483.57,15.41745,699.80237063381,3970.73349887685,2330.13028942507,590.0,3705.75336384348,2320.0,7.04981994628906,26.9538707733154,3.599999905,36904008.0,,,,472.3,28.9830768551925,WB/UNESCO
KEN,2007,6.38,Kenya,545.79,,840.201439476765,4116.45094720856,2481.08706136608,710.0,3795.4664162458,2470.0,,,4.400000095,38036349.0,0.35521,56.1911,,531.41,30.4153861196239,WB/UNESCO
KEN,2008,6.7,Kenya,591.12,,915.54435473604,4002.88364073792,2459.12174515536,830.0,3706.05973961022,2460.0,,,5.199999809,39206351.0,,,,563.58,31.4230276259143,WB/UNESCO
KEN,2009,7.59,Kenya,702.74,,1047.9678324485,4012.19428382397,2480.044290705,830.0,3427.3950758705,2170.0,,,6.1,40408891.0,,,3.99230003356934,682.97,31.8603086707305,WB/UNESCO
KEN,2010,7.24,Kenya,750.61,,1091.51873101194,4211.52462957784,2634.89271315215,930.0,3554.36383442141,2310.0,4.81548976898193,20.3520107269287,7.2,41598567.0,0.69222,226.90023,,732.84,31.8713287706458,WB/UNESCO
KEN,2011,6.75,Kenya,830.81,12.77934,1096.14499807675,4307.10611556858,2750.28663787693,1010.0,3599.01391801986,2460.0,4.70012998580933,20.1919708251953,8.800000191,42758461.0,,,,806.31,31.8673949025409,WB/UNESCO
KEN,2012,11.26,Kenya,791.58,17.60868,1285.00536171512,4387.93790075409,2847.27068286846,1060.0,3725.7593132601,2530.0,4.93122005462646,19.4848194122314,10.5,43888303.0,,,,766.87,31.8558130142761,WB/UNESCO
KEN,2013,9.49,Kenya,853.74,14.21517,1370.87885214659,4443.371215682,3106.39394464885,1130.0,3753.94700825467,2750.0,4.83721017837524,18.6894607543945,13.0,44986791.0,,,,832.67,31.8324454433988,WB/UNESCO
KEN,2014,14.65,Kenya,935.73,13.70252,1482.81566253497,4558.55155266374,3359.48950665093,1250.0,3901.50355506803,2980.0,4.7172999382019,17.8151798248291,16.5,46051440.0,,,,920.51,31.7931545274563,WB/UNESCO
KEN,2015,11.39,Kenya,1001.89,13.07397,1489.11959777284,4679.62182831938,3678.32614146019,1320.0,4131.11764910217,3320.0,4.74349021911621,17.3620891571045,16.5878548475992,47088526.0,,,9.25319496188721,976.39,31.7338026039958,WB/UNESCO
KEN,2016,9.71,Kenya,1100.23,,1554.12610314423,4770.31046388086,3916.65315673095,1490.0,4629.87908447144,3860.0,4.89518022537231,17.4983806610107,16.6,48139687.0,,,11.6347883294504,1074.61,31.6502520105647,WB/UNESCO
KEN,2017,11.43,Kenya,1191.38,,1667.48447230835,4846.86210851932,4177.24993580267,1540.0,4689.48089247993,4100.0,4.96308994293213,17.6313991546631,17.82710075,49197766.0,,,11.8049232142021,1168.15,31.5383650847102,WB/UNESCO
KEN,2018,18.67,Kenya,1334.77,,1836.45275528993,5017.66784674664,4411.56104120886,1720.0,4880.33539632309,4350.0,5.10761976242065,18.9511203765869,19.5,50207107.0,,,,1302.4,31.3940041639796,WB/UNESCO
KEN,2019,16.53,Kenya,1463.07,,1960.40808854893,5171.71264279257,4687.37782325306,1880.0,5063.3572813089,4610.0,5.37359210998097,19.0511436531615,22.6687733618171,51202827.0,,,10.4975595474243,1447.35,31.1895566421135,WB/UNESCO
KEN,2020,18.09,Kenya,1786.27,,1927.66459027849,5057.40115537429,4792.57315847182,1910.0,4987.80140139368,4760.0,5.04574892454155,17.764854770928,24.7227993,52217334.0,,,,1787.68,31.2063494632616,WB/UNESCO
KEN,2021,15.04,Kenya,1976.72,,2061.35622089594,5338.85243382781,5338.85243382781,2070.0,5264.44108569531,5260.0,4.89040202257195,17.2701206248764,26.96290016,53219166.0,,,,1991.87,31.2879334021971,WB/UNESCO
KEN,2022,21.14,Kenya,2007.14,,2109.56288513137,5491.69378280246,5882.29066433207,2170.0,5400.65956111314,5790.0,4.51101801829815,16.0816754795722,29.40589905,54252461.0,0.40651,168.60477,,2051.43,31.4307820066946,WB/UNESCO
KGZ,2003,0.0,Kyrgyzstan,21.7,19.90889,380.505828812441,3982.92722017802,2158.19667402953,340.0,,2090.0,4.47541999816895,15.9395303726196,3.90876626828521,5043308.0,0.22272,,39.491138458252,21.7,35.3086519815317,WB/UNESCO
KGZ,2004,0.0,Kyrgyzstan,34.11,19.81749,433.233873286,4211.52248307857,2343.43044016831,400.0,,2240.0,4.62243986129761,16.2438106536865,5.09038530732863,5104713.0,0.19926,,39.1110000610352,34.11,35.3058886953128,WB/UNESCO
KGZ,2005,0.0,Kyrgyzstan,44.83,19.18243,476.548193640077,4156.95849230116,2385.5944651584,450.0,,2300.0,4.87384986877441,16.7684001922607,10.53380013,5162640.0,0.19861,,40.615779876709,44.83,35.3030968124082,WB/UNESCO
KGZ,2006,0.0,Kyrgyzstan,52.87,17.97466,543.113512472219,4240.17017797554,2508.38844844249,500.0,,2470.0,5.54987001419067,19.0526008605957,12.30690002,5218373.0,0.23014,,41.6426811218262,52.87,35.2997926803498,WB/UNESCO
KGZ,2007,0.0,Kyrgyzstan,38.24,15.90341,721.771577544361,4558.71267894172,2769.8950844031,610.0,,2730.0,6.46697998046875,21.8514595031738,14.03,5268385.0,0.23425,,41.4537391662598,37.58,35.2954926466692,WB/UNESCO
KGZ,2008,0.0,Kyrgyzstan,51.57,16.44074,966.388569370494,4894.9427801376,3031.49407039521,760.0,,2910.0,5.91317987442017,21.2062397003174,15.69999981,5318729.0,0.19017,,45.5842208862305,51.57,35.2897130588983,WB/UNESCO
KGZ,2009,0.45,Kyrgyzstan,34.73,15.62133,870.198894546917,4969.96132720374,3096.9381411798,860.0,,2980.0,6.23267984390259,19.1530094146729,16.0,5389643.0,0.15997,,43.4328689575195,35.73,35.2815523593591,WB/UNESCO
KGZ,2010,0.25,Kyrgyzstan,34.82,15.51681,876.954476440354,4876.47964886483,3075.61554322404,850.0,3924.79269905021,2880.0,5.81884002685547,15.6813097000122,16.29999924,5467059.0,0.15547,,42.2182042645436,34.42,35.267768240398,WB/UNESCO
KGZ,2011,0.0,Kyrgyzstan,49.58,,1117.40174350185,5092.85165751678,3278.35102220086,870.0,4025.95268722182,2930.0,6.79061985015869,18.1725292205811,17.5,5546587.0,0.15633,,42.4374714139813,49.21,35.2466507961984,WB/UNESCO
KGZ,2012,0.0,Kyrgyzstan,51.95,12.02614,1168.62244675446,4993.39431683528,3588.67988824025,1030.0,4192.20021564862,3500.0,7.38423013687134,18.1950092315674,19.79999924,5652076.0,0.1661,,45.2330629115781,51.04,35.218916221918,WB/UNESCO
KGZ,2013,0.0,Kyrgyzstan,56.04,12.77683,1269.66303464348,5418.54061993935,4000.96295765107,1180.0,4271.51568819954,3770.0,6.78020000457764,17.7737903594971,23.0,5777150.0,0.14914,,48.5727890390198,55.53,35.1850529225105,WB/UNESCO
KGZ,2014,0.0,Kyrgyzstan,50.81,4.63573,1264.52668823891,5513.7544695252,4228.1951482992,1230.0,4504.67243843721,4050.0,5.53159999847412,14.364839553833,28.29999924,5905848.0,0.12536,,46.360320327803,50.27,35.1455493029297,WB/UNESCO
KGZ,2015,0.35,Kyrgyzstan,48.24,,1105.65193844261,5600.2143342846,4153.3766990372,1160.0,4603.99225368106,3990.0,5.98551988601685,15.7167596817017,30.24699974,6040036.0,0.11903,,46.5495890237956,46.52,35.1008937681291,WB/UNESCO
KGZ,2016,0.33,Kyrgyzstan,106.29,3.02277,1103.27489428412,5715.01041179003,4603.75964247878,1090.0,4854.16633313598,4360.0,6.58616018295288,16.920919418335,40.52619934,6175338.0,0.11121,,44.5886036787376,102.75,35.0515747230627,WB/UNESCO
KGZ,2017,4.78,Kyrgyzstan,115.48,3.03152,1221.39046807082,5861.22200040503,4953.71755085199,1090.0,5118.36301089356,4710.0,6.02618980407715,16.2781391143799,50.80530167,6306696.0,0.10707,,41.5760302696793,111.8,34.9980805726839,WB/UNESCO
KGZ,2018,4.0,Kyrgyzstan,135.02,,1283.5203037417,5951.82876758606,4777.94175395575,1200.0,5321.57121244096,4630.0,5.55267000198364,16.7959003448486,62.8,6444079.0,0.10107,,39.5679556504749,125.14,34.9408997219466,WB/UNESCO
KGZ,2019,2.83,Kyrgyzstan,186.15,,1421.99927504102,6087.60193826927,5304.22758314405,1240.0,5373.37900144086,4860.0,5.0802698135376,16.472749710083,64.1,6590211.0,0.08535,,40.8257000638543,175.06,34.8805205758044,WB/UNESCO
KGZ,2020,1.23,Kyrgyzstan,209.59,,1229.51766602907,5537.79547319377,5178.5619670404,1210.0,5235.26605307239,5020.0,5.7331600189209,17.875129699707,72.0,6726596.0,0.08356,,45.3327840830343,205.22,34.8174315392111,WB/UNESCO
KGZ,2021,3.06,Kyrgyzstan,252.43,,1349.99730650542,5736.47883415154,5736.47883415154,1270.0,5350.54443481341,5350.0,5.16667985916138,16.106689453125,77.11769867,6851224.0,0.07102,,51.6239256637785,217.52,34.7521210171204,WB/UNESCO
KGZ,2022,3.33,Kyrgyzstan,236.83,,1739.72018344174,6139.77788825006,6576.46977080639,1540.0,6295.11629203318,6430.0,7.16884382244099,23.5183648321502,84.1937027,6975220.0,0.06922,,54.2184527097527,234.43,34.7003053497743,WB/UNESCO
KHM,2003,0.0,Cambodia,23.91,,386.691123931778,2309.83931482788,1597.88226445116,370.0,1987.99675765346,1540.0,,,0.260570197574002,13050968.0,,,3.01460003852844,23.91,18.8881765274479,WB/UNESCO
KHM,2004,0.0,Cambodia,36.55,,444.199067529081,2491.30930003838,1769.76235026624,430.0,2143.91886306217,1710.0,1.56035995483398,12.4043102264404,0.300436644360101,13244731.0,,,3.07344007492065,35.89,18.9813615262763,WB/UNESCO
KHM,2005,0.0,Cambodia,35.52,,525.797325120926,2781.89028895255,2038.14598623445,510.0,2344.9400834536,1960.0,,,0.317321781089656,13439202.0,,,3.77035999298096,35.52,19.0922720052225,WB/UNESCO
KHM,2006,0.25,Cambodia,44.33,,612.252648550727,3041.10471220153,2296.76857876595,580.0,2562.86097859734,2210.0,,,0.468400002,13639028.0,,,6.20005989074707,43.83,19.2299832388976,WB/UNESCO
KHM,2007,0.0,Cambodia,51.81,,731.692295125426,3308.15747246544,2566.1475972181,670.0,2807.30979636477,2480.0,1.36423003673553,11.1035099029541,0.49,13841770.0,,,7.67417001724243,51.81,19.4035705019128,WB/UNESCO
KHM,2008,0.5,Cambodia,51.44,,866.283999789749,3501.9257021932,2768.79237607907,780.0,3209.88977092337,2670.0,,,0.51,14053479.0,,,8.92994976043701,51.44,19.6574509865325,WB/UNESCO
KHM,2009,0.26,Cambodia,65.22,6.2996,875.748936193569,3587.60889588362,2854.03288379414,840.0,3138.08626152922,2750.0,1.38576996326447,8.16524028778076,0.53,14276810.0,,,10.6747398376465,64.72,20.1979728726519,WB/UNESCO
KHM,2010,0.25,Cambodia,55.85,5.84669,952.274616324008,3711.53750580157,2988.5040142969,910.0,3274.68685457661,2900.0,1.24872994422913,7.33747005462646,1.26,14500726.0,,,12.1998596191406,54.51,21.1232251168762,WB/UNESCO
KHM,2011,2.08,Cambodia,71.36,5.33979,1088.98152823081,3921.97911563308,3223.10209351638,990.0,3499.48038121083,3120.0,1.20887994766235,7.33540010452271,3.099999905,14722584.0,,,11.4902860215331,70.66,22.3824788531276,WB/UNESCO
KHM,2012,0.7,Cambodia,77.26,,1192.80263041673,4159.16354123446,3583.48229739437,1110.0,3671.61577347595,3450.0,1.23062002658844,7.19985008239746,4.94,14945085.0,,,,75.92,23.9411047582349,WB/UNESCO
KHM,2013,0.37,Cambodia,85.39,6.10003,1305.6600972686,4419.3988680186,3890.94841205221,1230.0,3879.77794047564,3730.0,1.57648003101349,9.59706974029541,6.0,15170208.0,,,,85.2,25.7644735090271,WB/UNESCO
KHM,2014,1.53,Cambodia,93.44,,1431.56396469993,4702.73061823207,4117.78868309006,1330.0,4185.4038021923,3940.0,1.44690001010895,8.79160022735596,14.0,15396772.0,,,,88.95,27.8179557823331,WB/UNESCO
KHM,2015,0.0,Cambodia,111.49,,1547.32010444393,4968.57276699143,4433.64393500572,1430.0,4458.28648626893,4250.0,,,6.43319107021405,15623251.0,0.08828,30.38923,13.615484963166,106.63,30.0669222549819,WB/UNESCO
KHM,2016,0.77,Cambodia,125.21,,1675.19555711109,5283.72964943779,4748.12428521528,1550.0,4746.37477281889,4560.0,,,32.3984517141849,15852803.0,,,,116.97,32.4767436038024,WB/UNESCO
KHM,2017,0.25,Cambodia,125.22,,1826.35391688754,5632.03125629342,5050.06356615113,1690.0,5100.09970202815,4850.0,,,32.9002785437986,16073372.0,,,12.5181529981862,123.85,35.0127905056235,WB/UNESCO
KHM,2018,0.13,Cambodia,147.68,,2036.67377566578,6050.59088262205,5616.98087023303,1920.0,5543.29596609836,5390.0,1.60336995124817,9.97500991821289,65.0,16274522.0,,,13.2671737077763,140.48,37.6404336372742,WB/UNESCO
KHM,2019,0.73,Cambodia,145.71,,2225.87705485686,6448.88455952805,6153.99439528427,2100.0,5982.71981066629,5880.0,2.13345387893978,12.1311067347546,52.305878224498,16481304.0,,,12.9409846754696,137.07,39.5830241256026,WB/UNESCO
KHM,2020,4.14,Cambodia,163.05,,2081.73914242939,6128.78243783335,5942.45380373929,2050.0,6014.61897244584,5750.0,2.2476462495972,11.0687719907488,56.37590027,16725474.0,,,13.8767573747135,154.12,39.832658030922,WB/UNESCO
KHM,2021,0.97,Cambodia,171.26,,2167.40324198499,6225.53265474741,6225.53265474741,2120.0,5973.4221548824,5970.0,1.96232691812756,9.34959951214734,60.76269913,16974305.0,,,13.5005634857238,153.37,40.1091858128847,WB/UNESCO
KHM,2022,1.64,Cambodia,203.2,,2325.03050040841,6458.3681488084,6917.7197730003,2270.0,6196.88154895748,6650.0,1.95793279576416,11.6742808441972,65.49079895,17201724.0,,,14.6069513022825,183.99,40.374616187368,WB/UNESCO
KIR,2003,0.0,Kiribati,0.11,,1020.50033851394,2258.32313744125,1578.28790885431,1200.0,,2300.0,,,3.0,94175.0,,,,0.11,43.510668313316,WB/UNESCO
KIR,2004,0.0,Kiribati,0.0,,1083.2688987175,2199.95258272342,1578.83869126966,1430.0,,2290.0,,,3.5,96085.0,,,,0.0,43.5238025326975,WB/UNESCO
KIR,2005,0.0,Kiribati,0.0,,1161.78341739977,2184.06094408808,1616.57992110289,1620.0,,2280.0,,,4.0,98035.0,,,,0.0,43.5443274444527,WB/UNESCO
KIR,2006,0.0,Kiribati,0.36,,1123.19258990684,2264.4516846113,1727.77052466169,1670.0,3000.63793003899,2410.0,,,4.5,100017.0,,,,0.36,43.7349826427011,WB/UNESCO
KIR,2007,0.0,Kiribati,2.12,,1352.57814048911,2286.73943693111,1792.04651181874,1790.0,3113.09086474276,2530.0,,,6.0,102068.0,,,,2.12,44.6212141757087,WB/UNESCO
KIR,2008,0.0,Kiribati,0.0,,1410.62246914058,2172.63601744656,1735.43189762547,1860.0,2962.39287931804,2490.0,,,7.0,104222.0,,,,0.0,45.9461325515373,WB/UNESCO
KIR,2009,0.0,Kiribati,0.33,,1316.62753853678,2138.23987425041,1718.49171441676,1850.0,2631.13769339341,2340.0,,,8.97,106467.0,,,,0.33,47.3510238975116,WB/UNESCO
KIR,2010,0.0,Kiribati,0.33,,1522.10068744154,2119.91176706204,1724.46710145184,2030.0,2838.24637308443,2480.0,,,9.07,108704.0,,,,0.33,48.4603839564718,WB/UNESCO
KIR,2011,0.0,Kiribati,0.0,,1771.12926848792,2150.65854434166,1785.57208346912,2110.0,2748.79783355987,2430.0,,,10.0,110647.0,,,,0.0,49.1228169536795,WB/UNESCO
KIR,2012,0.0,Kiribati,1.0,,1843.55336349889,2242.30105765006,1896.32489930683,2630.0,3099.10926485171,2790.0,12.499488,24.3051946693958,10.74680042,112284.0,,,,1.0,49.5800786695548,WB/UNESCO
KIR,2013,0.0,Kiribati,1.05,,1772.08718317132,2382.67559474112,2049.33390306083,3040.0,3541.84925105144,3260.0,12.0902942583732,24.0754089299918,11.5,113838.0,,,,1.05,49.9687043258795,WB/UNESCO
KIR,2014,0.0,Kiribati,1.94,,1736.70535682101,2381.65349253168,2084.13105370573,3260.0,4032.4856530908,3730.0,11.513136036036,21.311801215678,12.25,115326.0,,,,1.54,50.3909308922385,WB/UNESCO
KIR,2015,0.0,Kiribati,1.48,,1639.85274740652,2616.17635911711,2310.60291495273,3490.0,4858.36641113951,4500.0,10.7683901960784,20.1121983632045,14.89999962,116815.0,,,,1.48,50.9541970402064,WB/UNESCO
KIR,2016,0.0,Kiribati,2.17,,1742.66799324117,2762.28741039854,2462.83249247427,2990.0,4438.30067669822,4130.0,11.646473381295,18.4627125204899,19.41939926,118478.0,,,,2.17,51.7710553002321,WB/UNESCO
KIR,2017,0.0,Kiribati,2.54,,1854.3326920967,2822.02092296284,2561.14862522379,3130.0,4822.93775971582,4530.0,11.4761649484536,15.2990897781806,25.30960083,120275.0,,,,1.79,52.9734697275451,WB/UNESCO
KIR,2018,0.0,Kiribati,0.62,,1915.56002581991,2875.41766341166,2669.39256773617,3280.0,4827.11003487526,4610.0,12.9204194888179,20.6657672048567,32.9864006,122084.0,,,,0.62,54.5004023142497,WB/UNESCO
KIR,2019,0.0,Kiribati,3.97,,1750.24040333237,2926.59366475855,2761.74331450078,3610.0,5350.55911179313,5240.0,14.5197413461539,17.9415572068178,41.79299927,123921.0,,,,3.77,56.2846727145489,WB/UNESCO
KIR,2020,0.0,Kiribati,3.71,,1751.87199542272,2839.17274622563,2715.27546461551,3070.0,4716.62025110427,4640.0,16.2303756141975,20.1776085857994,52.95090103,126099.0,,,,3.93,58.4123714112748,WB/UNESCO
KIR,2021,0.0,Kiribati,2.36,,2223.54147866465,3024.21029665634,3024.21029665634,3150.0,4735.45969301934,4740.0,13.9871516883117,19.2718416727939,67.08760071,128377.0,,,,2.36,59.6364645301985,WB/UNESCO
KIR,2022,0.0,Kiribati,2.03,,2078.7648751855,3127.17745381556,3349.59804202737,3280.0,4579.46376369772,5020.0,14.7860312820513,18.8985738209677,84.99849701,130469.0,,,,2.2,60.5739126559419,WB/UNESCO
KNA,2003,0.0,Saint Kitts and Nevis,0.0,,10175.6295449989,19927.1818314137,16225.6744089875,9190.0,,14710.0,3.79099011421204,12.2880601882935,22.9697842928439,46176.0,,,,1.0,32.2808981467536,WB/UNESCO
KNA,2004,0.0,Saint Kitts and Nevis,0.73,,10944.6183741768,20661.3458642993,17275.8639873835,10390.0,,15950.0,3.9713499546051,11.7902603149414,24.7376775443732,46315.0,,,,0.73,32.1287199225823,WB/UNESCO
KNA,2005,0.25,Saint Kitts and Nevis,1.96,,11783.7867154145,22612.7126559455,19500.3236561244,11750.0,,18250.0,3.83144998550415,11.056209564209,34.0,46437.0,,,,1.96,31.9804975781124,WB/UNESCO
KNA,2006,0.0,Saint Kitts and Nevis,1.94,,13837.8495311219,23258.9842253211,20676.1880814018,12650.0,,19640.0,4.05925989151001,12.4784097671509,38.5,46569.0,,,,1.94,31.8364279281447,WB/UNESCO
KNA,2007,0.0,Saint Kitts and Nevis,1.17,,14757.9579751035,23330.0442404195,21301.2400249145,13350.0,,20340.0,4.1938099861145,13.0518102645874,43.5,46706.0,,,,1.17,31.6967077874804,WB/UNESCO
KNA,2008,0.0,Saint Kitts and Nevis,4.16,,16604.9448615905,25898.7823620981,24102.1993835142,15980.0,,23040.0,,,49.20000076,46835.0,,,19.8842601776123,4.16,31.5615339709202,WB/UNESCO
KNA,2009,0.17,Saint Kitts and Nevis,2.82,,16503.4119292794,24973.8045286303,23384.7350985564,15840.0,,22360.0,,,55.70000076,46916.0,,,,3.12,31.4311032932653,WB/UNESCO
KNA,2010,0.33,Saint Kitts and Nevis,4.41,,16622.9457908577,24997.5672513428,23691.4477928409,15970.0,,22800.0,2.54554015619203,8.65487059169444,63.0,46846.0,,,,5.28,31.3056125693165,WB/UNESCO
KNA,2011,0.0,Saint Kitts and Nevis,4.63,,17832.4572919975,25380.0087348215,24550.1651914562,16760.0,,23680.0,2.49706527276352,10.65097158741,63.20000076,46886.0,,,,5.35,31.2000648379646,WB/UNESCO
KNA,2012,0.75,Saint Kitts and Nevis,8.85,,17532.0559008608,25114.0572603244,23457.8938878076,17010.0,,22780.0,2.49200145387318,11.4314510562161,64.0,47033.0,,,,8.72,31.2035138804223,WB/UNESCO
KNA,2013,0.0,Saint Kitts and Nevis,12.97,,18580.1301949935,26532.1016561725,24624.4362309063,18460.0,,24210.0,3.26205857202123,13.313378498416,64.59999847,47069.0,,,,12.97,31.2131485582887,WB/UNESCO
KNA,2014,0.0,Saint Kitts and Nevis,15.2,,20219.3954237956,28530.3072249013,26755.5969780771,18850.0,,25110.0,2.85307503792741,12.2172164313006,65.38179779,47089.0,,,90.9599990844727,14.42,31.2290015317909,WB/UNESCO
KNA,2015,1.33,Saint Kitts and Nevis,19.3,15.35573,20328.8003530109,28729.566447667,26877.4665031101,18670.0,,25110.0,2.54938006401062,8.77348041534424,66.17310333,47087.0,,,93.92236328125,19.2,31.2513929695583,WB/UNESCO
KNA,2016,0.58,Saint Kitts and Nevis,21.51,,21387.5415511103,29867.0265589791,28214.709934443,19640.0,,26630.0,3.00076147453842,14.3605203411921,66.97389984,47075.0,,,,21.03,31.2806171906169,WB/UNESCO
KNA,2017,1.0,Saint Kitts and Nevis,28.53,,22464.9899633959,29948.9200065682,29578.6311625727,20420.0,,28310.0,2.77100327979144,13.2636253451054,67.78440094,47050.0,,,,28.53,31.3169642505921,WB/UNESCO
KNA,2018,0.0,Saint Kitts and Nevis,27.26,,22901.3816403197,30576.2486749244,30794.8986482634,21930.0,,29540.0,3.03524983830349,10.1063397719471,68.60479736,47008.0,,,,28.06,31.3607229995076,WB/UNESCO
KNA,2019,0.75,Saint Kitts and Nevis,33.46,,23595.4923231291,31512.1943105684,32482.094417215,23670.0,,32010.0,2.72889566429639,8.63854694668485,69.43499756,46952.0,,,,32.91,31.4121818392285,WB/UNESCO
KNA,2020,0.04,Saint Kitts and Nevis,35.74,,18859.0190361046,26736.9283563771,27326.036057423,19340.0,,26610.0,3.10568635584663,9.61476515772656,70.27529907,46870.0,,,,37.34,31.4716289738952,WB/UNESCO
KNA,2021,0.0,Saint Kitts and Nevis,34.45,,18361.1449697886,26896.6177065978,26896.6177065978,19070.0,26038.3038799962,26040.0,2.78379011154175,6.75769996643066,74.37159729,46763.0,,,,35.08,31.5393525093972,WB/UNESCO
KNA,2022,0.23,Saint Kitts and Nevis,38.87,,21011.5744209816,29749.8700864823,31865.8304697944,21420.0,,31450.0,3.5579615526858,7.7259085644011,75.76229858,46709.0,,,,40.15,31.6156404983167,WB/UNESCO
KOR,2003,79.75,South Korea,23879.88,,15211.5483770422,30142.4605585814,22919.7417096314,14290.0,31428.1173997082,22840.0,,,65.5,47892330.0,2.19657,3189.96825,84.4563903808594,23773.21,80.707793508044,WB/UNESCO
KOR,2004,73.97,South Korea,27741.08,,17121.6301633201,31579.5283048867,24658.1761189212,16790.0,32618.0151819576,24620.0,,,72.7,48082519.0,2.35292,3281.04385,89.8009033203125,27625.82,81.104386778171,WB/UNESCO
KOR,2005,81.09,South Korea,32097.53,,20167.0474902506,32886.0472450743,26179.3421262581,19230.0,33425.5733065531,26000.0,,,73.5,48184561.0,2.42725,3763.23464,95.3700103759766,32032.77,81.3901352283669,WB/UNESCO
KOR,2006,90.79,South Korea,37247.49,,22609.7059431449,34429.6222013137,27972.3847629351,21610.0,34563.9855420961,27890.0,,,78.1,48438292.0,2.61516,4173.2456,99.9493103027344,37086.16,81.566462110512,WB/UNESCO
KOR,2007,107.88,South Korea,41317.08,,25078.4853957105,36257.3401689702,30255.391009159,24390.0,36302.4519699998,30180.0,,,78.8,48683638.0,2.75895,4614.74679,102.949272155762,41128.89,81.712125801927,WB/UNESCO
KOR,2008,118.78,South Korea,43923.63,,22252.3125108061,37064.1518484106,31211.0593469455,24840.0,36170.6271261641,31220.0,,,81.0,49054708.0,2.86774,4892.49313,103.136177062988,43712.38,81.8350833138518,WB/UNESCO
KOR,2009,155.15,South Korea,45957.42,,19937.3029137734,37176.1939270969,30739.9572294348,22960.0,36921.2361588746,30690.0,,,81.6,49307835.0,3.02145,5037.92837,102.658447265625,45734.84,81.9245045084002,WB/UNESCO
KOR,2010,173.34,South Korea,50338.95,,24071.2620526362,39574.0500732947,33120.351934563,23250.0,39484.6837763796,33170.0,,,83.7,49554112.0,3.17913,5429.43919,101.673286437988,50064.7,81.9685075986486,WB/UNESCO
KOR,2011,233.44,South Korea,53624.1,,26175.2398553363,40719.2273771671,33944.2511879769,24590.0,39845.1319026774,34150.0,,,83.7591201534472,49936638.0,3.44409,5908.82443,100.819679260254,53291.76,81.9615408086376,WB/UNESCO
KOR,2012,237.55,South Korea,56100.89,,26600.5477433903,41537.6728611117,35061.5531929083,26780.0,40844.5315553826,35410.0,,,84.07,50199853.0,3.6852,6393.34374,98.286979675293,55711.68,81.9087898200378,WB/UNESCO
KOR,2013,306.33,South Korea,57320.12,,28449.3591104972,42709.9751857887,35844.2253782408,28210.0,42251.4577098157,36060.0,,,84.77,50428893.0,3.77487,6457.88851,96.3375015258789,56751.39,81.8269383502703,WB/UNESCO
KOR,2014,341.58,South Korea,60152.58,,30667.0912467447,43806.9250985661,37032.1724172561,29480.0,43443.9364923632,37200.0,,,87.5568264944747,50746659.0,3.88983,6867.33385,94.4421691894531,59378.7,81.7315682816954,WB/UNESCO
KOR,2015,457.98,South Korea,62722.77,,30171.7906545222,44849.106767089,39794.1961180043,30130.0,46041.432350524,39910.0,4.24247980117798,,89.8962557995106,51014947.0,3.78907,7020.43916,93.9676513671875,61888.47,81.639489860678,WB/UNESCO
KOR,2016,440.64,South Korea,62915.13,20.44728,30832.0628072516,46088.2430785383,41672.6278317077,30850.0,47974.7032224021,41820.0,4.11502981185913,,92.8430256796075,51217803.0,3.78638,7057.16003,93.6577224731445,61914.97,81.5559241797057,WB/UNESCO
KOR,2017,491.47,South Korea,64096.89,,33296.9845439195,47536.7898568851,43155.9100867658,31940.0,49385.9917419482,43320.0,4.10775995254517,,95.0694218761004,51361911.0,4.07341,7453.21918,93.7230224609375,62977.5,81.471030429984,WB/UNESCO
KOR,2018,518.85,South Korea,66892.64,,35363.9508228687,48834.4471157733,45511.0803506331,34610.0,50131.7830770556,45680.0,4.21645021438599,,96.0228595797887,51585058.0,4.27155,7918.46916,93.3281784057617,64793.42,81.3823523035196,WB/UNESCO
KOR,2019,522.71,South Korea,70701.85,,33826.9443301597,49790.8679884821,46511.2196957018,35790.0,50278.5659502455,46890.0,4.41813993453979,,96.157579184239,51764822.0,4.36379,8328.96727,93.9989166259766,67687.84,81.2901063535619,WB/UNESCO
KOR,2020,606.73,South Korea,73255.78,,33645.7719545073,49374.0926148025,47881.4921344193,35000.0,50283.2707136425,48280.0,4.52706003189087,,96.50506052,51836239.0,4.5214,8620.009,96.8767700195312,69089.86,81.1759595622913,WB/UNESCO
KOR,2021,695.87,South Korea,77566.47,,37518.4635305697,51718.2518656631,51718.2518656631,37450.0,52263.237432776,52260.0,4.55590009689331,,97.57132698,51769539.0,4.59673,9071.4503,100.359878540039,72352.13,81.1616526507785,WB/UNESCO
KOR,2022,851.0,South Korea,76935.71,,34822.4048404971,53228.6035655365,55509.3368761174,38590.0,52087.9106153372,56180.0,5.40910005569458,,97.16855335,51672569.0,4.84753,9434.7613,102.813056945801,71998.13,81.1624941626873,WB/UNESCO
KWT,2003,16.83,Kuwait,535.29,,22690.655175144,67984.3145062554,69752.3841097359,23150.0,,74650.0,,,22.4029383804612,2109881.0,0.14347,171.66419,19.5890598297119,532.92,99.7655794280652,WB/UNESCO
KWT,2004,22.49,Kuwait,569.37,34.78536,27552.2827399787,73298.0621819477,77226.6367629416,29080.0,,85190.0,5.53506994247437,14.4978904724121,22.9271120360078,2157320.0,0.1301,174.76497,19.9746398925781,567.21,99.94716743531,WB/UNESCO
KWT,2005,21.91,Kuwait,626.7,32.60241,36122.6142741227,78193.9012127585,84968.0197563091,35740.0,,94280.0,4.73833990097046,13.4065599441528,25.92609978,2236788.0,0.10083,176.11884,,627.37,100.0,WB/UNESCO
KWT,2006,31.02,Kuwait,656.42,32.60061,42946.6374104066,79521.3484338455,89075.2245199727,42460.0,,100620.0,3.75997996330261,13.0494298934937,28.79120064,2364733.0,0.08479,170.93793,,655.33,100.0,WB/UNESCO
KWT,2007,17.58,Kuwait,727.61,,45709.4132876371,79474.7611346377,91434.904380703,47510.0,,101320.0,,,34.79999924,2507887.0,0.08585,193.74141,,724.83,100.0,WB/UNESCO
KWT,2008,24.41,Kuwait,765.34,,55585.1889344442,77036.5083833055,90337.3567890878,51800.0,,96920.0,,,42.0,2651421.0,0.08551,156.22965,,759.68,100.0,WB/UNESCO
KWT,2009,14.4,Kuwait,801.72,,37907.1001320042,67896.2680451995,80110.0698080015,45410.0,,85350.0,,,50.79999924,2795484.0,0.11213,147.61475,,800.72,100.0,WB/UNESCO
KWT,2010,12.4,Kuwait,744.62,,39212.252220155,62956.2152904125,75184.0865900211,42850.0,76011.936908672,80700.0,,,61.40000153,2943372.0,0.1014,141.92742,,734.61,100.0,WB/UNESCO
KWT,2011,12.33,Kuwait,795.37,,49169.6063813095,64844.5019019408,79036.7857441182,44350.0,87521.1458197997,83780.0,,,65.7690706867398,3132814.0,0.09898,136.13419,,784.7,100.0,WB/UNESCO
KWT,2012,17.27,Kuwait,823.4,,52155.2225833921,64908.262639237,82089.726133145,50830.0,92616.9288281267,88080.0,,,70.44999695,3337109.0,0.09721,135.22051,,810.34,100.0,WB/UNESCO
KWT,2013,13.62,Kuwait,871.03,,49651.0439275077,62458.8089221249,76812.5387330449,53530.0,86510.2192203852,82970.0,,,75.45999908,3507844.0,0.30153,,,856.49,100.0,WB/UNESCO
KWT,2014,9.2,Kuwait,784.11,,44368.7813457751,60065.6544076232,68336.5991533112,51350.0,77337.1995404383,74910.0,,,78.69999695,3665876.0,0.42705,637.96147,55.893130577116,767.84,100.0,WB/UNESCO
KWT,2015,7.92,Kuwait,864.37,,29882.2126495698,57763.5174574395,45267.3085347452,41830.0,54495.3188635583,50280.0,,,82.0,3834574.0,0.0966,405.49843,58.9434554973822,854.95,100.0,WB/UNESCO
KWT,2016,4.1,Kuwait,816.43,,27323.6890735517,56936.620842726,41862.1739255505,34920.0,49321.7782240221,46750.0,5.95593958839578,11.25300673389,85.59999847,4004096.0,0.07985,481.99315,59.2213394214596,810.2,100.0,WB/UNESCO
KWT,2017,4.4,Kuwait,850.76,,29047.6536135703,52285.5871175696,46565.5499504554,30650.0,53256.0998918475,53810.0,6.35444222156987,11.8619894165298,97.9999893344615,4154812.0,0.0804,498.31295,54.9159622359267,851.59,100.0,WB/UNESCO
KWT,2018,5.95,Kuwait,1001.08,,32067.9623756889,51623.8078622052,51370.7320595252,32340.0,56888.2911533361,58160.0,6.39165256830382,12.157548214359,99.5988495907557,4323515.0,0.06329,502.98169,52.1066893601774,974.66,100.0,WB/UNESCO
KWT,2019,10.53,Kuwait,1162.19,,31707.8737443551,51380.6455354631,50703.0001343301,35680.0,56567.375214169,57980.0,6.72789551402991,12.8502993953865,99.5426764518489,4442316.0,0.18512,175.34012,50.4400595299189,1116.86,100.0,WB/UNESCO
KWT,2020,5.19,Kuwait,1134.46,,25236.0755848941,49372.8187938552,41461.7235642777,33150.0,44802.3834858482,47570.0,6.24513034913966,12.4398016475616,99.10587017,4400267.0,0.17805,165.97953,53.731878917367,1095.3,100.0,WB/UNESCO
KWT,2021,10.85,Kuwait,1255.18,,34018.6342592913,50651.9575337091,50651.9575337091,35990.0,58893.1976440994,58890.0,7.76246706467929,12.0027574509284,99.7,4360865.0,,,51.8967176944636,1184.25,100.0,WB/UNESCO
KWT,2022,7.47,Kuwait,1334.56,,39981.7691035833,51379.8833194119,55034.2790289403,39120.0,67548.9064975838,62830.0,6.58236499988891,12.2631651878182,99.74729919,4589643.0,0.0801,176.25862,,1245.88,100.0,WB/UNESCO
LAO,2003,0.5,Laos,17.72,,355.097216151461,3282.9853971272,2151.15099594213,330.0,,2030.0,,,0.333912466428616,5697945.0,,,4.79725980758667,17.72,25.5945881340707,WB/UNESCO
LAO,2004,0.0,Laos,37.96,,409.296298284117,3441.16999706515,2315.43379529201,380.0,,2220.0,2.41300010681152,15.8750801086426,0.361434490258043,5781626.0,,,5.579430103302,37.96,26.5371091732139,WB/UNESCO
LAO,2005,0.0,Laos,24.14,,466.061506997741,3630.55878769378,2519.46135097947,450.0,,2460.0,2.4140899181366,14.1292695999146,0.850399971,5869523.0,,,7.60128021240234,22.16,27.3224977292697,WB/UNESCO
LAO,2006,0.0,Laos,41.42,,579.391947440719,3881.53736632657,2776.69752330125,500.0,,2620.0,2.95879006385803,17.7623596191406,1.16989994,5963200.0,,,8.78625965118408,41.09,28.0378756242097,WB/UNESCO
LAO,2007,0.0,Laos,28.22,,697.323013673925,4112.25301659759,3021.44173101362,600.0,,2920.0,3.07841992378235,18.1017894744873,1.64,6056236.0,,,11.2626600265503,28.22,28.7343050001346,WB/UNESCO
LAO,2008,0.0,Laos,34.68,,885.747376088762,4367.162880257,3270.55751011812,740.0,,3120.0,2.27854990959167,13.0052099227905,3.55,6148969.0,,,13.0783004760742,33.58,29.4034348148069,WB/UNESCO
LAO,2009,0.0,Laos,41.96,23.2289,935.03237283283,4625.07173324518,3485.06827743766,880.0,,3390.0,1.65485000610352,7.46309995651245,6.0,6241642.0,,,16.2123508453369,40.23,30.0420311503825,WB/UNESCO
LAO,2010,1.02,Laos,43.5,16.22068,1125.91610151261,4946.10563678173,3772.26605160076,990.0,,3530.0,1.70978999137878,7.24696016311646,7.0,6334194.0,,,16.6638298034668,43.08,30.6468600890172,WB/UNESCO
LAO,2011,0.17,Laos,49.51,20.88987,1361.54704394913,5266.87866924206,4099.78457330741,1130.0,,3820.0,1.70801997184753,8.2595796585083,9.0,6426590.0,,,17.4954696423161,49.46,31.2146877128668,WB/UNESCO
LAO,2012,0.77,Laos,62.81,15.73127,1563.5650771337,5608.96956337059,4780.94733000167,1350.0,,4500.0,1.82147002220154,7.36839008331299,10.74769974,6518978.0,,,17.330766926856,61.48,31.7422801040872,WB/UNESCO
LAO,2013,1.29,Laos,72.11,14.04997,1812.51774424651,5974.47368943414,5221.59855783339,1590.0,,4940.0,3.23380994796753,13.341010093689,12.5,6611385.0,,,18.9224448772621,71.43,32.2264033448341,WB/UNESCO
LAO,2014,0.11,Laos,56.61,13.81231,1981.03910900473,6341.2122967032,5798.50436730091,1810.0,,5540.0,2.93781995773315,11.7573499679565,14.26000023,6703172.0,,,18.4954952643985,55.53,32.6638235172635,WB/UNESCO
LAO,2015,0.45,Laos,70.96,,2121.01339097363,6703.74124348885,6086.0673044622,1960.0,,5820.0,2.73689787884215,10.4693968971705,18.20000076,6801645.0,,,18.1574846273063,66.27,33.1240204432199,WB/UNESCO
LAO,2016,1.71,Laos,89.0,,2303.22156035363,7063.25545347926,6743.01053953037,2110.0,,6450.0,2.77442976110388,12.8905072664164,21.87000084,6908802.0,,,17.0880719461771,88.67,33.8267455533474,WB/UNESCO
LAO,2017,0.25,Laos,78.82,,2432.43059478511,7432.4596330485,7141.90652701767,2240.0,,6760.0,2.49797261414021,11.4389355996144,25.51040077,7018147.0,,,15.4112577339384,78.32,34.5115346444216,WB/UNESCO
LAO,2018,0.0,Laos,89.81,,2545.1075420815,7775.08574451883,7486.86452700433,2460.0,,7160.0,2.33501229018316,11.1683780140713,36.27130127,7128045.0,,,14.4969749098337,85.35,35.2050070032013,WB/UNESCO
LAO,2019,0.0,Laos,94.68,,2589.32081035237,8075.27502377003,7743.21906534261,2520.0,,7300.0,2.12201393748998,10.831620568327,47.03229904,7237636.0,,,13.7404020217342,90.22,35.9072880879451,WB/UNESCO
LAO,2020,0.8,Laos,90.23,,2583.77730696131,7995.59502527818,7913.38660650276,2470.0,,7440.0,1.91597273223857,10.6622210924187,54.0,7346533.0,,,12.561911777868,83.73,36.6185033569111,WB/UNESCO
LAO,2021,0.38,Laos,87.11,,2526.05105018529,8080.43553249923,8080.43553249923,2500.0,7620.24843935199,7620.0,1.85949176876536,11.5062064227785,62.0,7453194.0,,,12.4396649191011,83.5,37.338778268357,WB/UNESCO
LAO,2022,0.0,Laos,83.93,,2046.40440255621,8183.03286472653,8765.05131747163,2300.0,,8110.0,1.46083440434069,9.82493417180385,64.54000092,7559007.0,,,13.677811550152,82.63,38.0682382805397,WB/UNESCO
LBN,2003,0.72,Lebanon,471.77,,4437.71588507526,12272.3440677497,8914.48277911263,3670.0,11361.0710403471,7440.0,,,8.0,4525508.0,,,33.0007705688477,472.11,86.4475351790771,WB/UNESCO
LBN,2004,4.66,Lebanon,499.4,25.05443,4600.68371412993,12882.0757995163,9609.01282641122,4700.0,13505.865991421,9240.0,2.64094996452331,7.93123006820679,9.0,4599279.0,,,34.8977317810059,497.62,86.6049279736931,WB/UNESCO
LBN,2005,12.99,Lebanon,577.01,28.7626,4602.19804637945,13024.6648924956,10019.9941539617,4910.0,13607.7153484264,9930.0,2.64619994163513,8.42131042480469,10.14000034,4671102.0,,,36.9155197143555,568.86,86.7665156672703,WB/UNESCO
LBN,2006,8.06,Lebanon,648.85,27.26078,4635.2514117486,13003.680803908,10312.3533313145,4870.0,13646.7199264592,10380.0,2.77976989746094,7.69319009780884,15.0,4751136.0,,,38.105541229248,645.3,86.9323508787087,WB/UNESCO
LBN,2007,10.84,Lebanon,661.79,25.33283,5125.25809960149,13941.5614244767,11355.6629751495,5320.0,14679.5289023539,11700.0,2.58357000350952,7.34104013442993,18.74,4844118.0,,,40.4916915893555,655.81,87.1024862269079,WB/UNESCO
LBN,2008,8.73,Lebanon,740.45,28.97518,5912.04532820842,14955.1413563252,12415.9400059893,5860.0,15180.5974101205,12600.0,2.01479005813599,5.86977005004883,22.53,4925354.0,,,41.7746200561523,729.88,87.2769743307677,WB/UNESCO
LBN,2009,5.22,Lebanon,788.92,26.6466,7090.85493856621,16264.3506182706,13586.1444831799,6620.0,17502.243420977,13500.0,1.76570999622345,5.50299978256226,30.13999939,4992287.0,,,41.8963890075684,781.01,87.4558678091878,WB/UNESCO
LBN,2010,12.21,Lebanon,799.05,27.19232,7625.81051551165,17390.7584012958,14703.6153210279,7340.0,18154.5537336886,14510.0,1.61330997943878,5.53428983688354,43.68000031,5041288.0,,,42.1777031083244,776.07,87.6392192810679,WB/UNESCO
LBN,2011,10.83,Lebanon,882.47,26.49415,7834.96257108993,17353.1960845294,14974.553438993,7720.0,17220.6767699864,14880.0,1.65251994132996,5.73380994796753,52.0,5096020.0,,,45.5351218323996,864.76,87.8270813653079,WB/UNESCO
LBN,2012,6.36,Lebanon,1023.86,30.71696,8406.98405608118,17323.3013764282,16121.335238646,8000.0,17772.6573846558,16050.0,2.14902997016907,7.10915994644165,61.24980164,5235742.0,,,44.9326117621184,1020.47,88.0195066808075,WB/UNESCO
LBN,2013,9.79,Lebanon,1099.86,28.74148,8162.37929361396,16396.4969302163,16315.6137748763,7880.0,16946.3467334812,16240.0,2.4339599609375,8.57551956176758,70.5,5743436.0,,,48.3089213263461,1082.25,88.2165478464663,WB/UNESCO
LBN,2014,13.23,Lebanon,1219.11,,7577.6413302369,15205.873265402,16139.8649966955,7440.0,15842.8922596247,15950.0,,,73.0,6346990.0,,,42.9353408813477,1197.19,88.4182574811842,WB/UNESCO
LBN,2015,14.1,Lebanon,1301.39,,7714.1099998804,14980.020515614,17045.898285301,7360.0,16777.8742680223,16870.0,,,74.0,6472469.0,,,39.2905242294107,1276.35,88.6246882038608,WB/UNESCO
LBN,2016,10.33,Lebanon,1472.02,,8089.012088155,15572.3611739774,18940.5901000453,7670.0,17987.8462917185,18640.0,2.17820270841405,7.1489617762739,76.11000061,6323060.0,,,42.5074771456909,1442.71,88.835892633396,WB/UNESCO
LBN,2017,17.29,Lebanon,1561.41,,8608.21084982387,16128.5838196051,20963.8249472533,8260.0,18794.0636320554,20880.0,2.21606844423238,7.14753618338492,78.18080139,6160128.0,,,44.1878772500135,1535.0,89.0519233886895,WB/UNESCO
LBN,2018,22.0,Lebanon,1907.25,,9174.53666204759,16290.0516478592,21985.4884702241,8700.0,18768.1650469939,21540.0,2.6165251225734,8.04745452306935,80.90000153,5984119.0,,,47.2296269060678,1927.89,89.272833088641,WB/UNESCO
LBN,2019,29.13,Lebanon,2096.33,,8905.88005497437,15659.5661040012,21710.4648750807,8630.0,18209.1335290838,21190.0,2.51957250612723,8.14395344750151,81.48120117,5794594.0,,,50.1483937104215,1974.74,89.4986743521503,WB/UNESCO
LBN,2020,31.69,Lebanon,2236.68,,5561.19166950397,12507.4366368078,16259.7051312281,6350.0,14000.7813558575,15740.0,2.4354185601396,9.89828549998226,82.0664978,5702398.0,,,51.5677337643942,2184.85,89.729499798117,WB/UNESCO
LBN,2021,37.07,Lebanon,2207.34,,4045.37391066234,11599.7755083765,11599.7755083765,4770.0,10650.6595402764,10650.0,,,82.65599823,5718122.0,,,56.8657861418168,2130.13,89.965362045441,WB/UNESCO
LBN,2022,43.05,Lebanon,2091.17,,3654.35845534878,11474.7505845558,12290.8925567636,4130.0,9834.37698173903,11710.0,1.33151427628711,8.85817043035745,81.46479797,5744489.0,,,58.1761149059991,1990.44,90.206313713022,WB/UNESCO
LBR,2003,0.5,Liberia,1.0,,239.779556677091,1308.15090140274,715.81824680763,180.0,,570.0,,,0.0318689345450327,3119532.0,,,,1.0,45.0004573003041,WB/UNESCO
LBR,2004,0.0,Liberia,1.42,,284.140223992458,1326.53565502695,745.397861822466,210.0,,610.0,,,0.0310111848040233,3156892.0,,,,1.42,45.4344781497244,WB/UNESCO
LBR,2005,0.0,Liberia,1.08,,287.487333441381,1335.61728880785,774.032567783921,240.0,,650.0,,,0.551400006,3301015.0,,,,1.08,45.8510093035277,WB/UNESCO
LBR,2006,0.0,Liberia,3.55,,320.55808618515,1364.60347323709,815.218917041528,270.0,,700.0,,,0.529999971,3490787.0,,,,2.55,46.2322959899902,WB/UNESCO
LBR,2007,0.0,Liberia,4.15,,374.211308104278,1422.10019670004,872.584645905682,310.0,,770.0,,,0.551400006,3669050.0,,,,4.15,46.6104850769043,WB/UNESCO
LBR,2008,0.0,Liberia,2.14,,451.713856283285,1463.12408187297,915.053599681896,370.0,,830.0,1.70166003704071,6.45407009124756,0.529999971,3821003.0,,,,2.14,47.1080497871025,WB/UNESCO
LBR,2009,0.0,Liberia,2.33,,448.386367025545,1492.99817384053,939.496290255645,410.0,,860.0,,,2.0,3943028.0,,,,2.33,47.6245255922562,WB/UNESCO
LBR,2010,0.0,Liberia,4.36,,492.252808033724,1538.85083488512,980.118139742072,440.0,,890.0,,,2.3,4058890.0,,,9.00753004752703,4.36,48.1407517057907,WB/UNESCO
LBR,2011,0.0,Liberia,9.22,,568.087865520004,1601.03374045996,1040.76141404018,500.0,,990.0,,,2.5,4221178.0,,,,9.22,48.6583302770849,WB/UNESCO
LBR,2012,0.0,Liberia,7.47,31.56345,638.368751462083,1668.97289588776,1156.95319448003,540.0,,1050.0,1.77711999416351,5.18434000015259,2.599999905,4373043.0,,,10.838520055325,7.14,49.1773247639526,WB/UNESCO
LBR,2013,0.5,Liberia,3.46,,710.744570927863,1774.5205777394,1360.12910370155,610.0,,1230.0,1.69078004360199,5.65268993377685,3.200000048,4470239.0,,,,3.46,49.6977986242077,WB/UNESCO
LBR,2014,0.0,Liberia,9.45,,706.714490064507,1750.1438489328,1418.77355515891,620.0,,1270.0,2.20005011558533,6.76014995574951,5.409999847,4564293.0,,,,8.45,50.2198153156642,WB/UNESCO
LBR,2015,0.0,Liberia,10.71,,692.590082351257,1714.09047960464,1340.43279741197,620.0,,1220.0,2.11587468207978,,10.0,4659431.0,,,,10.3,50.7434382961363,WB/UNESCO
LBR,2016,0.33,Liberia,17.19,,714.613063145659,1653.31050211233,1490.33581410026,610.0,,1370.0,2.11479684223088,,15.69999981,4755608.0,,,,17.19,51.2687310234384,WB/UNESCO
LBR,2017,0.53,Liberia,21.09,,699.269095727404,1661.30290782171,1664.94481323565,620.0,,1520.0,2.66330003738403,7.76910018920898,16.29999924,4848925.0,,,,21.09,51.7957569553849,WB/UNESCO
LBR,2018,2.31,Liberia,25.33,,692.203127129794,1647.97443793846,1799.72751397748,620.0,,1570.0,2.50391006469727,7.96435022354126,17.27770042,4944726.0,,,,22.86,52.3245795497906,WB/UNESCO
LBR,2019,1.22,Liberia,21.98,,658.164180770507,1575.76665001238,1899.52200972855,600.0,,1700.0,2.16508193926132,,19.89579964,5043721.0,,,,21.97,52.85526226447,WB/UNESCO
LBR,2020,0.25,Liberia,10.6,,616.787867006715,1497.37692436272,1659.52109145991,570.0,,1510.0,2.13601415111746,,22.91069984,5149463.0,,,,11.24,53.3878685572381,WB/UNESCO
LBR,2021,2.93,Liberia,26.16,,667.96610514319,1539.20892304674,1539.20892304674,630.0,1445.63545247323,1450.0,2.4235999584198,7.36619997024536,26.38229942,5259323.0,,,,25.33,53.9224618859098,WB/UNESCO
LBR,2022,0.0,Liberia,25.91,,744.617175237387,1578.99837069175,1691.30467616419,660.0,,1550.0,2.2760960068702,,30.38010025,5373294.0,,,,27.29,54.4591057083,WB/UNESCO
LBY,2003,0.0,Libya,52.05,,4674.09943200321,18422.7336032405,22662.7242139337,5160.0,,23130.0,,,2.81451798740855,5619398.0,,,58.543701171875,52.05,87.8659880500458,WB/UNESCO
LBY,2004,0.0,Libya,65.62,,5773.76333234281,18851.2039109963,23813.4011506352,5150.0,,23780.0,,,3.53283816154549,5736693.0,,,,66.62,88.0371675280346,WB/UNESCO
LBY,2005,0.33,Libya,77.46,,8079.24957329001,20649.4624580172,26902.8985876684,6760.0,,26620.0,,,3.91779995,5858798.0,,,,78.63,88.135773324416,WB/UNESCO
LBY,2006,0.0,Libya,92.37,,10048.8480434289,21545.2986384419,28935.6615821971,8540.0,,28920.0,,,4.301099777,5980211.0,,,,92.37,88.1599560242948,WB/UNESCO
LBY,2007,0.0,Libya,117.74,,11144.9448413435,22422.0117594762,30928.9422797878,10500.0,,31310.0,,,4.72199937850513,6104380.0,,,,118.16,88.1560287475586,WB/UNESCO
LBY,2008,0.67,Libya,135.11,,13906.1407818125,21915.1976208274,30812.2837277832,12020.0,,31060.0,,,9.0,6235430.0,,,,133.41,88.1474456787109,WB/UNESCO
LBY,2009,0.67,Libya,238.83,,9551.05403869755,20518.9642412838,29027.1468074142,11140.0,,29300.0,,,10.80000019,6366686.0,,,,233.42,88.1345825195312,WB/UNESCO
LBY,2010,1.0,Libya,296.69,,11600.9068649472,21115.5259846154,30234.0918718926,11550.0,22242.3123530634,30220.0,,,14.0,6497839.0,,,,292.68,88.1177139282227,WB/UNESCO
LBY,2011,0.25,Libya,125.53,,7593.8391525702,10741.9206751908,15698.0519072612,6080.0,12549.3697639287,15720.0,,,14.0,6343203.0,,,,123.2,88.0970458984375,WB/UNESCO
LBY,2012,2.75,Libya,152.3,,14975.8902795144,20601.0026641,26826.0729756733,13310.0,24319.7759899466,26270.0,,,15.19999981,6179328.0,,,,146.09,88.0727920532227,WB/UNESCO
LBY,2013,1.04,Libya,203.74,,11951.7134126011,16557.500941665,21151.0051911633,11960.0,19691.5506510359,21030.0,,,16.5,6304628.0,,,,196.02,88.0451431274414,WB/UNESCO
LBY,2014,0.14,Libya,194.48,,8926.42074591474,12499.0829968523,17509.5285087845,9130.0,14601.9378067607,17690.0,,,17.76000023,6427252.0,,,,190.48,88.0142059326172,WB/UNESCO
LBY,2015,3.13,Libya,175.79,,7458.48917756374,12195.3486990421,17903.2565395803,8370.0,12996.3040140272,18360.0,,,25.0,6531819.0,,,,171.2,87.8159103393555,WB/UNESCO
LBY,2016,0.67,Libya,140.44,,7525.80299308216,11831.8257669559,16961.0177111717,7670.0,12021.4291382142,17220.0,,,35.0,6632126.0,,,,136.57,87.8160056703177,WB/UNESCO
LBY,2017,1.03,Libya,162.62,,9965.83236729757,15428.1164411854,18026.0187834008,9760.0,12189.0017679242,18370.0,,,47.5,6738770.0,,,,165.79,87.8166729870528,WB/UNESCO
LBY,2018,1.37,Libya,167.84,,11196.5854810844,16385.164476127,18879.3151301984,11000.0,12718.6188156968,19120.0,,,47.5,6849055.0,,,,155.89,87.818484275334,WB/UNESCO
LBY,2019,1.58,Libya,186.16,,9963.19489084483,14337.1962987582,16194.1082061146,10100.0,10221.2833821143,16620.0,,,71.40409851,6951033.0,,,,186.28,87.8220115209342,WB/UNESCO
LBY,2020,1.0,Libya,245.96,,6650.33810585348,9978.66400110743,10954.799045265,7000.0,10141.3228791517,11140.0,,,74.35810089,7045399.0,,,,251.83,87.8278267096263,WB/UNESCO
LBY,2021,2.11,Libya,456.28,,4935.82787349801,12641.5097714075,12641.5097714075,6950.0,12448.6140194659,12450.0,,,77.438797,7135175.0,,,,458.51,87.8365018271835,WB/UNESCO
LBY,2022,0.17,Libya,407.95,,5986.63694851258,11450.0598552928,12264.4456986569,6010.0,13923.7245048933,12300.0,,,80.64720154,7223805.0,,,,407.68,87.8486088593786,WB/UNESCO
LCA,2003,0.0,Saint Lucia,0.09,,6058.60622059326,18344.5919258071,9707.06818911308,5650.0,,9210.0,3.53449010848999,15.4221601486206,20.9824734633424,162976.0,,,,0.09,26.0119584764195,WB/UNESCO
LCA,2004,0.0,Saint Lucia,1.33,,6494.60034867886,19526.4461369718,10610.2966894983,6300.0,,9920.0,3.43646001815796,15.0410404205322,21.395212362765,164239.0,,,13.3422899246216,1.33,24.8459172882296,WB/UNESCO
LCA,2005,0.0,Saint Lucia,2.35,,6863.43641919345,19303.9921315127,10818.3104253794,6550.0,,10130.0,4.23895978927612,16.3069705963135,21.5675829464215,165450.0,,,12.7918500900269,2.35,23.5419158996884,WB/UNESCO
LCA,2006,0.0,Saint Lucia,2.35,,7611.17856675319,20353.6533720188,11758.3194730218,7210.0,,11250.0,4.69669008255005,19.0113792419434,24.5,166639.0,,,9.52157974243164,2.35,22.2016686292365,WB/UNESCO
LCA,2007,0.0,Saint Lucia,2.38,,7964.38211480117,20559.8974830119,12199.2581145865,7500.0,,11580.0,,,27.89999962,167758.0,,,8.46230983734131,2.38,20.9268897953144,WB/UNESCO
LCA,2008,0.0,Saint Lucia,2.67,,8516.96075488787,21443.2592977841,12968.5457262572,8150.0,,12320.0,4.48353004455566,19.9433708190918,30.0,168808.0,,,15.7249202728272,2.67,19.8192937163625,WB/UNESCO
LCA,2009,0.0,Saint Lucia,2.0,6.3012,8250.52180732734,20706.505527623,12600.20789774,8130.0,,12190.0,3.0676600933075,13.8953199386597,31.0,169869.0,,,17.469539642334,2.0,18.9805947108213,WB/UNESCO
LCA,2010,0.0,Saint Lucia,2.78,4.5958,8673.68720340529,20648.7861045765,12717.7865962746,8240.0,,12380.0,3.4828999042511,14.2020797729492,32.5,170906.0,,,12.4684000015259,1.78,18.5125070971313,WB/UNESCO
LCA,2011,0.4,Saint Lucia,4.99,5.0111,9128.99442011613,21430.0225948015,13471.2666355799,8890.0,,13300.0,3.5988199710846,13.8367595672607,34.0,171801.0,,,16.2693996429443,4.99,18.4743479557314,WB/UNESCO
LCA,2012,0.0,Saint Lucia,0.75,,9260.30006551714,21309.2251296295,13443.4262512467,9000.0,,13130.0,3.29098010063171,12.1924495697022,45.865,172587.0,,,10.2734699249268,0.75,18.6193081275177,WB/UNESCO
LCA,2013,0.0,Saint Lucia,3.7,,9577.21733754358,20827.2886025849,14009.9844560139,8710.0,,13180.0,3.87661004066467,13.8478603363037,49.3871994,173369.0,,,14.0192003250122,3.7,18.9258370999948,WB/UNESCO
LCA,2014,0.0,Saint Lucia,0.16,,10044.8218377677,21010.6981919895,14403.0832732506,9040.0,,13530.0,3.89103007316589,15.3015203475952,53.17969894,174138.0,,,17.0831794738769,0.16,19.3915445904726,WB/UNESCO
LCA,2015,0.0,Saint Lucia,3.11,,10334.9860823918,20939.8810312364,14353.2224845845,9020.0,,13160.0,3.88088011741638,16.4529800415039,57.26330185,174905.0,,,17.0301094055176,2.78,20.0204288176073,WB/UNESCO
LCA,2016,0.0,Saint Lucia,4.9,,10638.1269396653,21566.3058799575,15306.7258058706,9710.0,,14400.0,5.20954990386963,21.975700378418,58.22259903,175646.0,,,19.7992000579834,4.9,20.8164880000551,WB/UNESCO
LCA,2017,0.0,Saint Lucia,2.42,,11333.1123822102,22207.2131041263,16130.9721097011,10260.0,,15180.0,3.6273152206015,14.099736251264,59.16009903,176342.0,,,20.7471294403076,3.25,21.783720356472,WB/UNESCO
LCA,2018,0.0,Saint Lucia,4.09,0.0,11642.6984727769,22761.1613461447,17433.3010328737,11060.0,,16570.0,3.33277988433838,14.3067197799683,60.11259842,177017.0,,,14.6563596725464,2.4,22.9261241055144,WB/UNESCO
LCA,2019,0.0,Saint Lucia,4.07,,11764.3944032403,22445.2080507874,18662.8504698815,11060.0,,17550.0,3.27267003059387,14.0734395980835,61.08050156,177661.0,,,15.9467096328735,3.92,24.2476974658382,WB/UNESCO
LCA,2020,0.0,Saint Lucia,3.06,,8537.11495506727,17247.9578674753,15135.6187398708,8700.0,,14780.0,3.61522006988525,14.3932695388794,62.06399918,178250.0,,,16.8199691772461,3.09,25.7524386560998,WB/UNESCO
LCA,2021,0.0,Saint Lucia,4.93,,10481.1233971786,19141.3272253168,19141.3272253168,10030.0,18660.5207279113,18660.0,5.86197746335882,14.4675863414941,63.06330109,178522.0,,,,3.84,27.4443458949551,WB/UNESCO
LCA,2022,0.0,Saint Lucia,4.69,,12976.1489693474,22811.2524480383,24433.7034481087,11680.0,,22320.0,4.64235019683838,16.8981609344482,66.95159912,178781.0,,,16.1808795928955,4.19,29.097678526676,WB/UNESCO
LIE,2003,0.0,Liechtenstein,16.02,12.86868,90108.3673647008,,,68640.0,,,2.4601399898529,,58.8096918372148,34079.0,,,20.7547206878662,15.74,14.7291064332791,WB/UNESCO
LIE,2004,0.0,Liechtenstein,20.79,13.88673,100280.831356705,,,78690.0,,,2.43333005905151,,64.0074481394199,34447.0,,,24.6068496704102,19.35,14.6574624864307,WB/UNESCO
LIE,2005,1.0,Liechtenstein,34.57,,105295.057027611,,,92620.0,,,,,63.37139893,34753.0,,,24.4774703979492,34.43,14.594120964481,WB/UNESCO
LIE,2006,0.67,Liechtenstein,35.42,9.07011,114167.939211301,,,103870.0,,,2.05380988121033,,64.21420288,35037.0,,,29.81715965271,34.67,14.5394671726401,WB/UNESCO
LIE,2007,0.0,Liechtenstein,25.08,9.09177,130492.595349517,,,112050.0,,,1.92119002342224,,65.0802002,35262.0,,,31.5962390899658,25.08,14.4938864161177,WB/UNESCO
LIE,2008,0.0,Liechtenstein,39.95,,143249.227302093,,,121890.0,,,2.04836988449097,,70.0,35473.0,,,36.7309494018555,39.62,14.4577640001239,WB/UNESCO
LIE,2009,0.0,Liechtenstein,23.71,,126024.714567466,,,116380.0,,,,,75.0,35742.0,,,34.4922218322754,22.71,14.4314852298684,WB/UNESCO
LIE,2010,0.0,Liechtenstein,37.86,,141089.812849014,,,,,,,,80.0,36022.0,,,36.018310546875,36.57,14.4154354105611,WB/UNESCO
LIE,2011,0.0,Liechtenstein,38.97,,158066.369379163,,,,,,2.55604004859924,,85.0,36312.0,,,43.6750984191895,38.22,14.4099998474121,WB/UNESCO
LIE,2012,0.0,Liechtenstein,30.76,,148842.035144342,,,,,,,,89.40769958,36657.0,,,42.4966812133789,30.01,14.4124545370445,WB/UNESCO
LIE,2013,0.0,Liechtenstein,31.48,,172823.607794648,,,,,,,,93.80000305,36984.0,,,,31.48,14.4201755971624,WB/UNESCO
LIE,2014,0.0,Liechtenstein,40.29,,178735.153020908,,,,,,,,95.20999908,37248.0,,,37.4887084960938,39.89,14.4336985145967,WB/UNESCO
LIE,2015,1.0,Liechtenstein,32.83,,167187.15730982,,,,,,,,96.6411972,37494.0,,,33.5420417785645,32.83,14.4535587761782,WB/UNESCO
LIE,2016,1.0,Liechtenstein,45.34,,165375.491396259,,,,,,,,98.09390259,37716.0,,,35.0226211547852,44.91,14.4802918687379,WB/UNESCO
LIE,2017,0.0,Liechtenstein,36.1,,170547.092298954,,,,,,,,99.54660034,37962.0,,,35.6219291687012,36.1,14.5144332791067,WB/UNESCO
LIE,2018,1.2,Liechtenstein,30.99,,174988.775083446,,,,,,,,,38246.0,,,38.3002700805664,30.99,14.5565184941154,WB/UNESCO
LIE,2019,0.84,Liechtenstein,31.85,,166907.839305016,,,,,,,,93.14610291,38563.0,5.86833,20047.04652,41.1658401489258,30.72,14.6070830005951,WB/UNESCO
LIE,2020,1.48,Liechtenstein,40.39,,164671.093553454,,,,,,,,94.34999847,38901.0,,,42.5986099243164,37.06,14.6666622853765,WB/UNESCO
LIE,2021,0.93,Liechtenstein,40.21,,201944.830335076,,,,,,,,95.56939697,39182.0,,,46.0189590454102,43.26,14.6989159370696,WB/UNESCO
LIE,2022,0.73,Liechtenstein,40.79,,188055.003235348,,,,,,,,97.88069916,39493.0,,,,44.58,14.6923070071538,WB/UNESCO
LKA,2003,1.96,Sri Lanka,264.86,,946.382255128072,6741.01248848024,4849.860234461,910.0,6522.30509145454,4810.0,,,1.45858022842408,19951521.0,,,,261.07,14.7256630416211,WB/UNESCO
LKA,2004,0.5,Sri Lanka,265.29,,1028.62068132555,7059.91098067102,5215.8802444029,1030.0,6676.69920858481,5170.0,,,1.44615998041486,20087605.0,0.1821,133.79126,,266.34,14.9130061059922,WB/UNESCO
LKA,2005,0.9,Sri Lanka,335.67,,1207.21994764165,7452.7423412297,5678.74647772829,1170.0,6956.13955859102,5620.0,,,1.792000055,20216524.0,,,,327.55,15.167273918248,WB/UNESCO
LKA,2006,1.18,Sri Lanka,388.76,,1388.89739119932,7970.6649101939,6260.67990157292,1320.0,7341.2577125788,6190.0,,,2.53756612897332,20352411.0,0.1742,90.37763,,385.13,15.4829275281105,WB/UNESCO
LKA,2007,1.0,Sri Lanka,437.51,,1578.63451125392,8454.20675331505,6820.39309993594,1500.0,7788.61996055321,6760.0,,,3.88,20492545.0,,,,434.53,15.8544279853018,WB/UNESCO
LKA,2008,1.75,Sri Lanka,512.94,,1973.58476901287,8897.82686005016,7316.58626483833,1740.0,7926.60008818064,7170.0,,,4.824500084,20629378.0,0.11444,95.90583,,510.64,16.2762363395441,WB/UNESCO
LKA,2009,2.5,Sri Lanka,486.54,18.19491,2026.65939950702,9156.31906481264,7575.57988731185,1950.0,8852.8425631272,7500.0,2.05590009689331,8.27079010009766,5.868500233,20756435.0,,,,475.67,16.7428136405592,WB/UNESCO
LKA,2010,3.52,Sri Lanka,504.44,16.42822,2808.36245207687,9832.18622335265,8233.62663784454,2360.0,,8150.0,1.66176998615265,8.6056604385376,6.912399769,20879089.0,0.13241,102.80578,15.8440563450578,498.53,17.2486209380693,WB/UNESCO
LKA,2011,1.5,Sri Lanka,570.82,17.75958,3224.95745082305,10618.4925999722,9075.54549583927,2830.0,,8990.0,1.74292004108429,9.1101598739624,7.956399918,21009048.0,,,14.6727189156336,566.15,17.7881192817964,WB/UNESCO
LKA,2012,6.75,Sri Lanka,608.18,18.72904,3327.77612404326,11447.6937737782,10249.1670637487,3340.0,,10070.0,1.45343005657196,8.39402961730957,9.00039959,21169458.0,,,16.322805343317,598.32,18.2617686748284,WB/UNESCO
LKA,2013,4.11,Sri Lanka,732.88,21.12484,3739.43182292825,12249.7223347846,11252.6311492148,3630.0,,11000.0,1.5645899772644,9.41994953155518,10.04440022,20585000.0,0.0973,107.04016,17.7655041707891,723.02,18.4323136480916,WB/UNESCO
LKA,2014,2.54,Sri Lanka,705.68,20.16606,3972.04377042271,12909.9663068113,11720.5978109851,3810.0,,11460.0,1.85859000682831,10.8239603042603,10.5000026214106,20778000.0,0.09605,95.87685,17.8701919678234,697.25,18.6153877203724,WB/UNESCO
LKA,2015,4.17,Sri Lanka,753.68,19.38278,4057.71582716521,13329.779343882,12227.171484965,3920.0,13171.7690527571,11940.0,2.10998010635376,10.9502601623535,15.26249981,20970000.0,0.10291,102.40151,18.1726459197686,740.11,18.796256612131,WB/UNESCO
LKA,2016,6.62,Sri Lanka,1124.15,12.12355,4149.19189391879,13845.6146782218,13078.5605089011,4020.0,13772.1400803146,12750.0,3.22929000854492,17.728759765625,22.19,21209000.0,0.12034,102.9348,17.1510485178135,1109.87,18.9747679368162,WB/UNESCO
LKA,2017,7.72,Sri Lanka,1189.29,12.96432,4398.88828786059,14572.4858214616,13610.4723136277,4220.0,14498.5325629902,13280.0,2.59316992759705,14.4997596740723,25.07550049,21453000.0,0.11818,102.17296,17.1941300290821,1270.75,19.1507693078088,WB/UNESCO
LKA,2018,9.76,Sri Lanka,1458.51,20.74192,4358.56095905888,14759.8248945226,14178.0225361835,4350.0,14594.2688413302,13820.0,1.98781001567841,11.3309001922607,28.33620071,21670000.0,0.11949,101.11335,17.8869756778112,1434.87,19.3241083384127,WB/UNESCO
LKA,2019,10.3,Sri Lanka,1707.05,,4081.94772178134,14637.4442912676,14112.9525042604,4220.0,14414.3730485258,13720.0,,,32.02090073,21803000.0,,,19.4563160693078,1549.89,19.4946326418437,WB/UNESCO
LKA,2020,14.46,Sri Lanka,1795.73,,3847.60136741182,13886.6513728689,12940.9043296014,3880.0,13782.2024622148,12590.0,1.55792392223723,5.46859160083623,36.18473435,21919000.0,0.11616,100.80931,20.1614879343022,1789.35,19.6621898312161,WB/UNESCO
LKA,2021,18.59,Sri Lanka,2392.5,,3996.96240531688,14316.1352225567,14316.1352225567,4010.0,13994.6227893156,13990.0,1.50650579603928,5.03881234087412,44.45308724,22156000.0,,,20.7824292013914,2410.12,19.8266275195269,WB/UNESCO
LKA,2022,18.65,Sri Lanka,2482.89,,3342.63650438046,13249.0650505201,14191.4051912109,3620.0,12617.5690585809,13830.0,1.20397218661186,5.34583042566108,48.3,22181000.0,0.10506,94.4866,22.3679922774735,2498.12,19.9877933196367,WB/UNESCO
LSO,2003,0.0,Lesotho,6.43,,583.270036200288,2127.37302160132,1484.0958444817,680.0,,2120.0,13.2195701599121,31.5068492889404,1.53249659019509,1985059.0,0.04295,7.53445,2.70279002189636,5.43,21.1231084926925,WB/UNESCO
LSO,2004,0.0,Lesotho,5.38,,766.685820928242,2178.66474674332,1560.74877549141,820.0,,2140.0,11.1090097427368,27.1636009216309,2.17552433931097,1971129.0,0.05532,10.10478,,5.38,21.7993659097494,WB/UNESCO
LSO,2005,0.0,Lesotho,7.03,36.44391,861.381496414995,2275.01614419256,1680.87364078529,1040.0,,2180.0,12.0796604156494,32.5390510559082,2.580199957,1953076.0,,,3.44801998138428,5.28,22.5317981562788,WB/UNESCO
LSO,2006,0.0,Lesotho,11.92,36.81825,925.467485502842,2381.02024562073,1813.44440724494,1160.0,,2260.0,11.2712802886963,28.9593200683594,2.97970818724486,1945063.0,,,3.67536997795105,11.67,23.3329886243114,WB/UNESCO
LSO,2007,0.0,Lesotho,9.75,,861.188420899563,2470.31462127885,1932.42666217849,1320.0,2920.52415250975,2690.0,,,3.44543125970873,1953268.0,,,,9.75,24.2187949905661,WB/UNESCO
LSO,2008,0.0,Lesotho,11.92,36.38363,898.482517882593,2589.16635854686,2064.4231120691,1310.0,3062.26754745511,2800.0,12.3287401199341,24.2185802459717,3.58,1966541.0,,,,11.92,25.1966303659683,WB/UNESCO
LSO,2009,0.0,Lesotho,11.45,,878.847950537772,2538.19341751854,2036.26308569698,1190.0,2791.83795357445,2680.0,,,3.72,1980883.0,0.0291,23.20733,,8.78,26.2591028264855,WB/UNESCO
LSO,2010,0.67,Lesotho,12.18,,1119.47557793042,2651.37804898226,2152.91528282732,1270.0,2916.10934295237,2770.0,,,3.859999895,1996251.0,,,,12.18,27.4004815007995,WB/UNESCO
LSO,2011,0.0,Lesotho,14.64,,1280.73390931581,2749.31958166573,2278.50142791066,1350.0,2939.13562229034,2730.0,,,7.0,2014009.0,0.01255,5.93738,,14.64,28.6150355175921,WB/UNESCO
LSO,2012,0.0,Lesotho,21.26,,1217.93071228944,2894.22705048142,2291.4956531127,1490.0,2910.6226838166,2680.0,,,10.0,2034354.0,,,10.8528418132462,21.26,29.8970340055453,WB/UNESCO
LSO,2013,0.6,Lesotho,15.19,,1151.03735837227,2914.37515966739,2538.26310306049,1440.0,2955.86813523366,2920.0,,,15.0,2056504.0,,,10.4558385996916,15.02,31.2407460933407,WB/UNESCO
LSO,2014,0.0,Lesotho,11.63,,1173.5377928819,2930.61724036206,2771.24496867163,1330.0,3048.04769240205,3090.0,,,22.0,2080089.0,,,10.4168970963646,11.63,32.6404409096604,WB/UNESCO
LSO,2015,0.0,Lesotho,16.51,,1121.19851342518,2986.95866729879,3034.64692924848,1280.0,3230.43150572146,3390.0,7.64272055728181,13.9359949609962,25.0,2104611.0,0.05101,23.73201,9.72517754374624,16.04,34.0903875831861,WB/UNESCO
LSO,2016,0.0,Lesotho,21.59,,992.491840678465,3057.26091568162,2942.18153663921,1240.0,3227.57610625436,3340.0,7.55247411216023,13.9976402445565,32.4538569477365,2130422.0,,,,21.42,35.5077950709441,WB/UNESCO
LSO,2017,0.0,Lesotho,24.87,,1069.36673247542,2924.68096193272,2618.81820770145,1160.0,2975.81144625463,2970.0,8.1553201675415,15.115309715271,39.0,2157110.0,,,10.3130654092878,23.87,36.5283648068846,WB/UNESCO
LSO,2018,0.0,Lesotho,21.11,7.40778,1170.65569702819,2846.41828124649,2632.28775223004,1250.0,3167.63089050118,3130.0,7.28360986709595,14.0853500366211,40.79999924,2183603.0,,,9.93844298033582,20.66,37.569092747415,WB/UNESCO
LSO,2019,0.0,Lesotho,37.74,,1082.05706777516,2773.28639887236,2568.34114362719,1290.0,3121.93696802079,3030.0,,,42.301733569273,2209405.0,,,,39.21,38.6040920446259,WB/UNESCO
LSO,2020,0.17,Lesotho,34.31,,918.582574704447,2517.11044486593,2559.09776077846,1170.0,2974.13242618795,3040.0,,,43.65750122,2235727.0,,,,34.73,39.6329305425532,WB/UNESCO
LSO,2021,0.39,Lesotho,43.94,,1066.58645143823,2544.78249551214,2544.78249551214,1190.0,2968.25163235752,2970.0,,,45.05670166,2261542.0,,,,42.41,40.6551760851997,WB/UNESCO
LSO,2022,0.29,Lesotho,47.96,,1030.12582947757,2577.54544127769,2760.87343646139,1270.0,3037.90433602356,3310.0,,,48.06959915,2286110.0,,,,47.35,41.6703965165322,WB/UNESCO
LTU,2003,1.69,Lithuania,969.21,19.28705,5507.47434187652,20310.7119582322,11659.8787391334,4700.0,19508.1337095781,11370.0,5.1067099571228,15.561240196228,25.91,3415213.0,0.66316,1924.81452,69.6304168701172,963.16,66.7596664428711,WB/UNESCO
LTU,2004,8.06,Lithuania,1271.25,20.47461,6734.57487061946,21875.6085796224,12605.0201901971,6020.0,21881.3848574119,12310.0,5.14797019958496,15.1882801055908,31.23,3377075.0,0.74758,2164.46077,74.9013824462891,1295.75,66.6022567749023,WB/UNESCO
LTU,2005,5.27,Lithuania,1523.8,20.99424,7857.03148786492,23953.8150681702,13951.3261880977,7580.0,24235.5273375085,13720.0,4.87698984146118,14.3004703521728,36.22,3322528.0,0.74799,2276.39834,79.7298126220703,1587.29,66.5784912109375,WB/UNESCO
LTU,2006,3.36,Lithuania,1771.04,20.57252,9210.10118229413,26139.2837773621,15522.3579257294,8810.0,25912.0754807565,15210.0,4.83653020858765,14.0492401123047,43.9,3269909.0,0.79381,2425.77892,82.4531784057617,1846.33,66.6381530761719,WB/UNESCO
LTU,2007,3.16,Lithuania,1701.79,21.74303,12295.1212779366,29381.9521464971,17968.6445835063,10590.0,28815.9806651671,17270.0,4.59159994125366,13.0200901031494,49.9,3231294.0,0.80111,2605.27005,82.5158309936523,1764.9,66.7184982299805,WB/UNESCO
LTU,2008,2.63,Lithuania,2532.98,21.20481,14955.5345462921,30457.3682543436,19410.0077598903,12670.0,30683.2242958062,18800.0,4.83649015426636,12.6924200057983,55.22,3198231.0,0.78876,2624.8157,85.7450866699219,2394.19,66.7527770996094,WB/UNESCO
LTU,2009,3.23,Lithuania,2297.94,20.14574,11854.3711053096,26227.5230201039,17054.6365568486,12480.0,27304.1815300085,17440.0,5.56941986083984,12.4246501922607,59.76,3162916.0,0.82848,2666.31995,89.2521667480469,2198.13,66.7816619873047,WB/UNESCO
LTU,2010,5.52,Lithuania,2338.86,23.56181,11829.122609457,26897.7243702338,18718.9043711358,12430.0,27266.4762343767,18600.0,5.36880016326904,12.4795799255371,62.12,3097282.0,0.79379,2736.49225,86.5725708007812,2253.58,66.7712860107422,WB/UNESCO
LTU,2011,2.85,Lithuania,2443.84,28.45486,14261.8433787325,29251.8774718539,21557.6567458052,13200.0,28764.2851648888,20920.0,5.15469980239868,12.8635301589966,63.6399774002179,3028115.0,0.90998,2748.0311,84.0555877685547,2348.1,66.7518340055756,WB/UNESCO
LTU,2012,3.84,Lithuania,2247.28,28.98261,14288.1853493139,30932.0983180261,23275.2517553588,14040.0,30160.5488971978,22550.0,4.78232002258301,13.0653696060181,67.2299893276414,2989139.0,0.8976,2670.60517,79.7516326904297,2149.74,66.8536758422852,WB/UNESCO
LTU,2013,1.78,Lithuania,2240.39,28.7617,15636.5252586048,32487.0008217277,24889.8726227818,15310.0,31901.2039417334,24350.0,4.62416982650757,12.9393701553345,68.4529,2961250.0,0.95322,2878.7497,74.3968200683594,2164.09,67.0092086791992,WB/UNESCO
LTU,2014,9.34,Lithuania,2444.28,29.6144,16446.1647181663,33988.0148951198,26274.7488764946,16020.0,33909.543971634,25970.0,4.5076699256897,12.8765802383423,72.1335378644566,2937253.0,1.03495,3082.27902,72.034538269043,2294.99,67.1514937628023,WB/UNESCO
LTU,2015,7.39,Lithuania,2474.04,27.85941,14269.8039878287,35264.7149248316,26948.5919371645,15220.0,34999.7898840725,25990.0,4.21646022796631,11.9786996841431,71.3780590101754,2911109.0,1.04077,2794.92116,72.1163330078125,2341.54,67.2282485961914,WB/UNESCO
LTU,2016,10.89,Lithuania,2335.81,20.5208,14934.2702840428,36632.0832798438,28698.9887868061,14890.0,36791.8108601386,27690.0,4.01143980026245,11.6387796401978,74.3766455618662,2877325.0,0.84391,2950.39665,74.0858306884766,2207.1,67.1894226074219,WB/UNESCO
LTU,2017,14.92,Lithuania,2400.43,,16800.1510246099,38789.2463179035,31305.0436934372,15260.0,38937.5062222899,30190.0,3.81236004829407,11.4245300292969,77.6152565124514,2842639.0,0.8963,3068.33424,76.5389785766602,2264.63,67.1012954711914,WB/UNESCO
LTU,2018,22.38,Lithuania,2353.94,,19247.2315367967,41035.4018152732,36491.9385223689,17550.0,40970.7929726826,35390.0,3.85628008842468,11.4129495620728,79.7225827680518,2819200.0,0.92781,3180.95498,77.3577728271484,2191.66,67.1464742010457,WB/UNESCO
LTU,2019,29.23,Lithuania,2594.62,,19608.7943945553,43078.7118585461,40563.8304884555,19200.0,43233.9600869921,39310.0,3.9415500164032,11.3775901794434,81.5818683764046,2811089.0,0.98701,3445.30515,75.0942306518555,2454.63,67.245735168457,WB/UNESCO
LTU,2020,43.02,Lithuania,2888.91,,20428.6478157394,43108.1976060283,41262.7276941725,19800.0,43761.647343502,40160.0,4.47348022460938,10.5641403198242,83.05554724,2810369.0,1.12379,3643.24539,73.5892868041992,2594.05,67.4254608154297,WB/UNESCO
LTU,2021,45.64,Lithuania,3102.55,,23882.8668916753,45897.3715026327,45897.3715026327,22040.0,44359.1625817121,44360.0,4.23977994918823,11.3599901199341,86.93054425,2808380.0,1.10044,3946.51068,75.0314712524414,2694.9,68.1912117004395,WB/UNESCO
LTU,2022,61.85,Lithuania,3132.62,,24946.5724005188,46642.5947251086,50653.3394443751,23840.0,42158.6828207934,48650.0,4.25285005569458,11.7303800582886,87.72420219,2831639.0,1.05289,4153.6584,76.9154586791992,2698.05,68.2866452426813,WB/UNESCO
LUX,2003,2.33,Luxembourg,88.93,,65689.3214536911,120403.002017933,60192.1759452336,46050.0,80875.7882255915,48730.0,,,54.55,451630.0,1.6235,4345.49954,12.0609903335571,88.93,85.5906295073034,WB/UNESCO
LUX,2004,1.0,Luxembourg,156.39,,76544.9170868473,123725.755122536,64685.7286866435,62680.0,93081.364106252,58370.0,,,65.88,458095.0,1.58819,4461.66893,,154.78,85.9799097226846,WB/UNESCO
LUX,2005,2.38,Luxembourg,165.29,,80988.2044869403,124871.952523256,68787.9115407203,73180.0,95775.1263382207,62650.0,,,70.0,465158.0,1.55873,4826.35315,,163.39,86.3735649102561,WB/UNESCO
LUX,2006,3.2,Luxembourg,204.56,,90788.8164271049,130290.174082751,78861.1799499563,71370.0,91278.3500296767,63150.0,,,72.51,472637.0,1.64886,4377.13881,9.85431003570557,203.72,86.7738936810355,WB/UNESCO
LUX,2007,4.14,Luxembourg,220.51,,107475.320297978,138683.319852878,85126.1393867018,85730.0,102557.448248485,72370.0,,,78.92,479993.0,1.57165,4618.93667,,229.15,87.1831946460401,WB/UNESCO
LUX,2008,2.98,Luxembourg,323.29,,120422.137934157,135814.608862354,90970.7211980147,86000.0,95917.4261788535,71210.0,,,82.23,488650.0,1.54663,4725.37233,10.6716299057007,321.72,87.6037664162874,WB/UNESCO
LUX,2009,4.18,Luxembourg,395.45,,109419.746953106,129004.508948877,86918.5909104052,70650.0,74609.8082456259,55430.0,,,87.31,497783.0,1.58839,4852.27924,,395.32,88.0379076027949,WB/UNESCO
LUX,2010,12.99,Luxembourg,452.89,,110885.991378721,131434.360018803,90336.0184704033,77640.0,83381.2696318621,61390.0,,,90.62,506953.0,1.42373,5200.13851,18.2021293640137,448.35,88.48791681658,WB/UNESCO
LUX,2011,13.45,Luxembourg,587.83,,119025.057203467,129887.626962873,94475.0302265023,79210.0,84677.8439590377,65490.0,,,90.0298585646936,518347.0,1.42453,5525.72816,,587.97,88.9562814837254,WB/UNESCO
LUX,2012,18.54,Luxembourg,593.83,0.11096,112584.676270958,128897.403218507,96636.426643956,87950.0,93886.717646455,74230.0,3.87815999984741,9.27455043792725,91.9499237417387,530946.0,1.20664,4401.98152,19.117790222168,587.38,89.4405768017292,WB/UNESCO
LUX,2013,23.77,Luxembourg,765.94,,120000.140729859,129947.336184196,100925.011992241,85160.0,89115.001849205,72410.0,,,93.7765,543360.0,1.23381,4661.60191,,759.01,89.9413746679705,WB/UNESCO
LUX,2014,24.38,Luxembourg,876.26,12.64924,123678.706919314,130249.550482759,105296.288654407,86760.0,91900.7658727429,76490.0,3.85569000244141,9.49374008178711,94.6702052774766,556319.0,1.217,4782.93933,,870.55,90.4577807676859,WB/UNESCO
LUX,2015,23.9,Luxembourg,816.06,13.10114,105462.012584423,130097.338289025,107859.685999308,73530.0,81728.1043094265,69410.0,3.76792001724243,9.33442974090576,96.3767141704759,569604.0,1.25226,4636.38043,20.2907104492188,806.07,90.9893679353068,WB/UNESCO
LUX,2016,27.11,Luxembourg,874.4,,106899.293549552,133661.734541281,113365.176082265,73730.0,84833.6592463065,75120.0,,,98.1366986657616,582014.0,1.2669,4802.1785,19.9203605651856,875.81,91.5357090052649,WB/UNESCO
LUX,2017,26.49,Luxembourg,831.12,,110193.213797228,132169.829576174,114985.842235989,75800.0,90580.0039191554,82300.0,3.48645997047424,8.44626045227051,97.3629603241751,596336.0,1.23898,4969.23004,19.5990200042725,833.15,92.0963768119916,WB/UNESCO
LUX,2018,22.96,Luxembourg,911.61,,116926.759593905,131733.884471489,116638.414163882,80120.0,90495.5183688046,83480.0,3.65772008895874,8.64328002929688,97.061298705829,607950.0,1.17039,4754.92191,19.3915195465088,891.22,92.6709441899184,WB/UNESCO
LUX,2019,28.6,Luxembourg,955.34,,112696.649059674,132724.754668303,121371.73990307,79280.0,86258.6959833515,83210.0,3.73705005645752,8.67642974853516,97.120635693272,620001.0,1.18209,5090.81552,19.3969497680664,930.55,93.2589839734767,WB/UNESCO
LUX,2020,33.72,Luxembourg,980.18,,116860.02817236,129865.631871124,122066.739147202,80090.0,86955.6617128735,84630.0,3.85499000549316,8.19499015808105,98.45962893,630419.0,1.09627,4920.65038,19.961389541626,962.87,93.8600689970981,WB/UNESCO
LUX,2021,34.58,Luxembourg,1075.91,,134965.815442152,136772.443753292,136772.443753292,86850.0,92640.9334912875,92640.0,3.68531990051269,8.69032955169678,98.66086333,640064.0,1.03153,4939.08633,20.7341499328613,1048.94,94.5861743396533,WB/UNESCO
LUX,2022,42.6,Luxembourg,1170.6,,123719.658915996,132570.832272626,146919.145398495,84190.0,85215.7516292555,95070.0,3.74451994895935,8.45038032531738,98.24203749,653103.0,1.0653,5311.53147,21.032600402832,1158.62,94.7605400940185,WB/UNESCO
LVA,2003,0.85,Latvia,292.97,13.87419,4914.57992829302,18717.6675525538,10193.2381015054,4530.0,17098.7314286378,10140.0,5.2944598197937,15.3767595291138,26.98,2287955.0,0.37616,1392.33083,71.0342407226562,294.77,67.9493840506358,WB/UNESCO
LVA,2004,0.92,Latvia,301.42,13.44828,6109.73265186817,20574.118201251,11319.1462699913,5610.0,18626.7745032297,11080.0,5.04684019088745,14.5018100738525,38.58,2263122.0,0.41593,1459.48929,74.6085586547852,306.25,67.9206702831277,WB/UNESCO
LVA,2005,1.83,Latvia,455.19,,7283.78738127622,23213.3539355881,12825.873779559,7120.0,21137.407348655,12690.0,,,46.0,2238799.0,0.54958,1458.12295,75.4191970825195,460.53,67.8953910570353,WB/UNESCO
LVA,2006,1.0,Latvia,396.55,17.92301,9211.7374468148,26431.8140222767,14180.0017761877,8590.0,23684.9996176089,13810.0,4.94490003585815,13.9116296768188,53.63,2218357.0,0.68285,1765.58108,74.5965118408203,404.35,67.873733661714,WB/UNESCO
LVA,2007,0.84,Latvia,501.77,18.59129,13370.9789452508,29423.7371235063,16245.5340994603,10730.0,27191.2772453363,15740.0,4.89059019088745,14.0670499801636,59.17,2200325.0,0.58167,1881.56079,73.0432968139648,481.13,67.8558853865191,WB/UNESCO
LVA,2008,2.39,Latvia,651.28,17.33077,15677.6080864506,28726.9722869522,17443.3912910988,12830.0,26917.2475817203,17210.0,5.63671016693115,14.7630996704102,63.41,2177322.0,0.60627,1993.41671,72.3635406494141,642.74,67.8420335208058,WB/UNESCO
LVA,2009,0.83,Latvia,713.04,13.95755,11996.0322729773,24520.6791475489,15545.0821339945,13360.0,24977.1328480055,16660.0,5.67728996276855,13.0251398086548,66.84,2141669.0,0.46114,1673.90361,73.0548934936523,706.98,67.8323653539295,WB/UNESCO
LVA,2010,1.2,Latvia,810.5,15.88385,11188.4191700977,24119.7307848939,16373.4037320495,12250.0,23130.2472480171,16540.0,5.14355993270874,11.8090295791626,68.42,2097555.0,0.6183,1836.97506,69.0510406494141,801.35,67.8270681752453,WB/UNESCO
LVA,2011,0.0,Latvia,1270.69,20.47037,12902.574053337,25308.7322074626,17680.4939630507,12470.0,24391.5387125359,17660.0,5.24315977096558,12.7153100967407,69.7499545592245,2059709.0,0.73982,1902.3667,67.9534683227539,1264.06,67.8266897008267,WB/UNESCO
LVA,2012,1.83,Latvia,1147.24,20.69326,13329.3499931271,27496.5454583635,19416.5167382125,13430.0,25838.8219277182,19280.0,6.83852005004883,17.7365493774414,73.1199437663748,2034319.0,0.68884,1908.95404,66.6435470581055,1132.91,67.8331638942219,WB/UNESCO
LVA,2013,3.45,Latvia,1192.04,19.45432,14484.4715282132,28375.1842887263,20473.5243706913,14340.0,26902.6926652618,20430.0,7.24962997436523,18.7440204620361,75.2344,2012647.0,0.63536,1790.85926,69.0765991210938,1177.8,67.847334482933,WB/UNESCO
LVA,2014,5.97,Latvia,1163.27,21.31183,15185.814581236,29243.7412502629,21553.6623204436,14810.0,27684.8009977047,21580.0,5.47479009628296,13.9723701477051,75.8261041383556,1993782.0,0.71433,1872.26628,70.8979415893555,1147.12,67.8686035364944,WB/UNESCO
LVA,2015,7.13,Latvia,1398.7,22.0921,13321.9753140616,30599.6133134147,22543.9183164105,14580.0,28893.9126640554,22430.0,5.46670007705688,14.1274099349976,79.2005829239344,1977527.0,0.641,1818.82619,74.2998809814453,1384.1,67.8965395668259,WB/UNESCO
LVA,2016,2.38,Latvia,1347.95,16.04117,13838.5266823272,31668.5148442662,24063.4511245109,14300.0,30592.9440087183,24030.0,4.82350015640259,12.89328956604,79.8420977843089,1959537.0,0.45065,1600.57848,80.6048126220703,1328.07,67.9307110858472,WB/UNESCO
LVA,2017,3.14,Latvia,1557.08,,15132.4958333982,33036.3915943437,25763.9907709703,14360.0,31955.7529868964,25690.0,4.52905988693237,11.9712800979614,80.1140770037369,1942248.0,0.53004,1785.24003,88.0574264526367,1540.52,67.9706866054779,WB/UNESCO
LVA,2018,7.76,Latvia,1448.69,,17252.1710428626,34729.7062763057,29817.8047263182,16010.0,33514.8889086578,29330.0,4.39430999755859,11.1525402069092,83.5771748630956,1927174.0,0.66138,1786.2773,93.0244827270508,1448.65,68.0160346376376,WB/UNESCO
LVA,2019,7.7,Latvia,1603.35,,17294.9751600969,35208.1934590859,32199.0960377091,17010.0,34715.3406556527,31740.0,4.58675003051758,11.7681703567505,86.13545644343,1913822.0,0.6602,1891.24705,94.8645324707031,1561.47,68.066323694246,WB/UNESCO
LVA,2020,4.23,Latvia,1549.52,,17564.2321549354,34225.8976044058,32741.4207691987,17350.0,34635.7355408783,32760.0,4.99749994277954,11.7195196151733,88.89796078,1900449.0,0.75663,2134.06006,94.5108337402344,1506.0,68.1211222872228,WB/UNESCO
LVA,2021,17.27,Latvia,1903.51,,20261.8887788916,36912.0130602161,36912.0130602161,19310.0,36220.9416758571,36220.0,4.76774978637695,10.6934204101562,91.17964988,1884490.0,0.77085,2395.27344,93.4839324951172,1786.29,68.1808791463693,WB/UNESCO
LVA,2022,15.68,Latvia,1690.44,,20221.103686109,37718.7097958367,40546.4638799692,20630.0,36189.5664779537,39830.0,4.3196702003479,9.92103004455566,91.03009059,1879383.0,0.8122,2270.07923,91.3303680419922,1655.62,68.2570218109034,WB/UNESCO
MAR,2003,0.01,Morocco,929.48,,1941.87255859375,5810.05322265625,4741.0615234375,1740.0,5682.24365234375,4680.0,,,3.35336668122363,29571415.0,0.56588,,11.0415000915527,926.32,54.5782811140771,WB/UNESCO
MAR,2004,1.02,Morocco,968.55,,2183.55541992188,5996.39013671875,5024.6943359375,2060.0,5837.189453125,4980.0,,,11.6079347729582,29953018.0,,,11.1358003616333,961.15,54.9787569660869,WB/UNESCO
MAR,2005,1.02,Morocco,922.82,,2242.98828125,6103.42236328125,5274.74169921875,2300.0,5905.46533203125,5250.0,,,15.0844445240204,30358144.0,,,11.69873046875,916.04,55.4397798676399,WB/UNESCO
MAR,2006,1.2,Morocco,978.47,,2438.12646484375,6488.673828125,5780.6181640625,2490.0,6219.4326171875,5750.0,,,19.7711915653115,30771178.0,0.54987,653.41079,12.1653699874878,972.76,55.9627589629824,WB/UNESCO
MAR,2007,1.21,Morocco,1024.79,,2755.5859375,6620.59033203125,6057.935546875,2630.0,6378.8916015625,6040.0,,,21.5,31186468.0,,644.48667,11.6039199829102,1012.09,56.5303841299064,WB/UNESCO
MAR,2008,1.85,Morocco,1207.63,,3183.20043945313,6901.95068359375,6437.0634765625,2970.0,6712.17236328125,6420.0,4.85339021682739,17.4706401824951,33.1,31606767.0,,659.40797,12.6373701095581,1189.79,57.1254169272616,WB/UNESCO
MAR,2009,1.35,Morocco,1456.62,20.18324,3119.58862304688,7063.72705078125,6628.57666015625,3150.0,6825.7255859375,6540.0,4.83119010925293,17.2952899932861,41.3,32030778.0,,,13.0986795425415,1444.37,57.7306189138977,WB/UNESCO
MAR,2010,1.5,Morocco,1594.9,,3067.9853515625,7210.63671875,6848.66748046875,3190.0,6917.61767578125,6760.0,,,52.0,32467016.0,0.66036,721.98655,13.9896441158412,1553.75,58.3287516486646,WB/UNESCO
MAR,2011,3.33,Morocco,1887.25,,3301.98876953125,7503.79296875,7274.1474609375,3260.0,7060.78466796875,7160.0,,,46.107482597,32912588.0,,847.79094,15.8539977340994,1822.04,58.902576690412,WB/UNESCO
MAR,2012,6.25,Morocco,2118.55,,3164.17724609375,7628.64404296875,7307.6123046875,3230.0,7091.02587890625,7170.0,5.55294838577208,20.7460785049219,55.4160531914894,33355241.0,,853.0081,19.0472282489073,2005.17,59.4348555979895,WB/UNESCO
MAR,2013,3.2,Morocco,2160.84,,3379.7431640625,7839.0322265625,7542.0986328125,3350.0,7347.16162109375,7450.0,,,56.0,33787571.0,,,22.4068908691406,2012.75,59.9083499302469,WB/UNESCO
MAR,2014,2.45,Morocco,2484.83,,3435.40698242188,7951.79833984375,7237.27734375,3330.0,7506.8369140625,7090.0,5.48276036642721,22.0639427841332,56.7746379160074,34204780.0,,1030.14364,25.3112415031422,2446.86,60.3030486171654,WB/UNESCO
MAR,2015,3.72,Morocco,2485.77,,3146.24780273438,8198.80859375,7799.09228515625,3300.0,8003.146484375,7680.0,5.133369043677,22.2395469824195,57.0799993486116,34607588.0,,,28.5519130573154,2287.8,60.6417124737154,WB/UNESCO
MAR,2016,3.46,Morocco,3652.98,,3140.85546875,8141.9404296875,7853.17626953125,3150.0,8067.048828125,7740.0,5.08530197423073,22.2573567488895,58.271236420398,35023457.0,,1083.42555,32.0952579243239,3521.33,60.9657656537179,WB/UNESCO
MAR,2017,1.7,Morocco,4017.29,,3296.52661132813,8450.0087890625,8115.12060546875,3160.0,8269.1904296875,7990.0,4.73564982004448,21.6499038578891,61.7622120123071,35446392.0,,,33.4735433090703,3935.19,61.2761057031842,WB/UNESCO
MAR,2018,33.2,Morocco,4792.31,,3501.69799804688,8611.75,7801.0986328125,3380.0,8421.6298828125,7680.0,4.96022713486949,22.4447613516615,64.8038651924043,35839760.0,,,35.319186358341,4565.17,61.5695822753314,WB/UNESCO
MAR,2019,39.69,Morocco,5511.7,,3508.09765625,8768.17578125,8046.22900390625,3510.0,8632.2421875,7930.0,5.0032567210502,21.4650708273849,84.1203630467602,36210898.0,,,37.7212021382481,5258.82,61.8430450233765,WB/UNESCO
MAR,2020,36.64,Morocco,6360.45,,3268.0302734375,8054.56298828125,7704.84912109375,3260.0,8054.43603515625,7630.0,6.28428263644307,24.1580939880119,84.12036305,36584208.0,,,39.6858047574445,6175.71,62.0933436005366,WB/UNESCO
MAR,2021,8.06,Morocco,7388.64,,3785.93627929688,8623.265625,8623.265625,3630.0,8504.3359375,8500.0,5.64273401285138,23.7564830045068,88.13031937,36954442.0,,,42.531967383806,6993.78,62.3173276600289,WB/UNESCO
MAR,2022,21.44,Morocco,8445.14,,3463.1376953125,8690.4482421875,9308.556640625,3700.0,8191.8935546875,9170.0,5.91224674061277,23.8656662804477,89.9,37329064.0,,,45.9400219155138,7952.97,62.5118468550703,WB/UNESCO
MCO,2003,0.0,Monaco,26.67,,111110.460463916,,,,,,,,49.4911689195459,32374.0,,,,26.67,100.0,WB/UNESCO
MCO,2004,0.0,Monaco,40.1,4.36853,125160.282928751,,,,,,1.26668000221252,5.925950050354,52.4901966838546,32307.0,0.03787,278.23291,,40.1,100.0,WB/UNESCO
MCO,2005,0.0,Monaco,37.54,,130538.711379722,,,,,,,,55.46480179,32210.0,0.03821,309.90455,,37.38,100.0,WB/UNESCO
MCO,2006,0.0,Monaco,34.08,,143083.509443656,,,,,,,,61.47600174,32057.0,,,,33.58,100.0,WB/UNESCO
MCO,2007,0.5,Monaco,32.12,,184558.455423983,,,,,,,,64.37770081,31837.0,,,,30.12,100.0,WB/UNESCO
MCO,2008,0.0,Monaco,34.39,,204263.893236529,,,,,,,,67.25,31836.0,,,,34.39,100.0,WB/UNESCO
MCO,2009,0.0,Monaco,44.84,,169150.337647299,,,,,,1.35431003570557,6.59881019592285,70.1,32364.0,,,,45.84,100.0,WB/UNESCO
MCO,2010,1.0,Monaco,43.25,,161853.922745228,,,,,,1.31735002994537,6.36322021484375,75.0,33163.0,,,,42.17,100.0,WB/UNESCO
MCO,2011,0.0,Monaco,48.33,,179364.009524397,,,,,,1.58989000320435,8.07616996765137,80.30000305,33946.0,,,,48.0,100.0,WB/UNESCO
MCO,2012,2.06,Monaco,30.41,,165444.625782803,,,,,,1.78004002571106,8.87594985961914,87.0,34711.0,,,,29.41,100.0,WB/UNESCO
MCO,2013,0.0,Monaco,37.72,,184940.633666281,,,,,,1.33440005779266,7.05921983718872,90.69999695,35447.0,,,,37.72,100.0,WB/UNESCO
MCO,2014,1.0,Monaco,39.62,,195693.519540544,,,,,,1.02186000347137,5.00886011123657,92.40000153,36128.0,,,,37.08,100.0,WB/UNESCO
MCO,2015,0.13,Monaco,43.0,,170437.021128628,,,,,,,,93.36329651,36757.0,,,,40.56,100.0,WB/UNESCO
MCO,2016,0.08,Monaco,42.91,,173604.669723126,,,,,,1.37126004695892,6.59654998779297,95.20819855,37276.0,,,53.5667991638184,42.29,100.0,WB/UNESCO
MCO,2017,0.0,Monaco,50.85,,170663.470051177,,,,,,1.45816004276276,6.98062992095947,97.0530014,37678.0,,,,47.63,100.0,WB/UNESCO
MCO,2018,0.0,Monaco,46.8,,188298.389694191,,,,,,,,,38154.0,,,,46.84,100.0,WB/UNESCO
MCO,2019,0.0,Monaco,47.7,,193746.729890885,,,,,,1.15896999835968,5.02927017211914,98.0,38109.0,,,,46.65,100.0,WB/UNESCO
MCO,2020,0.42,Monaco,50.06,,176891.806328966,,,,,,,,98.57080078,38050.0,,,,47.12,100.0,WB/UNESCO
MCO,2021,0.51,Monaco,57.44,,223823.327192464,,,,,,1.41926002502441,5.87369012832642,99.07759857,38527.0,,,,51.23,100.0,WB/UNESCO
MCO,2022,3.33,Monaco,57.07,,226052.060664649,,,,,,1.17105996608734,4.79598999023438,98.75189972,38931.0,,,,57.39,100.0,WB/UNESCO
MDA,2003,0.0,Moldova,159.94,,682.319095965299,7034.35784911687,3959.95150993128,710.0,7243.70247021172,4350.0,5.42489004135132,16.192590713501,7.40754458415897,2903198.0,0.32405,756.43007,,154.94,39.5945358276367,WB/UNESCO
MDA,2004,0.22,Moldova,133.25,,897.178494749468,7573.6178454751,4378.1747578588,910.0,7982.27385567667,4880.0,6.77103996276855,19.4520206451416,10.629390841654,2896023.0,0.34903,755.38437,,131.75,39.4460945129395,WB/UNESCO
MDA,2005,0.0,Moldova,206.59,,1034.39197746993,8161.47344724765,4865.93456426333,1120.0,8289.70381034564,5420.0,7.16270017623901,19.2966499328613,14.6302704551796,2888985.0,0.39865,717.41311,,205.41,39.3704032897949,WB/UNESCO
MDA,2006,0.03,Moldova,147.08,19.41539,1183.02481442894,8577.02858037286,5271.38970438369,1280.0,8397.68639806021,5790.0,7.49899005889893,18.6088199615479,19.6206477051634,2880967.0,0.40622,698.34114,,145.58,39.2182388305664,WB/UNESCO
MDA,2007,0.0,Moldova,143.57,19.51028,1531.21618590748,8854.83397616724,5589.56850750246,1440.0,8453.03177283975,6030.0,8.29337024688721,19.4169692993164,20.45,2874299.0,0.54557,723.79793,,140.82,39.4315032958984,WB/UNESCO
MDA,2008,0.0,Moldova,163.87,18.64535,2110.55305353857,9563.69814290939,6153.35152126272,1870.0,8986.06190965813,6660.0,8.23727035522461,19.8500804901123,23.39,2868833.0,0.53463,820.94705,,162.38,39.3710708618164,WB/UNESCO
MDA,2009,0.0,Moldova,181.42,18.05868,1898.43975710988,9001.23432081622,5827.17888888707,1950.0,8508.66034494621,6100.0,9.5097599029541,20.9926300048828,27.5,2865213.0,0.52557,801.95946,,178.91,39.3255348205566,WB/UNESCO
MDA,2010,0.0,Moldova,173.69,17.97629,2436.79935102421,9649.9509930271,6323.06287884543,2380.0,9693.5398166295,6790.0,7.5922999382019,22.2670097351074,29.68000031,2862354.0,0.3665,760.16606,38.1453631147397,172.19,39.2804946899414,WB/UNESCO
MDA,2011,1.0,Moldova,188.17,18.17431,2941.36224066021,10217.3087761255,6832.94156502961,2730.0,10327.1257968882,7310.0,7.13638019561768,21.9158802032471,32.06999969,2860699.0,0.33764,777.15332,39.4480430115419,175.61,39.3469161987305,WB/UNESCO
MDA,2012,0.0,Moldova,203.1,17.56312,3044.8084324815,10158.3854676883,7254.66249032313,3140.0,10613.0149291761,7940.0,6.9834098815918,20.7419700622559,34.65000153,2860324.0,0.34907,768.63843,40.1086414991241,183.26,39.3614196777344,WB/UNESCO
MDA,2013,0.0,Moldova,212.96,,3321.04397795719,11080.0634585341,8232.5238047368,3620.0,11545.5256091488,9020.0,5.90975516494477,18.2764874661396,37.43999863,2859558.0,0.29783,736.90187,41.2771708905345,203.18,39.4275512695312,WB/UNESCO
MDA,2014,0.0,Moldova,206.09,17.1947,3289.95758568777,11641.1208436577,8643.06431435343,3730.0,12097.3187932188,9400.0,6.33807992935181,18.765100479126,66.9999982002077,2857815.0,0.31463,925.31215,52.151516238366,191.5,39.6298484802246,WB/UNESCO
MDA,2015,0.0,Moldova,190.6,,2749.55137054338,11691.0797484184,9197.61838204272,3290.0,11972.2624920095,9730.0,5.76665405944246,18.2387198841274,69.0000044661932,2835978.0,0.30735,946.48296,52.1000519119307,178.44,39.6954040527344,WB/UNESCO
MDA,2016,0.0,Moldova,292.07,16.22238,2847.08794770479,12377.366678394,10325.8404896126,3170.0,12607.65721005,10900.0,5.67210006713867,18.6216297149658,70.9999991066624,2803186.0,0.28005,912.00965,52.8435823784374,284.6,39.7373237609863,WB/UNESCO
MDA,2017,0.0,Moldova,239.49,14.73902,3453.26727720294,13118.8219369605,11252.1135465283,3300.0,13501.2860965126,11910.0,5.71017980575562,18.4328308105469,71.76709747,2755189.0,0.25789,923.49386,51.9490291393525,227.6,39.9736557006836,WB/UNESCO
MDA,2018,0.0,Moldova,211.47,11.90064,4156.44981956646,13895.5043655692,11868.1955463223,3850.0,14141.3293401579,12430.0,5.53886985778809,17.5677299499512,72.54239655,2707203.0,0.25626,903.41782,52.8423092059456,202.67,40.3258094787598,WB/UNESCO
MDA,2019,0.0,Moldova,274.4,,4405.33418162155,14621.2401362286,13413.2232935126,4490.0,15041.7465481616,14120.0,6.22578001022339,19.4643802642822,73.32610321,2664224.0,0.24145,823.53362,54.7812048030675,267.27,40.772289276123,WB/UNESCO
MDA,2020,0.17,Moldova,298.55,,4375.7788930524,13559.2600217483,13527.4413130967,4360.0,14112.5102622963,13990.0,6.60125017166138,17.9937705993652,74.11830139,2635130.0,0.23511,774.67919,56.2498196612517,322.17,41.3368530273438,WB/UNESCO
MDA,2021,0.0,Moldova,287.95,,5274.60582195352,15682.0703284653,15682.0703284653,5270.0,15987.3307209523,15990.0,5.82405996322632,16.8416500091553,74.91899872,2595809.0,0.23154,781.24167,61.3014036981023,334.96,41.8115425109863,WB/UNESCO
MDA,2022,0.14,Moldova,283.96,,5744.29618434435,15350.3120408391,16442.1034354056,5540.0,15501.1323151411,16510.0,6.10430002212524,16.6931304931641,74.91899872,2528654.0,0.22959,768.02221,68.0572346521372,328.4,42.4048843383789,WB/UNESCO
MDG,2003,2.79,Madagascar,65.45,,352.620095849925,1584.74925232364,1218.83563167903,320.0,1590.74588759242,1200.0,2.61094999313354,15.7631397247315,0.423252419277809,18071854.0,0.2907,45.70833,2.0998899936676,65.45,25.8967668078478,WB/UNESCO
MDG,2004,0.88,Madagascar,49.41,,272.20074858856,1620.11953793293,1279.54611059563,330.0,1579.29685942543,1260.0,2.81261992454529,12.9607696533203,0.525353654946669,18606608.0,0.1926,46.25,2.44068002700806,47.66,26.1869753064804,WB/UNESCO
MDG,2005,1.61,Madagascar,57.31,10.08655,305.812074924388,1648.17631554009,1342.51929936041,320.0,1539.41060414239,1310.0,3.30962991714477,18.0330390930176,0.567700028,19159707.0,0.15096,46.56194,2.54628992080689,56.64,26.4743019495822,WB/UNESCO
MDG,2006,2.58,Madagascar,61.29,12.88935,324.146874882604,1686.86335460016,1416.40465949813,310.0,1579.1813306126,1380.0,2.83097004890442,15.3241901397705,0.607599974,19730909.0,0.14119,46.24168,2.74632000923157,60.54,26.7586741989468,WB/UNESCO
MDG,2007,1.96,Madagascar,109.04,12.74656,419.548001431865,1731.61751794976,1493.37544998719,360.0,1613.57083884493,1480.0,2.90274000167847,18.0445499420166,0.649999976,20318583.0,0.12091,46.80207,3.13453006744385,109.04,27.0400195163682,WB/UNESCO
MDG,2008,3.65,Madagascar,82.64,15.36154,512.579800058444,1794.40235887329,1577.33838923053,430.0,1697.04909416469,1560.0,2.55433988571167,16.2581405639648,1.649999976,20923840.0,0.11764,45.1091,3.23572993278503,79.09,27.31826536364,WB/UNESCO
MDG,2009,2.85,Madagascar,85.76,15.38791,446.315238370592,1673.15551466723,1479.82980027432,450.0,1526.18377134364,1460.0,2.82512998580933,22.5858306884766,1.629999995,21547280.0,0.13054,43.80387,3.44889998435974,85.21,27.5933392025561,WB/UNESCO
MDG,2010,3.68,Madagascar,80.16,,450.009391645726,1635.24511473059,1463.87646781607,450.0,1533.71548651936,1440.0,2.28856151148168,18.6357054482013,1.700000048,22183340.0,0.09903,50.26629,3.61032855425362,81.28,27.8651684949103,WB/UNESCO
MDG,2011,4.36,Madagascar,96.42,13.47785,506.163691559309,1614.55137773785,1475.17055178114,460.0,1545.20574988512,1450.0,2.38168001174927,19.7796993255615,1.899999976,22822300.0,0.09067,49.14874,3.99246757065153,94.54,28.1336807024963,WB/UNESCO
MDG,2012,2.1,Madagascar,94.11,15.19973,493.511162904211,1617.79082882481,1463.61756926447,470.0,1546.32307469837,1420.0,2.34067010879517,20.3257999420166,2.299999952,23462438.0,,,4.04987583552392,92.44,28.3988032871081,WB/UNESCO
MDG,2013,3.32,Madagascar,112.7,,515.301589361832,1610.6023078966,1473.40398077255,490.0,1543.33188771215,1420.0,1.77695000171661,13.9893798828125,3.0,24109290.0,,,4.186720053214,112.7,28.6604637105393,WB/UNESCO
MDG,2014,6.36,Madagascar,113.92,,505.684922503435,1620.357889066,1498.83976908219,500.0,1530.69906586111,1460.0,2.3812301158905,18.9667701721191,3.700000048,24764348.0,0.01321,,4.68533144082284,112.03,28.9185894345838,WB/UNESCO
MDG,2015,6.29,Madagascar,106.35,0.00634,445.320069480568,1627.5806134224,1496.61172412841,470.0,1574.5674724893,1450.0,2.21011996269226,16.9629096984863,4.173999786,25426702.0,,,4.65904652237845,106.82,29.1731079210354,WB/UNESCO
MDG,2016,1.99,Madagascar,100.7,0.00583,453.970714522463,1648.91226979296,1561.51962374608,450.0,1649.21894225229,1510.0,2.68719005584717,19.8381805419922,4.713699818,26099952.0,0.01264,23.87432,4.6583858057243,99.53,29.4239466316878,WB/UNESCO
MDG,2017,5.26,Madagascar,133.24,0.0058,491.866848718929,1669.72764267278,1546.88001890817,450.0,1608.36416460233,1510.0,2.70137416707567,,6.406000137,26788375.0,0.01275,29.61421,5.07525058069797,130.17,29.671033028335,WB/UNESCO
MDG,2018,5.85,Madagascar,124.8,,500.45718552916,1678.78623269491,1546.59563549795,480.0,1659.03178128385,1500.0,2.84409999847412,19.8180198669434,7.747799873,27494926.0,,32.94427,5.11877849200791,120.05,29.9181125346909,WB/UNESCO
MDG,2019,1.73,Madagascar,122.45,,499.818837622534,1707.83153830039,1612.29772715626,500.0,1627.03445845376,1560.0,3.01338389897728,17.9527918245618,9.379400253,28219554.0,,,5.28586006164551,118.29,30.3046972370204,WB/UNESCO
MDG,2020,5.53,Madagascar,175.76,,450.771615205157,1545.72714379204,1490.32312839072,450.0,1556.6423015989,1450.0,3.25443385103636,,11.35470009,28953556.0,,,5.17336117275841,177.29,30.7019474167548,WB/UNESCO
MDG,2021,6.89,Madagascar,174.2,,483.469463351195,1577.43246056529,1577.43246056529,470.0,1548.86653147251,1550.0,3.19807542117225,,13.74590015,29691083.0,,,5.3135678666922,176.01,31.1137123216036,WB/UNESCO
MDG,2022,6.41,Madagascar,156.66,,504.059106969168,1602.42805197529,1716.40079421689,500.0,1564.50368201916,1680.0,3.06772823003204,,17.81170082,30437261.0,,,5.87562673022926,161.19,31.5397813465886,WB/UNESCO
MDV,2003,0.0,Maldives,2.42,,3548.5767011056,15316.1192814998,10065.4858051374,3470.0,,9720.0,5.32406997680664,20.1858100891113,5.97659284988557,296491.0,,,0.21356999874115,2.42,31.3913356462169,WB/UNESCO
MDV,2004,0.0,Maldives,1.67,,4070.2609459446,15958.6557759464,10769.7743282762,3890.0,,10460.0,4.66160011291504,19.371000289917,6.58825487530861,301413.0,,,,1.67,32.8541942827704,WB/UNESCO
MDV,2005,0.0,Maldives,3.71,,3796.51546524644,13942.8753891662,9704.44334446062,3660.0,,9450.0,5.0168399810791,12.9361000061035,6.86960506696215,306429.0,,,,3.71,34.0715178283824,WB/UNESCO
MDV,2006,0.0,Maldives,4.63,,5018.94335409159,16829.9768208157,12075.1455750186,4710.0,,11760.0,4.64523983001709,13.2550201416016,11.0363527828647,313851.0,,,,3.63,34.8678636610379,WB/UNESCO
MDV,2007,0.0,Maldives,4.83,,5758.10286933053,17439.9504862625,12851.7923156043,4570.0,,10910.0,4.41788005828857,12.6912899017334,16.3,324479.0,,,10.3270502090454,4.83,35.4340781469745,WB/UNESCO
MDV,2008,0.0,Maldives,0.92,,6757.43280929292,18344.4866455436,13778.8197549693,5500.0,,12060.0,4.470290184021,12.5684604644775,23.2,336170.0,,,11.3926296234131,0.92,35.9335121678807,WB/UNESCO
MDV,2009,0.0,Maldives,3.95,6.47701,6734.03165601895,16230.0089361263,12265.793046549,5490.0,,10920.0,5.08168983459473,13.7383899688721,24.8,348275.0,,,,3.95,36.3718272129661,WB/UNESCO
MDV,2010,0.0,Maldives,3.26,7.25876,7173.59601844692,16730.0144200167,12797.3279258734,6000.0,,11250.0,3.63328003883362,10.946310043335,26.53,360792.0,,,,3.26,36.7646137762553,WB/UNESCO
MDV,2011,0.0,Maldives,7.4,4.37104,7424.520410971,17581.7676697752,13726.3262093446,6720.0,,12260.0,3.08072996139526,9.85499954223633,34.0,373674.0,,,,3.9,37.1274623517731,WB/UNESCO
MDV,2012,0.0,Maldives,8.08,12.08232,7461.29703686309,17390.1474995422,13988.5973865429,6810.0,,12660.0,3.34085988998413,11.2236404418945,38.93009949,386818.0,,,,8.08,37.475963433544,WB/UNESCO
MDV,2013,0.0,Maldives,7.04,14.21845,8236.08177944126,17986.8907361645,15264.0907069581,7050.0,,13570.0,3.3882999420166,12.5538997650147,44.09999847,400070.0,,,,7.04,37.8257075155926,WB/UNESCO
MDV,2014,0.0,Maldives,5.87,12.8541,8939.07416571472,18765.3592118344,16722.523852619,7720.0,25393.6329290301,15110.0,3.0885899066925,10.6196298599243,49.27999878,413617.0,,,13.6843761236965,5.67,38.1938859868107,WB/UNESCO
MDV,2015,0.1,Maldives,7.08,12.74716,9644.90655028145,18829.4481529112,17875.0989419262,8210.0,23508.2584198801,16440.0,3.8685998916626,11.4492502212524,54.4620018,428154.0,,,,6.88,38.5771510715291,WB/UNESCO
MDV,2016,0.0,Maldives,6.8,20.58919,9947.80744731739,19345.1792343541,18769.5060607629,8720.0,22279.2391951806,17270.0,3.66123008728027,9.80502033233643,59.47750092,443308.0,,,,6.8,38.9560872317815,WB/UNESCO
MDV,2017,0.0,Maldives,7.06,,10509.628805812,20036.7165354949,19767.8893613468,9400.0,22575.6754079437,18230.0,3.82268559882407,11.3542088324763,64.95500183,458287.0,,,33.3294981245829,6.99,39.32787719143,WB/UNESCO
MDV,2018,0.0,Maldives,7.15,,11423.2838427029,21072.5805249694,21899.4292993843,10220.0,22795.7738218849,19900.0,3.85681779847259,11.3899017585469,70.93689728,473099.0,,,,6.82,39.6923354428279,WB/UNESCO
MDV,2019,0.0,Maldives,10.97,,11740.2724029785,21855.501224579,23077.2112236652,10730.0,23491.1313660323,20820.0,4.12356944795488,12.0551443371788,77.46970367,487731.0,,,24.6480059688561,10.52,40.0492764783282,WB/UNESCO
MDV,2020,0.0,Maldives,24.84,,7393.8886543933,14242.9750701162,13425.3674459601,7050.0,14624.7586973115,12320.0,5.84760793108804,10.5050409732546,79.09780121,502118.0,,,27.0805812417437,21.13,40.3985147902839,WB/UNESCO
MDV,2021,0.0,Maldives,25.26,,10176.143882547,19052.6224904311,19052.6224904311,9350.0,17110.9944074811,17110.0,4.61379747500137,10.0329262190793,81.95760345,516154.0,,,23.794640430505,22.11,40.7398648710483,WB/UNESCO
MDV,2022,0.0,Maldives,35.87,,11786.0191492983,21357.8112511153,22876.8862033838,10570.0,19561.9665085311,20250.0,4.67344315449896,11.0764447310854,83.91189054,524106.0,,,48.4968654322788,31.4,41.0641769690663,WB/UNESCO
MEX,2003,67.88,Mexico,6705.18,16.8584,7434.07465031562,19701.4633898714,12065.9368582938,7780.0,19944.4857789803,11930.0,4.83262014389038,22.4718704223633,12.9,102978515.0,0.37454,328.13432,23.0477905273438,6710.84,76.046170340551,WB/UNESCO
MEX,2004,73.65,Mexico,7301.35,17.39438,7849.66759649565,20127.2242902968,12658.1646665687,8240.0,20418.8841545798,12540.0,4.51204013824463,22.0538291931152,14.1,104394131.0,0.37053,383.11111,23.7031497955322,7334.54,76.3274397419019,WB/UNESCO
MEX,2005,72.44,Mexico,8304.1,17.45499,8671.75891798441,20277.2552852007,13260.2388173408,8490.0,20524.0613664085,13070.0,4.63395023345947,21.9037895202637,17.20999908,105811504.0,0.38103,417.90546,24.130989074707,8248.11,76.4748624380269,WB/UNESCO
MEX,2006,102.46,Mexico,9437.14,17.19888,9512.63575346699,20965.8256087044,14540.4500497636,9140.0,21222.685930192,14320.0,4.49317979812622,20.8243198394775,19.52000046,107253666.0,0.35298,340.43454,24.5689697265625,9308.28,76.4982455683657,WB/UNESCO
MEX,2007,122.42,Mexico,9586.6,18.47466,10134.3327129706,21102.2688338349,15031.5804096687,9720.0,21486.3714751527,14790.0,4.47919988632202,19.8890705108643,20.81,108774360.0,0.38039,351.25363,25.1474304199219,9423.59,76.5047326234761,WB/UNESCO
MEX,2008,118.4,Mexico,10353.88,18.86044,10523.7685427665,20992.5602662364,15680.5761933269,10260.0,21665.7888067111,15470.0,4.60607004165649,17.3801593780518,21.71,110374288.0,0.42416,343.53328,25.7789402008057,10137.66,76.5090428271033,WB/UNESCO
MEX,2009,130.2,Mexico,10632.1,20.00251,8423.56933148639,19385.5437251877,15190.8744507263,9230.0,19627.4470166914,14960.0,4.94934988021851,18.6651191711426,26.34,111999721.0,0.45748,386.49816,26.2105903625488,10375.0,76.5143930040295,WB/UNESCO
MEX,2010,174.52,Mexico,11244.42,19.6634,9728.80078307432,20058.3854882301,15909.1464952239,9470.0,20283.3935884454,15730.0,4.93697023391724,18.6425895690918,31.05,113623895.0,0.47353,341.23898,27.1670207977295,10963.14,76.5244441414713,WB/UNESCO
MEX,2011,176.86,Mexico,11751.8,18.12508,10664.4944032313,20457.6001677783,17266.8129106549,9760.0,20432.9034414751,17010.0,4.9040699005127,18.4210205078125,37.1762954125184,115243504.0,0.45268,348.02663,28.0361595153809,11391.82,76.5667802279537,WB/UNESCO
MEX,2012,148.72,Mexico,12602.76,19.46464,10744.1335236186,20898.935720908,18004.793559665,10500.0,20642.5160979098,17630.0,4.88349008560181,18.0871906280518,39.75,116818208.0,0.40284,250.69335,29.3496494293213,12152.39,76.6585199140734,WB/UNESCO
MEX,2013,157.15,Mexico,13186.8,22.09098,11216.800851866,20805.3480406564,18170.2647920555,10710.0,20463.2380488315,17640.0,4.50858020782471,16.9059906005859,43.46,118343573.0,0.40806,254.46546,30.3301601409912,12677.19,76.7955768077952,WB/UNESCO
MEX,2014,175.74,Mexico,14167.62,21.32413,11391.3773503964,21069.7661653886,18820.799110896,10950.0,20743.6004880148,18370.0,5.06807994842529,18.8059406280518,44.3856962723411,119784261.0,0.41962,262.92059,31.2052898406982,13541.76,76.9741367091766,WB/UNESCO
MEX,2015,206.36,Mexico,14570.29,21.47549,10021.2386113616,21408.9283216195,19071.4444186548,10580.0,20715.9422935245,18590.0,5.05087995529175,19.0187492370606,57.4310429923633,121072306.0,0.41477,284.58114,31.9718608856201,13741.34,77.1903854182753,WB/UNESCO
MEX,2016,189.55,Mexico,15194.65,21.091,9097.92397674769,21578.263354126,20104.5839787472,9740.0,20824.2500158677,19580.0,4.75795984268188,17.9393291473389,59.5404459967255,122251351.0,0.37601,319.5511,38.589771270752,14497.26,77.4405087351486,WB/UNESCO
MEX,2017,250.55,Mexico,16177.94,,9649.27816729586,21777.5225127275,20488.715079135,9270.0,21260.4560588283,19970.0,4.39752006530762,17.577299118042,53.0317886110982,123400057.0,0.31955,330.64996,40.3390693664551,15397.11,77.7206924598541,WB/UNESCO
MEX,2018,252.03,Mexico,17182.13,,10084.7937570364,21997.7730219494,20921.4775294879,9560.0,21360.4911037502,20380.0,4.13944005966187,16.5778503417969,56.6595667981289,124573711.0,0.29816,342.55971,41.6382789611816,16402.64,78.0271223924494,WB/UNESCO
MEX,2019,265.56,Mexico,18991.67,,10369.5553593527,21704.185952748,20964.2774863762,9860.0,21194.3621751397,20370.0,,,69.6321092705209,125762982.0,0.27629,355.30353,43.0441398620605,18006.46,78.355984332992,WB/UNESCO
MEX,2020,263.53,Mexico,20363.28,,8841.27074929751,19728.4817827455,19354.1248682138,8920.0,19158.3072536156,18730.0,4.4996600151062,16.1958599090576,71.49017499,126799054.0,0.29185,369.04189,45.1654510498047,19332.61,78.677960602824,WB/UNESCO
MEX,2021,330.19,Mexico,21753.88,,10314.0506733708,20782.5877440905,20782.5877440905,9880.0,20245.562924086,20250.0,4.23823976516724,15.8831300735474,75.62650476,127648148.0,0.27305,384.76538,45.6506195068359,20345.96,78.9324007418057,WB/UNESCO
MEX,2022,316.5,Mexico,21027.1,,11405.7940469896,21391.8573698845,23135.4931593441,10730.0,20650.8551069601,22600.0,4.05987977981567,14.2361097335815,78.63217894,128613117.0,0.25727,401.92849,46.4061317443848,19740.68,79.199683215791,WB/UNESCO
MHL,2003,0.0,Marshall Islands,3.83,,2539.3307383954,4041.17284358405,2824.27883365075,3200.0,4867.77716329301,3560.0,11.8441295623779,22.5087509155273,2.5697503671072,51639.0,,,,2.83,69.5231265029735,WB/UNESCO
MHL,2004,0.0,Marshall Islands,0.83,,2566.08291015814,4012.85859698975,2879.90589673451,3400.0,4842.54873701068,3660.0,,,3.59977681383754,51791.0,,,,0.83,70.0567388477898,WB/UNESCO
MHL,2005,0.0,Marshall Islands,4.83,,2658.65217893885,4075.6807928036,3016.70324370094,3610.0,5016.9470574083,3920.0,,,3.8787023977433,51906.0,,,,4.83,70.6234401061174,WB/UNESCO
MHL,2006,0.0,Marshall Islands,3.78,,2754.26988767503,4076.09863045701,3110.05225555358,3540.0,4969.374064147,3940.0,,,3.79559021427832,51992.0,,,,3.78,71.2077527286922,WB/UNESCO
MHL,2007,0.0,Marshall Islands,1.54,,2892.28403958874,4222.95393537643,3309.39754098908,3730.0,5145.31908058735,4220.0,,,3.950000048,52035.0,,,,1.54,71.7941991662501,WB/UNESCO
MHL,2008,0.0,Marshall Islands,0.56,,2817.60522775322,3903.80571323423,3118.2346709144,3630.0,4836.46449580646,4030.0,,,4.599999905,52030.0,,,,0.56,72.3673018695269,WB/UNESCO
MHL,2009,0.0,Marshall Islands,1.72,,2906.63026970914,4047.74537243531,3253.15085943638,3730.0,4906.75911374793,4110.0,,,5.599999905,52019.0,,,,1.39,72.9115832892586,WB/UNESCO
MHL,2010,0.0,Marshall Islands,3.0,,3095.45768964722,4269.9054604506,3473.40469884809,3820.0,4964.40889138288,4260.0,,,7.0,52044.0,,,,3.0,73.4115658761809,WB/UNESCO
MHL,2011,0.0,Marshall Islands,1.48,,3319.39815439151,4259.66173142969,3536.56004235245,3860.0,4952.05713388705,4280.0,,,10.0,51907.0,,,,1.4,73.8553711172585,WB/UNESCO
MHL,2012,0.0,Marshall Islands,1.49,,3514.26515490383,4244.58812838612,3589.66880370483,3860.0,4807.50281058125,4160.0,,,12.5,51419.0,,,29.3663060278207,1.49,74.2705132518924,WB/UNESCO
MHL,2013,0.0,Marshall Islands,1.33,,3677.90690791421,4470.42630092843,3845.00357490874,4350.0,5171.39097725805,4580.0,,26.1019751424221,14.0,50681.0,,,,1.33,74.6790601806083,WB/UNESCO
MHL,2014,0.0,Marshall Islands,1.19,,3735.23977829545,4492.56749211821,3931.34410633325,4560.0,5345.31250212516,4810.0,,27.3933300173029,16.79999924,49796.0,,,,1.19,75.0790555372177,WB/UNESCO
MHL,2015,0.0,Marshall Islands,3.59,,3764.34426229508,4670.70755785577,4125.16169273671,4980.0,5961.45293213853,5440.0,,26.749512072209,19.28240013,48800.0,,,34.320987654321,3.59,75.4702568207363,WB/UNESCO
MHL,2016,0.0,Marshall Islands,1.39,,4229.80988911945,4897.14934002038,4366.2576420174,5060.0,6153.16683387352,5530.0,,24.6583991444939,29.78779984,47709.0,,,36.6609294320138,1.39,75.8524215301796,WB/UNESCO
MHL,2017,0.0,Marshall Islands,0.72,,4592.83457628576,5200.01066532485,4719.31304912625,5310.0,6322.12195077219,5770.0,,22.3880031277016,38.70119858,46529.0,,,,0.72,76.2253071645634,WB/UNESCO
MHL,2018,0.0,Marshall Islands,2.51,,4858.12079054875,5636.02954937672,5232.20524867928,6040.0,6745.12171198794,6370.0,,21.6980954076271,43.88249969,45285.0,,,,2.51,76.5886712229035,WB/UNESCO
MHL,2019,0.0,Marshall Islands,3.02,,5292.33985502306,6405.89632387105,6045.06240783364,6770.0,7615.18121607038,7340.0,9.88208961486816,15.0427398681641,49.75749969,44007.0,,,37.3626373626374,3.02,76.9422712042154,WB/UNESCO
MHL,2020,0.0,Marshall Islands,1.86,,5661.96787336674,6418.00663822416,6137.93436122421,6610.0,7630.60021810561,7290.0,13.8350374540234,19.3691905422672,56.41910172,42706.0,,,,1.79,77.285864607515,WB/UNESCO
MHL,2021,0.0,Marshall Islands,2.97,,6315.31172190393,6768.82579129624,6768.82579129624,6720.0,7413.57629808365,7410.0,15.1824411727819,22.8696172819017,63.97259903,41367.0,,,,2.9,77.6163157431143,WB/UNESCO
MHL,2022,0.0,Marshall Islands,2.24,,6455.6603538189,6937.75357050514,7431.2014968892,7580.0,7623.20474317742,8490.0,7.70088005065918,11.3453598022461,64.26719666,40077.0,,,41.3350449293967,2.17,77.9855966195187,WB/UNESCO
MKD,2003,0.0,Macedonia,132.74,,2445.36286400013,12077.849005462,6608.17478819261,2120.0,10963.5765953149,6530.0,,,19.07,2022725.0,0.21064,537.99609,27.8220596313477,133.64,57.8501791693323,WB/UNESCO
MKD,2004,0.72,Macedonia,137.14,,2818.5814561242,12683.3809111151,7229.44699292948,2610.0,11547.722332842,7180.0,,,24.44,2016186.0,0.23237,512.77378,28.2504692077637,131.54,57.8527941292946,WB/UNESCO
MKD,2005,0.0,Macedonia,174.76,,3120.98401394233,13354.4611473701,7972.29588877262,3070.0,12192.6443897054,7830.0,,,26.45000076,2005330.0,0.22825,532.93852,29.7906494140625,151.72,57.8614206464767,WB/UNESCO
MKD,2006,0.5,Macedonia,196.89,,3440.4411057968,14118.2297877525,8888.47999812996,3430.0,12955.7290954756,8850.0,,,28.62,1994287.0,0.19373,507.84433,29.2525997161865,159.46,57.8796574341199,WB/UNESCO
MKD,2007,0.0,Macedonia,259.48,,4204.11328760452,15118.2436719552,9638.62891678174,3730.0,13369.5683270362,9190.0,,,36.29999924,1982933.0,0.17093,497.29935,35.2432899475098,220.82,57.9111032054655,WB/UNESCO
MKD,2008,1.0,Macedonia,294.38,,5026.4202989873,16038.0413530579,10924.3851814621,4540.0,14267.2287887762,10790.0,,,46.04,1971493.0,0.22358,466.13087,39.6388511657715,241.01,57.9593566737547,WB/UNESCO
MKD,2009,1.17,Macedonia,324.34,,4799.78722768888,16084.2279730567,11532.1464012219,4860.0,14571.3873304294,11450.0,,,51.77,1958782.0,0.19679,432.44594,39.837718963623,293.31,58.0280165522288,WB/UNESCO
MKD,2010,1.08,Macedonia,355.48,,4833.36586759968,16731.0901838425,11992.2104751893,5010.0,15121.8154739305,11830.0,,,51.9,1946298.0,0.21634,535.89171,38.147590637207,320.02,58.1206815541291,WB/UNESCO
MKD,2011,1.21,Macedonia,462.76,,5416.86672931659,17201.236162644,12420.8207720552,5140.0,15138.1786466624,12200.0,,,56.7,1937398.0,0.22276,450.8086,,417.64,58.2409503926967,WB/UNESCO
MKD,2012,0.07,Macedonia,477.66,,5049.8265386157,17189.9956305456,12725.8984267932,5090.0,15244.401983212,12450.0,,,57.449947312961,1929821.0,0.32676,623.86927,39.7961082458496,412.26,58.3924217811729,WB/UNESCO
MKD,2013,0.11,Macedonia,467.06,,5626.26115664893,17758.2275594412,13662.7769630557,5400.0,15929.2353419842,13340.0,,,65.24,1922716.0,0.43894,693.84909,38.9499015808105,455.23,58.578694432799,WB/UNESCO
MKD,2014,2.09,Macedonia,493.09,,5925.38592218015,18452.2062280148,14485.1403294538,5630.0,16852.3079406893,14210.0,,,68.0584815397496,1917557.0,0.51646,867.52011,39.3214912414551,479.45,58.8033670608162,WB/UNESCO
MKD,2015,4.41,Macedonia,480.78,,5262.68671928674,19215.0740381192,15034.1775526118,5550.0,17725.0426991343,14560.0,,,70.3802030766689,1912430.0,0.44412,897.16346,42.0811805725098,458.79,59.0700383784659,WB/UNESCO
MKD,2016,5.19,Macedonia,441.03,,5598.48622617967,19825.7724685057,16457.6276361223,5440.0,18748.4410362136,15800.0,,,72.1568144676058,1906313.0,0.43585,901.84402,,423.01,59.3823070989891,WB/UNESCO
MKD,2017,5.38,Macedonia,467.11,,5955.2973863451,20121.0510180726,17161.0354680695,5390.0,19081.4109100044,16480.0,,,74.5168241807954,1898657.0,0.35439,778.17311,43.5097694396973,445.31,59.7437719356273,WB/UNESCO
MKD,2018,15.85,Macedonia,448.02,,6713.98925398989,20805.9221192555,18460.5440872584,6050.0,20004.9664850021,17690.0,,,79.1677551850871,1889051.0,0.36367,862.45303,43.8547897338867,423.83,60.1580316016216,WB/UNESCO
MKD,2019,9.61,Macedonia,467.73,,6718.85826635458,21766.8842062487,20222.4719203634,6520.0,20961.3679793161,19290.0,,,81.4128827618364,1876262.0,0.36783,858.75424,43.1991004943848,444.21,60.6286848102132,WB/UNESCO
MKD,2020,5.91,Macedonia,444.11,,6659.59651070776,20971.4421033593,19962.153035286,6460.0,20295.3959847901,19210.0,,,81.40553811,1856124.0,0.37264,868.87807,43.782169342041,420.13,61.1593302746435,WB/UNESCO
MKD,2021,9.66,Macedonia,440.8,,7620.80296977508,22144.1924252732,22144.1924252732,7050.0,21172.3916058701,21170.0,,,81.873703,1837114.0,0.37252,843.87245,44.3020210266113,425.21,61.6841975628139,WB/UNESCO
MKD,2022,7.11,Macedonia,532.17,,7606.2375253797,22822.2333994259,24212.3733096953,7570.0,21811.9070685958,23170.0,,,83.85030365,1831712.0,0.37372,730.898,53.1601181030273,534.99,61.9530566607267,WB/UNESCO
MLI,2003,0.0,Mali,35.36,,441.910358475171,2611.8368552722,1714.89753904077,400.0,1992.99241689732,1670.0,3.8055899143219,18.2837600708008,0.310364443230575,12684955.0,,,,34.86,20.0594231247985,WB/UNESCO
MLI,2004,0.0,Mali,34.55,,495.006294675661,2565.9774456147,1730.0922516309,450.0,1976.82390363153,1680.0,2.95918989181519,17.736349105835,0.432819639900985,13102409.0,,,,34.05,20.4570532892964,WB/UNESCO
MLI,2005,0.33,Mali,40.93,,548.730382848879,2546.33281405861,1770.67795433498,510.0,1989.57051072864,1720.0,2.74722003936768,16.2803001403809,0.507099986,13538647.0,,,,40.93,20.8706715422205,WB/UNESCO
MLI,2006,0.0,Mali,65.61,,586.985415512593,2555.07476258805,1831.54924543899,550.0,2098.26516423413,1770.0,,,0.729600012,13990139.0,,37.28082,,64.61,21.2987608960246,WB/UNESCO
MLI,2007,0.45,Mali,67.75,,670.853394978069,2515.94692366143,1852.36282545809,590.0,2100.92084378067,1800.0,,,0.81,14457775.0,0.17325,,,67.32,21.7398043631622,WB/UNESCO
MLI,2008,0.0,Mali,65.19,16.05913,767.194838946144,2523.19961270039,1893.49514519233,670.0,2088.10690208301,1840.0,2.73080992698669,18.0316905975342,1.57,14940782.0,,,4.79010009765625,65.88,22.1922849560871,WB/UNESCO
MLI,2009,0.0,Mali,68.91,15.82133,787.48256428259,2575.54549773648,1944.69828230412,740.0,2295.06781947408,1870.0,3.14385008811951,16.9594097137451,1.799999952,15435539.0,,,5.29625988006592,67.29,22.6557955217884,WB/UNESCO
MLI,2010,0.06,Mali,73.83,20.74022,797.151541141189,2632.2646821909,2011.67894604398,780.0,2390.80481433094,1950.0,2.70853996276856,16.5039100646973,2.0,15945198.0,0.47271,28.21129,5.50589495885227,71.14,23.1359461824894,WB/UNESCO
MLI,2011,0.0,Mali,86.07,23.25758,938.292902579598,2623.34627008698,2046.22567063495,830.0,2460.08340973334,1980.0,3.14614009857178,18.2583408355713,2.2,16469049.0,,,4.96896888641169,84.88,23.6379674039304,WB/UNESCO
MLI,2012,0.64,Mali,84.82,20.34201,872.506092463946,2520.52931086804,1990.14805240723,830.0,2364.26920600308,1930.0,2.90706992149353,22.4033794403076,2.799999952,16957033.0,,,6.41861745428738,84.84,24.1606168848588,WB/UNESCO
MLI,2013,0.15,Mali,61.61,19.03471,901.920957649814,2528.5300676726,2059.28407643019,880.0,2222.34326098699,2000.0,2.75836992263794,16.6234493255615,3.5,17459615.0,,,5.94123501789155,61.41,24.7033626854883,WB/UNESCO
MLI,2014,0.17,Mali,70.27,21.58739,947.915033293219,2609.16733048395,2184.87660282794,910.0,2333.16932095474,2140.0,3.09299993515015,18.2242603302002,7.0,18020267.0,,,5.53504882678079,68.5,25.2656728660325,WB/UNESCO
MLI,2015,0.0,Mali,66.05,20.77456,838.11986940103,2686.56065073799,2330.24293947692,890.0,2426.59715838516,2290.0,3.19690990447998,18.1554908752441,10.32999992,18593022.0,0.26458,29.38677,5.12750941173932,64.89,25.847015486705,WB/UNESCO
MLI,2016,0.0,Mali,77.24,21.74443,872.468587171653,2759.11051293341,2531.80496963482,870.0,2510.15726562465,2480.0,2.59244990348816,13.9038801193237,14.0,19191289.0,,,,73.06,26.4468586077195,WB/UNESCO
MLI,2017,0.0,Mali,98.94,17.28712,924.057531692284,2816.19423901587,2606.69607954141,860.0,2552.53274905274,2540.0,3.18063998222351,16.534330368042,18.89999962,19813011.0,0.24505,31.19803,,97.69,27.0646702892896,WB/UNESCO
MLI,2018,0.33,Mali,87.24,,996.379292136901,2862.40728987476,2684.41122026577,930.0,2607.37500058505,2620.0,2.98218989372253,17.5215301513672,21.39999962,20442030.0,,,,81.8,27.6999185916288,WB/UNESCO
MLI,2019,0.25,Mali,91.85,,971.949318638092,2916.17167791084,2819.86582297259,960.0,2659.01657720258,2720.0,3.00001001358032,15.357029914856,24.96030045,21068405.0,0.13306,55.22467,,93.36,28.3520715749509,WB/UNESCO
MLI,2020,0.08,Mali,99.3,,953.242943290974,2796.41038444386,2723.70094784441,930.0,2703.62825349835,2630.0,3.3367600440979,15.1426095962524,29.11300087,21713836.0,,,,120.05,29.0205972994693,WB/UNESCO
MLI,2021,0.04,Mali,112.89,,1027.27345365357,2796.22793795431,2796.22793795431,960.0,2696.14651712853,2700.0,3.66363000869751,16.2182102203369,33.95650101,22388630.0,0.14596,28.66941,,137.47,29.7049638253978,WB/UNESCO
MLI,2022,1.25,Mali,118.09,,976.914116406452,2813.81095962565,3013.94334673825,1000.0,2730.80294848702,2910.0,4.04512227529275,18.1899960391199,35.19919968,23072640.0,,,,145.1,30.4015705681899,WB/UNESCO
MLT,2003,1.03,Malta,82.7,,13593.9787182902,32147.8757483202,20812.6755173777,12210.0,30332.6771664471,20920.0,,,31.64,398582.0,0.23874,678.26433,30.0867691040039,82.2,93.5241031580205,WB/UNESCO
MLT,2004,0.05,Malta,60.88,11.01739,15212.1312964883,32062.7641222076,21565.8706313912,14200.0,30236.994882106,21680.0,4.430260181427,10.5600204467773,34.62,401268.0,0.4892,1064.62987,26.6235694885254,59.54,93.6081858790552,WB/UNESCO
MLT,2005,1.64,Malta,81.15,,15831.3439802756,32776.9683721182,22227.3733711361,15380.0,29408.4769411207,21270.0,,,41.24,403834.0,0.53008,1162.44361,32.2053604125977,80.98,93.6985189936163,WB/UNESCO
MLT,2006,2.94,Malta,92.55,,16653.6038312389,33420.7141096927,23219.0628242456,16330.0,29862.8479790039,22360.0,,,40.41,405308.0,0.58085,1256.70565,31.2252807617188,91.55,93.7986874969541,WB/UNESCO
MLT,2007,1.61,Malta,107.77,15.11314,19444.1743635565,34981.7020970372,25011.6064200546,17990.0,31764.2077313543,24370.0,5.95993995666504,14.4756803512573,46.9,406724.0,0.54654,1181.74634,34.6690711975098,106.67,93.9118231189546,WB/UNESCO
MLT,2008,3.5,Malta,179.3,17.69382,22405.6426266551,36287.726099619,26654.0006455469,20320.0,32917.5212087056,25980.0,5.47429990768433,12.9960498809815,50.08,409379.0,0.52409,1294.07262,33.3216094970703,179.34,94.0294765354989,WB/UNESCO
MLT,2009,2.0,Malta,168.7,21.85423,21261.5428699817,35512.6774555483,26781.9306229244,20110.0,31147.5402597564,24990.0,5.04781007766724,12.2685899734497,58.86,412477.0,0.50513,1176.53223,35.7878684997559,171.71,94.1423744490362,WB/UNESCO
MLT,2010,2.92,Malta,194.46,22.81373,21946.6073066905,37528.7341525511,28909.2634787626,21440.0,33168.9395863154,27210.0,6.20798015594482,15.4961996078491,63.0,414508.0,0.58346,1391.94851,36.8344192504883,192.86,94.2412435620154,WB/UNESCO
MLT,2011,3.94,Malta,197.48,13.90459,23516.972445816,37740.8473665429,29425.9283203838,22060.0,33675.9151777641,28210.0,7.57771015167236,18.2634105682373,68.0198237885462,416268.0,0.65483,1761.13695,39.4486618041992,195.53,94.3155916422812,WB/UNESCO
MLT,2012,4.46,Malta,248.87,22.17254,22878.3095862582,38937.1487755674,30716.0924476439,22450.0,34378.7098739389,29230.0,6.24788999557495,14.9874601364136,68.1998742928975,420028.0,0.79196,1968.67504,42.5473289489746,248.37,94.3626256493653,WB/UNESCO
MLT,2013,5.89,Malta,292.87,19.24958,25415.5525389054,40921.3167795062,33138.0865932239,23330.0,35693.2432417356,30650.0,7.40672016143799,18.4813003540039,68.9138,424810.0,0.72644,1880.46422,44.4813919067383,289.17,94.3906567856206,WB/UNESCO
MLT,2014,7.99,Malta,289.77,19.26899,27424.5693619702,43163.1473000396,35205.746954765,24590.0,38378.1595236052,32580.0,6.84973001480103,17.3099403381348,73.1141157845193,433481.0,0.67653,1835.3282,45.4103507995605,278.98,94.412512773898,WB/UNESCO
MLT,2015,4.73,Malta,330.89,25.33087,25529.6693210673,46171.8893420758,38368.726998344,25470.0,41931.1521527684,35710.0,4.91352987289429,12.9842901229858,75.9600189752747,444220.0,0.69942,1865.25574,48.0389709472656,326.14,94.4387696268011,WB/UNESCO
MLT,2016,6.34,Malta,359.9,,26459.0644285369,46967.3486291212,41000.1176833537,23820.0,41199.3407861446,36440.0,4.95570993423462,13.9772901535034,78.0751488032182,454505.0,0.54032,1989.5946,49.2171897888184,360.76,94.4800033569336,WB/UNESCO
MLT,2017,11.84,Malta,422.04,,30317.2611769875,51628.2677400365,45763.6968096243,26690.0,47797.1557562162,42380.0,4.34281015396118,13.2781200408935,81.0119110762945,467106.0,0.52592,2027.40143,54.0890197753906,422.9,94.5691806330314,WB/UNESCO
MLT,2018,8.03,Malta,445.9,,33382.280781103,53419.0022708322,48178.5049931669,29030.0,48505.3988643784,43750.0,,,81.6580442928014,483903.0,0.54557,1904.9221,57.8407592773438,430.93,94.7242373261706,WB/UNESCO
MLT,2019,7.42,Malta,426.22,,32421.9087471186,53393.4231642463,51392.5014263659,29830.0,48373.2406230206,46550.0,4.79941987991333,13.7582998275757,85.7785963798031,503912.0,0.54851,1902.71628,58.4985084533691,412.83,94.9332032524644,WB/UNESCO
MLT,2020,12.95,Malta,506.7,,31823.422001724,50389.6963309289,49971.8904481582,26910.0,42780.1081160532,42430.0,,,86.85876183,515490.0,0.60002,1964.91528,61.4767112731934,507.89,95.1841082280263,WB/UNESCO
MLT,2021,11.17,Malta,528.43,,38078.0064279067,56823.9958525022,56823.9958525022,32440.0,49504.1020704355,49500.0,4.92963981628418,12.4916296005249,87.46977742,518150.0,0.59682,2082.82636,70.2313537597656,519.44,95.5145343617045,WB/UNESCO
MLT,2022,12.71,Malta,593.57,,35658.8318250199,56874.4339327368,60623.0076694404,34840.0,51989.5608428229,55320.0,4.71258020401001,12.4980001449585,91.54062209,531113.0,0.5745,2313.68128,74.5901336669922,593.4,95.6003155132879,WB/UNESCO
MMR,2003,0.0,Myanmar,12.02,,224.292688912409,1874.17128269389,1384.52851824933,190.0,,1380.0,,,0.0240641491408465,46667192.0,,,,11.68,28.0568026064444,WB/UNESCO
MMR,2004,0.0,Myanmar,16.84,,224.508811413327,2110.23728495831,1600.84105609832,230.0,,1600.0,,,0.024337392002823,47068772.0,,,,16.84,28.2256085278922,WB/UNESCO
MMR,2005,0.0,Myanmar,50.8,,252.685193060728,2377.90258162976,1860.45413156103,280.0,,1860.0,,,0.065200001,47438365.0,,,,50.8,28.390792243762,WB/UNESCO
MMR,2006,0.5,Myanmar,29.36,,303.495087119254,2669.32700379999,2152.86730948266,300.0,,2150.0,,,0.18204833106115,47785135.0,,,,29.11,28.5517581878355,WB/UNESCO
MMR,2007,0.0,Myanmar,37.23,,419.375780725042,2968.3033151236,2458.85746429843,360.0,,2460.0,,,0.217128445069958,48125043.0,,,11.0508098602295,35.07,28.7079107938945,WB/UNESCO
MMR,2008,1.5,Myanmar,60.76,,658.442487229705,3254.738978881,2748.07921328795,490.0,,2750.0,,,0.22,48390793.0,,,,60.09,28.8586544957208,WB/UNESCO
MMR,2009,0.0,Myanmar,87.8,,758.442935789255,3578.17424704515,3039.79982340763,660.0,,3040.0,,,0.219999999,48660459.0,,,,87.46,29.0033937270962,WB/UNESCO
MMR,2010,0.0,Myanmar,50.98,,1010.53417343401,3893.79030665874,3348.12889486108,880.0,,3350.0,,,0.25,49024382.0,,,,49.64,29.1415329218024,WB/UNESCO
MMR,2011,0.73,Myanmar,96.42,19.11895,1213.62898703376,4078.61220919965,3579.40482970626,1040.0,,3580.0,0.787440001964569,5.38150978088379,0.98,49419820.0,,,14.3246002197266,96.36,29.2724765136213,WB/UNESCO
MMR,2012,0.0,Myanmar,38.6,,1202.6658960055,4340.99945069174,3845.15284153671,1170.0,,3690.0,,,1.399999976,49837446.0,,,13.7377004623413,34.5,29.3956289363345,WB/UNESCO
MMR,2013,0.0,Myanmar,34.32,,1199.09561597055,4666.95376141392,4143.63012731959,1260.0,,4010.0,,,1.799999952,50262658.0,,,,34.55,29.5103946237239,WB/UNESCO
MMR,2014,0.0,Myanmar,45.94,,1293.00042298688,5006.50667149767,4376.38833281274,1260.0,,4180.0,,,7.400000095,50681634.0,,,,44.06,29.6164342116462,WB/UNESCO
MMR,2015,0.13,Myanmar,73.41,,1166.73305546337,5313.88615901476,4458.69054442659,1230.0,,4300.0,,,10.89999962,51089056.0,,,,70.35,29.7166821191682,WB/UNESCO
MMR,2016,0.17,Myanmar,86.18,,1229.19713515893,5580.98977273232,4459.53981427471,1230.0,,4340.0,,,16.0,51495696.0,,,,82.82,29.8129165582094,WB/UNESCO
MMR,2017,0.25,Myanmar,149.82,11.27985,1272.82241830603,5877.87465558175,4706.43248949598,1230.0,,4560.0,2.16652989387512,10.1906204223633,23.621081950267,51894938.0,0.03218,30.01847,,152.6,29.9051727703437,WB/UNESCO
MMR,2018,0.0,Myanmar,233.92,14.7764,1298.21310320785,6201.26341429803,5581.2769545815,1310.0,,5430.0,1.99249005317688,10.1159400939941,29.37899971,52272247.0,0.05881,34.1151,20.3723297119141,224.11,29.993574050729,WB/UNESCO
MMR,2019,0.58,Myanmar,289.25,14.62929,1425.98954211903,6562.98898478625,6101.37245765709,1380.0,,5900.0,1.99976003170013,9.74240970611572,36.54050064,52640713.0,0.08341,30.40636,,274.45,30.0782436945232,WB/UNESCO
MMR,2020,2.3,Myanmar,429.75,,1490.21683548367,5926.83450206681,5740.99045843992,1320.0,,5630.0,,,45.4477005,53016522.0,0.15568,32.80625,,380.95,30.1593049968842,WB/UNESCO
MMR,2021,1.43,Myanmar,273.83,,1242.72134419599,5178.44718217164,5178.44718217164,1240.0,5096.69887498233,5100.0,,,,53387102.0,0.12402,19.11376,,273.07,30.2368812529698,WB/UNESCO
MMR,2022,1.9,Myanmar,163.39,,1158.05005034332,5350.47666899931,5731.02947916374,1280.0,,5610.0,,,,53756787.0,0.03519,26.39711,,163.72,30.311095757938,WB/UNESCO
MNE,2003,0.0,Montenegro,0.0,,2789.95435110345,15076.6513903781,7340.3137283982,2440.0,,7770.0,,,,612267.0,0.79772,,18.6800899505615,0.0,61.6986616237464,WB/UNESCO
MNE,2004,0.0,Montenegro,0.0,,3386.38099417981,15716.0755725572,7841.47921235025,3100.0,,8250.0,,,25.3500686036232,613353.0,1.01874,,22.1096992492676,0.0,62.210498320663,WB/UNESCO
MNE,2005,0.0,Montenegro,0.0,,3675.98851272723,16348.8994494652,8313.63864460773,3660.0,,8410.0,,,27.10000038,614261.0,0.92443,,24.9292507171631,0.0,62.6763680644251,WB/UNESCO
MNE,2006,0.0,Montenegro,0.0,,4422.55172559508,17727.3660449403,10440.2950128752,4330.0,15261.6511676325,10610.0,,,28.89999962,615025.0,1.22991,,29.1942901611328,0.0,63.111308588912,WB/UNESCO
MNE,2007,0.25,Montenegro,64.85,,5979.43813180981,18966.4529580465,12452.2384875042,5130.0,17065.7881732893,12600.0,,,30.79999924,615875.0,1.14521,,36.3274917602539,62.35,63.5035790981749,WB/UNESCO
MNE,2008,0.0,Montenegro,67.19,,7390.01481290503,20238.9216459135,13801.987650094,6460.0,18192.7341370809,14010.0,,,32.90000153,616969.0,,,43.55712890625,65.36,63.8414387962647,WB/UNESCO
MNE,2009,0.0,Montenegro,73.23,,6726.67589734408,18984.9379136097,12976.2576863421,6730.0,17465.8957800595,13000.0,,,35.09999847,618294.0,,,51.6601409912109,71.57,64.1131468872325,WB/UNESCO
MNE,2010,1.0,Montenegro,110.51,,6678.63939560908,19476.1626179487,13612.3242240322,6920.0,17809.9985513849,13520.0,,,37.5,619428.0,,,55.2963485717773,107.06,64.3069625751293,WB/UNESCO
MNE,2011,1.0,Montenegro,138.33,,7265.51771176628,20110.4869725048,14347.4564724043,7240.0,18319.1708161414,14460.0,,,35.6115412460109,620345.0,0.31485,642.96419,59.0115089416504,136.33,64.4210914835811,WB/UNESCO
MNE,2012,0.0,Montenegro,159.13,,6552.47970337373,19576.412051459,13792.4877025819,6980.0,17811.9189401382,14030.0,,,56.8387825490631,621418.0,,,60.3092498779297,154.88,64.5244008658951,WB/UNESCO
MNE,2013,1.0,Montenegro,190.08,,7102.7776714702,20201.2916344369,14692.0792745799,7260.0,18748.7884421443,14980.0,,,60.31,622587.0,0.37431,637.60412,60.4347686767578,187.14,64.6252987959653,WB/UNESCO
MNE,2014,0.29,Montenegro,199.17,,7342.17147363741,20641.7645176561,15276.0532461713,7280.0,19284.9559851485,15480.0,,,63.8868840056697,623744.0,0.3632,665.31497,63.2196388244629,190.72,64.7232143772459,WB/UNESCO
MNE,2015,2.33,Montenegro,224.21,,6421.00005731419,21131.8410316247,16091.7231229959,7150.0,20099.7878764199,16450.0,,,68.1197860085679,624651.0,0.374,830.62949,63.9372711181641,217.34,64.8181652937171,WB/UNESCO
MNE,2016,0.0,Montenegro,241.08,,6968.01202883651,21834.0918741924,18030.1591692766,7020.0,21299.205928604,18190.0,,,69.8816468416779,625353.0,0.32454,716.88365,59.1839218139648,227.73,64.9101692293409,WB/UNESCO
MNE,2017,0.0,Montenegro,284.32,,7674.2856571219,22513.7807637171,19356.6672508566,7240.0,22690.3845364872,19760.0,,,71.2723325399382,625982.0,0.34898,708.80379,60.9102210998535,276.02,64.9992438680584,WB/UNESCO
MNE,2018,3.5,Montenegro,256.39,,8673.59469069858,23562.1762558957,21083.6815338423,8250.0,23848.3690055505,21340.0,,,71.5171004874886,626438.0,0.50374,775.01569,58.1831512451172,248.09,65.0854068937869,WB/UNESCO
MNE,2019,1.0,Montenegro,281.21,,8749.25629734676,24585.1159529158,23705.3800229705,8970.0,25128.5777380503,23970.0,,,73.4766657478691,626753.0,0.36328,764.41883,56.2633209228516,255.61,65.1686759904159,WB/UNESCO
MNE,2020,2.79,Montenegro,317.08,,7555.48699036321,20904.5999314513,20624.7887553398,7780.0,20446.0355369074,20960.0,,,77.60879306,626590.0,,,58.0944709777832,285.07,65.2490688418027,WB/UNESCO
MNE,2021,0.71,Montenegro,313.93,,9315.86435643142,23689.9791090651,23689.9791090651,9220.0,24182.3019544364,24180.0,,,82.21969752,625053.0,,,57.9613914489746,283.61,65.3266031317675,WB/UNESCO
MNE,2022,2.89,Montenegro,294.93,,10038.1849482517,25583.3155690619,28049.7293227735,10420.0,26552.7767306868,28610.0,,,88.22192026,623591.0,,,57.4317893981934,266.88,65.4012965440866,WB/UNESCO
MNG,2003,0.0,Mongolia,38.34,,643.168068921658,6463.78966651762,4399.3653792179,610.0,,4370.0,,,,2480374.0,0.2518,,36.878849029541,38.34,59.3546986563236,WB/UNESCO
MNG,2004,0.0,Mongolia,35.14,18.43274,794.154552001815,7070.667158451,4941.82663698115,760.0,,4910.0,4.32572984695435,13.5944499969482,,2508412.0,0.26777,,39.5999908447266,35.27,60.7829994587671,WB/UNESCO
MNG,2005,0.0,Mongolia,39.99,,994.90010913241,7499.84803935428,5406.14341975834,890.0,,5300.0,,,9.0,2536407.0,0.23775,,43.4830207824707,39.99,62.3122627023789,WB/UNESCO
MNG,2006,0.0,Mongolia,53.23,,1329.89179579053,8043.99678108557,5977.19688733392,1110.0,,5900.0,,,9.0,2567168.0,0.19121,,46.8148307800293,51.81,63.8388366340039,WB/UNESCO
MNG,2007,0.0,Mongolia,112.66,,1627.68787743359,8750.13407442299,6678.05474329676,1400.0,,6520.0,4.69013023376465,13.2864503860474,9.0,2601850.0,0.23827,,46.9772300720215,111.41,65.2590695004873,WB/UNESCO
MNG,2008,0.33,Mongolia,95.92,,2127.42678594737,9379.85489687765,7296.5807364588,1790.0,,7070.0,,,9.800000191,2643201.0,0.33667,,49.1745986938477,94.28,66.4693095486742,WB/UNESCO
MNG,2009,0.73,Mongolia,100.08,,1703.32756790019,9095.9769892529,7119.3942421903,1780.0,,6820.0,5.14483976364136,14.511420249939,10.0,2691115.0,0.30478,,53.1806716918945,97.7,67.3659050254095,WB/UNESCO
MNG,2010,0.08,Mongolia,89.87,6.68271,2625.21881402433,9507.118823625,7531.62557418036,1990.0,6949.9545573182,6920.0,4.64510011672974,14.7111396789551,10.2,2738622.0,0.24438,,56.0776786804199,88.52,67.8298018313254,WB/UNESCO
MNG,2011,0.0,Mongolia,101.83,3.82765,3736.04201455077,10960.0959283864,8861.82052869304,2570.0,7872.67393422799,8130.0,4.6090202331543,12.1508502960205,12.4999911084745,2786317.0,0.23054,,56.7482133834947,98.72,67.9196058798676,WB/UNESCO
MNG,2012,0.0,Mongolia,127.91,19.55295,4328.89001905655,12078.9185320062,10151.7217998165,3630.0,8853.20194837071,9370.0,5.19521999359131,14.4072303771973,16.4,2839705.0,0.23913,,61.3067016601562,128.33,67.9522782537785,WB/UNESCO
MNG,2013,0.25,Mongolia,162.96,16.41355,4340.14310544449,13210.0945665668,10442.3850504493,4310.0,9728.51435789435,9850.0,4.94078016281128,15.367449760437,17.699984237,2899011.0,0.23246,,64.8171691894531,163.21,67.9776750055915,WB/UNESCO
MNG,2014,0.0,Mongolia,115.38,14.28698,4126.23975800524,13943.4277148653,10900.2305197857,4180.0,10491.6593956428,10010.0,4.71483993530273,14.6681003570557,19.9424474349209,2963113.0,0.2234,,66.6792297363281,114.94,67.9941357229626,WB/UNESCO
MNG,2015,0.17,Mongolia,101.76,11.44633,3838.92126989984,13974.5967260365,10458.3027240524,3770.0,10258.8861389436,9590.0,4.22361993789673,13.5471096038818,22.5000041337688,3026864.0,0.1564,,70.3587265014648,99.93,67.9999999906095,WB/UNESCO
MNG,2016,0.53,Mongolia,117.4,10.96171,3619.90026383792,13898.1456953585,10511.3831063141,3460.0,10527.042077387,9650.0,5.18311023712158,13.0631103515625,22.2657705007562,3088856.0,0.18346,,65.2477111816406,116.61,67.9776754820979,WB/UNESCO
MNG,2017,0.4,Mongolia,150.84,6.40868,3645.96708669551,14401.5375067562,11096.0375604239,3200.0,10793.9910860099,9540.0,4.06898021697998,12.6456203460693,23.71430016,3148917.0,0.1342,,64.4055709838867,148.24,67.9260583223672,WB/UNESCO
MNG,2018,0.17,Mongolia,152.35,,4107.64288528468,15230.2408828847,12317.4824277695,3650.0,12047.3081762996,11160.0,,13.1147419018324,47.1300018848989,3208189.0,0.10161,,65.1030502319336,141.87,67.8683444833372,WB/UNESCO
MNG,2019,1.42,Mongolia,193.54,,4347.54610314873,15790.6961126441,13604.978943194,3800.0,12626.3214499036,12100.0,,10.3395645495832,51.079994082603,3267673.0,0.0927,,67.970817565918,187.24,67.8277299551557,WB/UNESCO
MNG,2020,0.87,Mongolia,214.2,,4001.25193077703,14801.3420829185,13693.179806943,3690.0,12250.2722693742,12400.0,,8.63527875814548,62.50002848,3327204.0,0.13301,332.37478,66.2557467107749,215.39,68.0894771770775,WB/UNESCO
MNG,2021,2.93,Mongolia,283.96,,4517.61578018785,14792.2509086422,14792.2509086422,3690.0,12632.6509099782,12630.0,,8.3640945565652,81.60682285,3383741.0,0.10008,681.35643,67.4261046440448,274.29,69.2153244018555,WB/UNESCO
MNG,2022,3.25,Mongolia,262.05,,4993.51487463495,15310.4349469163,16399.3900820069,4340.0,13776.9232164105,14830.0,,7.45206641970586,81.07720184,3433748.0,0.08365,535.37392,67.6998728025335,258.96,69.783805847168,WB/UNESCO
MOZ,2003,0.0,Mozambique,26.25,,339.488737800648,883.239121472194,619.98751067723,330.0,827.308181741778,600.0,,,0.419538843913707,19392475.0,,,0.928529977798462,26.25,29.7146340268639,WB/UNESCO
MOZ,2004,0.0,Mozambique,32.25,,400.056973161545,934.133964844421,673.345717274031,380.0,864.385518976247,660.0,3.19837999343872,18.0015392303467,0.679447835392438,19840313.0,,,1.15550994873047,32.58,29.8592114813982,WB/UNESCO
MOZ,2005,0.0,Mozambique,38.87,,436.773856167384,970.38995609863,721.411761937554,420.0,900.54231901138,690.0,3.85834002494812,22.7181797027588,0.854399979,20304569.0,,,1.43202996253967,38.87,30.0098613217248,WB/UNESCO
MOZ,2006,0.5,Mozambique,44.56,12.13972,457.487647833183,1041.80471709595,798.387667647138,450.0,943.436481027315,750.0,3.7359299659729,18.5500392913818,0.842954488044236,20787087.0,0.3977,16.40562,2.12770009040833,44.56,30.1740801725307,WB/UNESCO
MOZ,2007,0.2,Mozambique,42.63,,507.874923914304,1095.12568701598,861.987682707446,480.0,1016.14514126341,810.0,,,0.91,21287635.0,,,3.03946995735169,41.8,30.3598131347122,WB/UNESCO
MOZ,2008,0.33,Mozambique,48.7,,592.159111184122,1141.94256161019,916.155850201632,530.0,1096.15086846404,870.0,,,1.56,21819036.0,0.13607,20.60081,3.51939988136292,47.93,30.5625357695184,WB/UNESCO
MOZ,2009,0.0,Mozambique,58.37,,547.697144193651,1178.70909947834,951.485453773408,570.0,1151.59093367106,930.0,,,2.68,22391745.0,,12.3366,3.82146000862122,54.19,30.7715592059159,WB/UNESCO
MOZ,2010,0.0,Mozambique,46.66,,496.185839392659,1224.23020471309,1000.24114863211,550.0,1146.15137868019,970.0,5.24539789470058,20.1663437150228,4.17,22999235.0,0.37595,40.21198,4.6029332896014,45.26,30.9861779822921,WB/UNESCO
MOZ,2011,0.07,Mozambique,74.34,,618.17649286789,1275.52959822581,1063.65543296311,570.0,1202.21948250104,1050.0,5.53052494030773,19.0985737705136,4.599999905,23649039.0,,,4.903703492415,73.52,31.2062230032794,WB/UNESCO
MOZ,2012,0.5,Mozambique,63.44,12.18158,685.685748199513,1338.51594866104,1075.87786085361,630.0,1325.94078782905,1070.0,5.5575098991394,19.767240524292,5.0,24337846.0,,,5.19951373358179,62.54,31.4315251735105,WB/UNESCO
MOZ,2013,0.0,Mozambique,69.92,13.69089,686.505672517351,1385.83254864214,1113.7525275929,690.0,1368.92705184715,1110.0,6.03575992584229,19.0328807830811,5.5,25051611.0,,,5.59344755668074,69.05,31.6619153976179,WB/UNESCO
MOZ,2014,0.5,Mozambique,87.45,,697.142680444123,1449.92926632722,1165.82826607505,710.0,1399.56078699311,1150.0,6.39920843528224,17.4073095441863,6.0,25788475.0,,,6.25049132527997,81.5,31.8972245802342,WB/UNESCO
MOZ,2015,0.14,Mozambique,105.17,,610.563774706589,1512.5997455554,1317.88785956822,670.0,1472.33677504539,1290.0,5.91515660575298,19.8523388681499,6.5,26547572.0,0.30814,44.41136,6.73181717702859,103.79,32.1372836259918,WB/UNESCO
MOZ,2016,0.0,Mozambique,109.95,,441.489734819071,1537.90853271216,1379.10740028691,550.0,1473.2784437468,1350.0,5.80086994171143,19.9363708496094,7.0,27337105.0,,,7.34197304077013,105.53,32.3819234395234,WB/UNESCO
MOZ,2017,0.3,Mozambique,133.0,,470.93856305196,1532.0073576114,1282.74965991801,480.0,1516.31569126195,1250.0,5.48664999008179,18.5936508178711,7.7963266079129,28166393.0,,,7.24573099191356,130.48,32.6274411492675,WB/UNESCO
MOZ,2018,2.2,Mozambique,150.7,,517.507260258101,1538.83512127022,1325.58695568953,470.0,1540.87564051496,1300.0,5.38976001739502,16.4055500030518,10.89999962,29018644.0,,,7.4630510423433,145.47,32.9902559073541,WB/UNESCO
MOZ,2019,2.05,Mozambique,155.23,,519.09255091362,1528.88988354373,1388.79707034446,500.0,1464.17575326451,1360.0,5.99969523584354,19.033681769627,12.47929955,29884380.0,,,,155.48,33.4177241517032,WB/UNESCO
MOZ,2020,1.52,Mozambique,176.28,,462.433876479921,1466.12476474476,1411.62040229911,480.0,1402.34642836369,1380.0,6.17059556957808,17.9349282180825,14.28740025,30783688.0,,,,171.85,33.9044006416285,WB/UNESCO
MOZ,2021,1.65,Mozambique,219.67,,509.907829475551,1457.23540930922,1457.23540930922,490.0,1426.60383172849,1430.0,6.34063583505687,20.4497393344876,16.35759926,31707800.0,,,,219.18,34.4499259401554,WB/UNESCO
MOZ,2022,1.28,Mozambique,194.32,,578.273222184503,1476.73432917026,1581.76710168717,500.0,1424.43485728754,1460.0,5.97607342054314,,18.96220016,32656246.0,,,,196.72,35.0536638047945,WB/UNESCO
MRT,2003,0.0,Mauritania,4.95,,732.017820812675,5023.65213216804,2446.69817682165,730.0,3841.43523850616,2520.0,2.36501002311706,0.0,0.424004895843197,2802046.0,,,3.29281997680664,4.95,38.8866922319919,WB/UNESCO
MRT,2004,0.0,Mauritania,6.39,,823.554457141893,5139.22552032468,2570.29404940805,820.0,3994.02972550823,2640.0,1.9507999420166,8.17580986022949,0.481470438230954,2868664.0,,,3.34153008460998,6.39,39.5685575664461,WB/UNESCO
MRT,2005,0.0,Mauritania,10.96,,998.96583416747,5445.82950903243,2809.03507988901,960.0,4512.77741154145,2870.0,,,0.670000017,2939059.0,,,3.07908010482788,10.84,40.407151934074,WB/UNESCO
MRT,2006,0.0,Mauritania,7.28,,1300.60367988659,6284.70209004217,3341.70718361046,1180.0,4924.51986866721,3280.0,1.95850002765655,10.310079574585,0.979700029,3013660.0,,,3.48698997497559,7.28,41.3739934217664,WB/UNESCO
MRT,2007,0.0,Mauritania,9.21,,1405.15016203368,6002.77832134488,3278.27661378558,1260.0,4720.21374790455,3230.0,,,1.433599949,3093059.0,,,3.95002007484436,9.21,42.4406001164139,WB/UNESCO
MRT,2008,0.0,Mauritania,4.44,16.71993,1635.5630623124,5813.35608502791,3235.99782239327,1430.0,4627.95360807199,3220.0,,,1.870000005,3183269.0,,,4.07179021835327,4.44,43.5784901049073,WB/UNESCO
MRT,2009,0.0,Mauritania,7.3,,1435.43010811893,5639.78744910419,3158.74414243775,1500.0,4532.3440307915,3190.0,,,2.279999971,3284448.0,,,4.12409019470215,7.3,44.7591814741371,WB/UNESCO
MRT,2010,0.0,Mauritania,5.23,18.79216,1659.96369705455,5605.76388862715,3177.84436626742,1550.0,4959.52502826533,3140.0,,,4.0,3390965.0,,,4.66769636853479,5.23,45.9541923109942,WB/UNESCO
MRT,2011,0.1,Mauritania,13.44,12.82711,1931.19975525465,5653.21720092427,3270.86251435426,1640.0,5447.5602814876,3190.0,2.33102011680603,13.68274974823,4.5,3502811.0,,,5.06647175812938,13.44,47.1350407023691,WB/UNESCO
MRT,2012,0.33,Mauritania,12.99,12.23829,1859.11733247641,5716.25195414285,3464.97661167288,1800.0,5301.33250177996,3360.0,2.15821003913879,10.0176601409912,5.0,3619034.0,,,5.49335070425997,12.99,48.2732447351525,WB/UNESCO
MRT,2013,0.0,Mauritania,15.17,11.58006,1936.26950446101,5769.72870902318,3831.04711074225,1890.0,5276.55388628438,3720.0,2.29352998733521,11.4054298400879,6.199999809,3734318.0,,,5.79601450584933,14.67,49.3553973225913,WB/UNESCO
MRT,2014,0.0,Mauritania,12.19,,1718.97089374709,5837.85203095508,3865.1425867687,1790.0,4545.03264853741,3720.0,2.55796423507035,11.9051281040546,11.80000019,3848514.0,,,,11.23,50.4694791226856,WB/UNESCO
MRT,2015,0.0,Mauritania,14.3,,1558.84205473416,5969.54239289516,3977.61171275863,1680.0,4469.4581896058,3860.0,2.82956598871445,12.8434937947395,17.60000038,3965959.0,,,5.88425001273035,13.97,51.6680350049622,WB/UNESCO
MRT,2016,0.0,Mauritania,15.13,17.73177,1568.00551190332,5866.28144674129,4682.70259690031,1550.0,4873.54793246649,4600.0,1.94405996799469,9.33061027526855,19.23279953,4086657.0,,,5.56245834327609,14.8,52.9185627319946,WB/UNESCO
MRT,2017,0.0,Mauritania,11.4,,1617.93401542267,6050.62180325299,5353.06608810409,1560.0,4986.25780233731,5280.0,,,21.01720047,4210600.0,,,5.15614020144375,11.4,54.1970448502004,WB/UNESCO
MRT,2018,0.0,Mauritania,16.72,,1723.37809442655,6153.63790241704,5429.23223059784,1680.0,5557.11382965587,5400.0,,,22.96699905,4337685.0,0.01019,,5.13275480775448,16.84,55.1305077000081,WB/UNESCO
MRT,2019,0.64,Mauritania,20.63,,1767.072710621,6162.21044455969,5610.13236713892,1720.0,5826.69200331496,5540.0,1.82317996025085,10.2280197143555,25.0977993,4467708.0,,,5.88823986461851,21.59,56.0596215779146,WB/UNESCO
MRT,2020,0.0,Mauritania,22.25,,1795.72437324423,5963.23549724988,5740.73959690131,1720.0,6053.9989709342,5670.0,1.80263996124268,9.72708988189697,29.90649986,4600131.0,,,5.97194330025359,24.92,56.9836701058893,WB/UNESCO
MRT,2021,0.38,Mauritania,36.65,,1947.47413907209,5836.56580821897,5836.56580821897,1810.0,5744.05819664614,5740.0,1.891970038414,9.10482025146484,35.63660049,4734874.0,,,,36.92,57.901535141641,WB/UNESCO
MRT,2022,0.0,Mauritania,26.47,,1961.28166648869,6053.26178124768,6483.80020315347,2010.0,5431.61520965995,6440.0,1.38966000080109,4.84178018569946,42.46450043,4875637.0,,,,25.95,58.8120996197226,WB/UNESCO
MUS,2003,0.0,Mauritius,42.07,14.78596,4858.26575549747,14551.8784442579,10509.5278979796,4470.0,16030.3122398927,10460.0,4.35718011856079,17.9227199554443,12.1871062041308,1213370.0,0.32171,,15.7577295303345,42.07,41.5127065251754,WB/UNESCO
MUS,2004,0.0,Mauritius,56.68,13.98346,5460.60800184198,15087.0687832797,11189.052576406,5240.0,16847.0719291975,11170.0,4.25576019287109,17.3871002197266,13.6890885885342,1221003.0,0.36329,,17.2851009368896,56.68,41.3265540022042,WB/UNESCO
MUS,2005,0.0,Mauritius,75.47,11.34756,5354.02974260642,15264.5981839157,11675.6699007399,5670.0,16134.4457426553,11660.0,4.02402019500732,17.0881309509277,15.1722002,1228254.0,0.35574,,21.0529594421387,75.22,41.1419874152917,WB/UNESCO
MUS,2006,1.02,Mauritius,59.03,10.32953,5784.22491883026,15932.8192222795,12562.6029628769,5910.0,16954.9019566442,12430.0,3.64840006828308,15.1761703491211,16.7,1233996.0,,,23.6054592132568,59.03,40.9607687547567,WB/UNESCO
MUS,2007,0.0,Mauritius,53.09,,6677.37538616398,16774.5685137565,13584.6344760343,6460.0,18577.8049564834,13700.0,3.18540000915527,14.1832799911499,20.22,1239630.0,,,24.5238494873047,52.09,40.7846600109183,WB/UNESCO
MUS,2008,1.48,Mauritius,69.89,10.20813,8140.47983639243,17627.1121948078,14550.0931340656,7390.0,18254.3083004183,14550.0,3.06307005882263,14.0394401550293,21.81,1244121.0,,,27.0272006988525,68.14,40.6154231740954,WB/UNESCO
MUS,2009,1.0,Mauritius,79.6,12.5316,7426.86137313939,18171.6870025783,15092.1207032498,7730.0,17961.6051752609,14810.0,3.04731011390686,13.2472295761108,22.51,1247429.0,,,31.3993797302246,78.74,40.4548202346069,WB/UNESCO
MUS,2010,3.14,Mauritius,84.8,9.36454,8113.17670740212,18925.5713852829,15909.2655877327,8210.0,17744.7418964335,15790.0,3.55147004127502,14.5731496810913,28.33,1250400.0,,,33.0799908955061,83.8,40.3046131827718,WB/UNESCO
MUS,2011,0.5,Mauritius,63.59,7.96286,9324.24232310496,19678.6022639733,16883.5658209611,8530.0,17973.8581578172,16590.0,3.33207011222839,13.846170425415,34.95000076,1252404.0,,,34.2265053809565,63.82,40.1665923228716,WB/UNESCO
MUS,2012,1.57,Mauritius,115.62,7.85019,9421.52514098225,20313.0328941469,17259.4018011358,9700.0,19681.676658135,17890.0,3.41820001602173,14.9606199264526,35.42,1255882.0,0.17773,176.93358,40.3749497386409,114.62,40.0369511615085,WB/UNESCO
MUS,2013,1.14,Mauritius,121.12,8.02222,9877.13865958834,20952.3775734986,18435.2031858653,10360.0,22167.8777148935,19200.0,3.56775999069214,14.7890100479126,40.116825135,1258927.0,,,41.4023953525386,119.33,39.9108848558771,WB/UNESCO
MUS,2014,2.0,Mauritius,122.34,7.05953,10490.3315563853,21721.3096444788,19294.4682829556,10720.0,23412.4117294641,20090.0,4.81514978408813,20.905179977417,44.8032753683379,1261208.0,,,40.0382004235695,117.17,39.7887571971735,WB/UNESCO
MUS,2015,4.3,Mauritius,120.65,6.82223,9630.5437837507,22499.0254570551,20269.5235095611,10660.0,25463.8554277872,21180.0,4.75847005844116,19.4570903778076,50.1393184766711,1262879.0,,,37.760738643162,118.02,39.6709610617726,WB/UNESCO
MUS,2016,1.0,Mauritius,155.07,6.35365,10095.1225574156,23357.230006621,21951.8307433111,10650.0,26919.8460884717,22860.0,4.88207006454468,19.9624996185303,52.19129944,1263747.0,,,38.4107692617261,153.63,39.5578893260494,WB/UNESCO
MUS,2017,2.0,Mauritius,167.13,5.86204,10986.7034093005,24258.988821567,22897.9700922103,11020.0,28151.4665885988,24170.0,4.87887001037598,20.3572006225586,55.4032403002657,1264887.0,0.35423,,39.6618786560902,178.16,39.4499348663789,WB/UNESCO
MUS,2018,1.6,Mauritius,133.59,6.42423,11818.7480619272,25243.886462031,23415.5237589118,12190.0,29082.2067474831,24770.0,4.67447996139526,19.2743301391602,58.596169704299,1265577.0,0.33387,465.4988,40.4078098261963,133.6,39.3474905591359,WB/UNESCO
MUS,2019,2.0,Mauritius,236.54,,11568.2533399824,25958.4900281465,24374.7818286567,12710.0,29912.1509266217,25750.0,4.54195022583008,18.6769294738769,61.7299551453346,1265985.0,0.35699,543.55651,42.9878710798151,223.89,39.2509492806955,WB/UNESCO
MUS,2020,0.94,Mauritius,193.23,,9135.84773751062,22272.5398696677,21621.5971225157,10780.0,25110.0803920427,23500.0,4.35243988037109,15.6466999053955,67.73290684,1266014.0,0.40299,558.19237,42.5378418595105,192.64,39.1607039074325,WB/UNESCO
MUS,2021,1.02,Mauritius,193.76,,9177.71195973013,23010.2013826906,23010.2013826906,10900.0,25356.6770068217,25360.0,4.67151021957397,14.3231296539307,71.59999847,1266334.0,0.36784,564.33636,43.9577226373808,208.35,39.077147315722,WB/UNESCO
MUS,2022,0.85,Mauritius,238.86,,10246.5017455553,25005.0666145723,26783.5527116445,11810.0,24048.2005856642,29780.0,4.84085988998413,15.709059715271,75.5,1262523.0,0.30879,578.6005,44.2026816403629,247.88,39.0000125885784,WB/UNESCO
MWI,2003,0.0,Malawi,75.56,,383.348596852642,1176.12385998737,979.038977924866,320.0,,970.0,2.20964002609253,16.4977703094482,0.278815116302304,12181574.0,,,0.391519993543625,75.56,14.9551384691108,WB/UNESCO
MWI,2004,0.2,Malawi,82.28,,404.674248445428,1208.2196975075,1032.80213910081,440.0,,1020.0,,,0.347505334967577,12500737.0,,,0.462709993124008,82.28,15.0316039821946,WB/UNESCO
MWI,2005,0.2,Malawi,85.61,,414.361121984475,1214.7426419188,1070.93590956856,430.0,,1060.0,,,0.384499997,12840031.0,,,0.45329999923706,84.41,15.1041793656241,WB/UNESCO
MWI,2006,1.25,Malawi,87.43,,440.822149023873,1237.27386519947,1124.43826912937,440.0,,1120.0,,,0.425099999,13198701.0,,,0.479409992694855,87.48,15.1753987017157,WB/UNESCO
MWI,2007,1.0,Malawi,130.35,,475.180261659331,1318.33196397214,1230.56385436176,480.0,,1230.0,,,0.965864736553132,13576343.0,,30.31564,0.477120012044907,128.35,15.2477960727861,WB/UNESCO
MWI,2008,1.67,Malawi,112.38,,554.048820396119,1378.42886690465,1311.44999787357,530.0,,1310.0,,,0.7,13976417.0,,,,109.38,15.3238029928378,WB/UNESCO
MWI,2009,1.26,Malawi,106.44,,625.869729869625,1449.72601522136,1387.78991563151,590.0,,1380.0,,,1.07,14395788.0,,,,106.19,15.4015312766848,WB/UNESCO
MWI,2010,0.48,Malawi,126.77,29.7982,683.124694716799,1504.37514113215,1457.60568304833,650.0,,1440.0,2.43236994743347,12.4599800109863,2.26,14826463.0,,50.11331,1.26225889832108,125.96,15.4776969380518,WB/UNESCO
MWI,2011,1.56,Malawi,141.15,26.63025,763.061000394572,1533.22889572405,1516.2111831915,710.0,,1500.0,2.85346007347107,15.0456495285034,3.33,15265022.0,,,1.55183037174754,144.01,15.5523153908723,WB/UNESCO
MWI,2012,0.0,Malawi,157.59,,558.46208832772,1518.14803849238,1464.04323957796,650.0,,1440.0,2.52861185625253,13.6409635773445,4.350599766,15709577.0,,,0.838820281170415,156.1,15.6253133040464,WB/UNESCO
MWI,2013,0.0,Malawi,135.58,28.35581,496.947368267313,1555.50607410511,1558.11224745203,590.0,,1530.0,3.72169995307922,20.4968299865723,5.050000191,16161816.0,,,,135.08,15.6966173464742,WB/UNESCO
MWI,2014,0.03,Malawi,171.69,21.54824,529.5133440206,1597.56484331405,1505.55190404024,530.0,,1480.0,3.32569003105164,16.5964698791504,5.829999924,16621538.0,,,0.827777867221161,169.71,15.766154187056,WB/UNESCO
MWI,2015,0.66,Malawi,178.8,24.20894,539.605363240686,1597.69145324855,1403.08451209235,510.0,,1370.0,3.85398006439209,21.7978992462158,6.0,17085587.0,,,0.809801002249246,177.35,15.8338504946918,WB/UNESCO
MWI,2016,1.97,Malawi,195.41,23.10647,450.506105510719,1593.59549264808,1409.95802703533,490.0,,1410.0,3.28257989883423,17.1988105773926,6.300000191,17557739.0,,,,189.5,15.899632938282,WB/UNESCO
MWI,2017,1.63,Malawi,234.81,,495.769683367165,1613.0593571462,1380.23263621737,480.0,1631.31482335692,1350.0,2.76899003982544,14.3444204330444,7.0,18039715.0,,,,227.93,15.9634281867266,WB/UNESCO
MWI,2018,2.15,Malawi,245.97,,533.202567189331,1638.91665761076,1363.79445595088,490.0,1570.60831874735,1320.0,3.32295989990234,15.8293504714966,8.798299789,18528081.0,,,1.6942403485732,240.13,16.0221486554255,WB/UNESCO
MWI,2019,0.63,Malawi,252.4,,580.889139762475,1687.28944917892,1450.01008064784,540.0,1641.01150416974,1420.0,,,11.05860043,19025752.0,0.17752,25.16829,,244.11,16.1383746619001,WB/UNESCO
MWI,2020,2.5,Malawi,291.02,,602.507478176106,1656.43985192533,1513.45990803344,560.0,1631.05930574232,1470.0,,20.1574484055989,13.89949989,19533888.0,,,2.40217380732134,285.91,16.2961471756409,WB/UNESCO
MWI,2021,0.99,Malawi,371.88,,617.446994451007,1687.59358179651,1687.59358179651,600.0,1636.88804610771,1640.0,,17.5594096480172,15.30300045,20047258.0,,,2.39798041885226,374.94,16.4881925800694,WB/UNESCO
MWI,2022,0.71,Malawi,361.73,,604.269740360317,1659.95933825168,1778.02399491871,610.0,1565.59459249644,1720.0,2.74888371105811,,16.84830093,20568728.0,,,2.70813684546823,357.99,16.7146031979436,WB/UNESCO
MYS,2003,5.35,Malaysia,1761.55,34.98647,4465.32194567208,19329.0062757538,14387.2484913945,4170.0,,13610.0,7.50288009643555,24.5424404144287,34.9711523397291,24679602.0,,,31.2641696929932,1754.78,65.0750932867555,WB/UNESCO
MYS,2004,11.81,Malaysia,2093.36,33.44521,4939.24851854427,20168.5062099425,15415.8063403821,4720.0,,14620.0,5.92389011383057,21.0129203796387,42.2522656295248,25256772.0,0.5999,507.42811,29.779899597168,2090.05,66.0647889111941,WB/UNESCO
MYS,2005,5.53,Malaysia,2508.56,,5555.58179951206,20767.5857243346,16371.4260816627,5240.0,,15650.0,,,48.6291702459839,25836071.0,,,27.1163005828857,2494.54,67.0159820173565,WB/UNESCO
MYS,2006,19.6,Malaysia,3210.77,36.13291,6158.40785533236,21444.4857715028,17426.3611679923,5790.0,,16920.0,4.48576021194458,16.745569229126,51.6379889864403,26417909.0,0.61106,371.05001,27.6703605651856,3186.09,67.9191992840997,WB/UNESCO
MYS,2007,5.0,Malaysia,3763.96,33.02901,7168.93031942508,22305.118263117,18616.8070759823,6560.0,,18230.0,4.37253999710083,16.1246604919434,55.7,26998389.0,,,29.375789642334,3739.33,68.7649673902807,WB/UNESCO
MYS,2008,27.92,Malaysia,5859.36,,8371.82156086005,22898.0027575442,19479.8799583693,7420.0,,18900.0,3.95851993560791,14.0386400222778,55.8,27570059.0,0.78847,598.97222,32.9037017822266,5802.94,69.5438130147565,WB/UNESCO
MYS,2009,17.64,Malaysia,7850.72,35.94429,7191.43287234626,22106.6417311801,18922.6459510316,7500.0,,18550.0,5.97418022155762,18.4646301269531,55.9,28124778.0,1.01001,1063.03522,35.0602111816406,7765.88,70.2462628363839,WB/UNESCO
MYS,2010,16.63,Malaysia,10937.69,34.45404,8899.34505544675,23307.9698543785,20193.4092938834,8130.0,,19550.0,4.96645021438599,18.4062309265137,56.3,28655776.0,1.03608,1452.73369,36.6774305573553,10815.81,70.8625314831025,WB/UNESCO
MYS,2011,31.37,Malaysia,13550.23,36.96771,10217.1068585031,24115.8181203958,21324.3594996498,8890.0,,20820.0,5.76293992996216,20.9770202636719,61.0,29162039.0,1.03342,1633.85555,35.5661790570975,13292.1,71.4245166681964,WB/UNESCO
MYS,2012,62.74,Malaysia,14203.57,28.4681,10600.5744240026,25006.3587781537,22638.5406944009,9980.0,,21800.0,5.73902988433838,19.8511600494385,65.8,29662831.0,1.09269,1769.90749,36.825516807355,13744.66,71.9680127926087,WB/UNESCO
MYS,2013,51.77,Malaysia,15008.95,30.50736,10713.6407638899,25736.3525554142,23160.8924510627,10590.0,,22390.0,5.48122978210449,19.454309463501,57.05751226,30174265.0,,,38.0700970900265,14205.2,72.4882717118078,WB/UNESCO
MYS,2014,69.25,Malaysia,16608.39,,11013.3107334403,26818.4317281659,24306.5212338415,10840.0,,23500.0,5.21264982223511,19.8005599975586,63.6654258813225,30696137.0,1.26275,2015.97275,38.3919142029325,15764.08,72.9802206910773,WB/UNESCO
MYS,2015,150.96,Malaysia,18099.96,,9648.6797937523,27699.6278860387,24526.3942716012,10350.0,26609.7126985461,23860.0,4.89487981796265,19.8107299804688,71.0640678111957,31232798.0,1.27945,2256.60241,44.289909239243,17240.13,73.4387869957006,WB/UNESCO
MYS,2016,82.85,Malaysia,18747.44,23.3901,9476.53409809923,28425.3707609412,25285.8213541391,9800.0,27661.5350897956,24590.0,4.75191020965576,20.7891407012939,78.7883099275229,31789685.0,1.41517,2334.07987,45.4034659569972,17827.44,73.8588978909614,WB/UNESCO
MYS,2017,98.24,Malaysia,19900.96,20.9924,9862.54806612235,29551.5457597197,26415.5960203287,9560.0,28757.6428033718,25670.0,4.6753101348877,21.2099094390869,80.1404790103961,32355644.0,,,42.293211695146,18867.8,74.2354806421432,WB/UNESCO
MYS,2018,108.18,Malaysia,19992.49,21.34708,10901.8019954421,30459.9655338061,27793.5674222948,10200.0,29448.9587026005,26930.0,4.47865009307861,19.6432590484619,81.2010486181174,32910967.0,1.04026,2110.44315,43.3100279300797,17628.87,74.5634625145296,WB/UNESCO
MYS,2019,157.58,Malaysia,21651.72,,10920.191763972,31300.5086554849,28933.928297233,10750.0,30437.8605804335,28180.0,4.15775012969971,17.6363105773926,84.1871450078281,33440596.0,,,40.8082966813944,18671.39,74.8377707734042,WB/UNESCO
MYS,2020,169.68,Malaysia,21993.06,,9957.52626697613,29200.452632127,27474.7361378236,10110.0,28543.0544254976,26920.0,3.91176009178162,15.6218795776367,89.55501192,33889558.0,0.95055,711.51035,39.7445667367633,18858.11,75.0511895575672,WB/UNESCO
MYS,2021,232.76,Malaysia,26302.68,,10903.1037480772,29822.8491831618,29822.8491831618,10520.0,29011.1261586983,29010.0,4.26109393398867,20.4625782848639,96.7514278,34282399.0,,,38.1899993008367,22347.89,75.5088628191907,WB/UNESCO
MYS,2022,424.19,Malaysia,26506.35,,11754.5678336248,32129.2217820113,34414.4136245222,11620.0,31100.9023035818,33320.0,3.49933781956284,20.1496790295371,97.3986404,34695493.0,1.0121,1218.32989,36.9853099297291,23520.32,75.9741357073003,WB/UNESCO
NAM,2003,0.0,Namibia,46.11,9.10738,2569.24739317883,8237.36597245597,5692.63373748702,2240.0,6807.54937479384,5960.0,6.13713979721069,20.3282108306885,3.35983988553801,1917464.0,,,6.39102983474731,46.11,34.5460063719633,WB/UNESCO
NAM,2004,0.14,Namibia,32.65,,3403.15496192955,9130.82442337694,6479.76368970882,2840.0,7332.67912427924,6560.0,,,3.8047156152631,1942082.0,,,,32.65,35.5356476670033,WB/UNESCO
NAM,2005,0.25,Namibia,53.48,,3685.77299991587,9245.1365329555,6766.59981200486,3480.0,7476.29524201592,6660.0,,,4.010000229,1966582.0,,,7.1070499420166,53.48,36.5870014553064,WB/UNESCO
NAM,2006,0.7,Namibia,35.78,13.1036,4017.1834716928,9773.29833199798,7373.75822216132,3990.0,8234.57234849297,7310.0,6.03171014785767,21.6029891967773,4.39887064732726,1991888.0,,,6.75277996063232,33.53,37.6722151614564,WB/UNESCO
NAM,2007,0.0,Namibia,40.1,,4379.04313682732,10162.2400708746,7874.93144475315,4200.0,8428.38959321977,7630.0,,,4.83561077833704,2018600.0,,,,39.6,38.763436210037,WB/UNESCO
NAM,2008,1.0,Namibia,33.07,9.90603,4204.78555422749,10286.5124067605,8124.81517858083,4310.0,8908.09957441921,7890.0,6.40342998504639,24.8616104125977,5.32900377208954,2047056.0,,,9.49368953704834,32.4,39.8328120256318,WB/UNESCO
NAM,2009,0.0,Namibia,31.89,,4302.91374148376,10166.2899453939,8079.38392294329,4260.0,8712.05882051568,7830.0,,,6.5,2077394.0,,,,32.39,40.8524900328246,WB/UNESCO
NAM,2010,1.0,Namibia,37.81,23.08555,5418.21633365814,10614.6201576671,8538.19995368046,4520.0,8965.83711338935,8090.0,8.24330043792725,26.1235103607178,11.6,2109811.0,0.13963,,,37.81,41.7946176561991,WB/UNESCO
NAM,2011,1.2,Namibia,49.14,,5834.7917675794,10965.2729759535,9002.23004537057,5160.0,9481.44113268907,8630.0,8.02137930818109,24.3988119792883,12.0,2146325.0,,,,48.63,42.6276075621535,WB/UNESCO
NAM,2012,4.18,Namibia,64.47,,5942.64680978673,11266.6089486464,9363.76632318029,5730.0,9766.24374361184,8990.0,9.24281237985165,22.9973701430944,12.94139957,2194654.0,,,16.9048603106683,63.72,43.3804079185694,WB/UNESCO
NAM,2013,2.05,Namibia,85.49,,5346.62131149967,11593.5753768689,9699.2083777865,5900.0,10365.3407587234,9670.0,8.59541659523254,24.0999899467437,13.89999962,2252508.0,,,17.4603999838663,82.32,44.1106769079132,WB/UNESCO
NAM,2014,1.6,Namibia,91.97,50.60062,5378.32326241205,11982.6963648348,10365.3090596781,5690.0,10904.6071944334,10310.0,3.66711166353218,23.9580697431415,14.84000015,2312139.0,0.34986,148.91896,18.4653069281067,88.43,44.8214248210559,WB/UNESCO
NAM,2015,2.47,Namibia,100.28,,4774.10650865775,12166.5658392058,10465.8920558516,5180.0,11361.7252942632,10450.0,9.8507685020388,22.5713324213245,25.68790054,2374300.0,,,19.6551504993361,98.3,45.5103554445325,WB/UNESCO
NAM,2016,1.18,Namibia,100.59,,4395.68776162376,11846.7880832757,10200.1392609733,4580.0,11317.8837701374,10000.0,10.5927948535144,23.939195265305,31.0333004,2439213.0,,,21.4367036193,98.91,46.1751725648784,WB/UNESCO
NAM,2017,3.39,Namibia,114.24,,5143.96072323076,11408.7253099967,9887.9393548255,4430.0,11232.4751928705,9710.0,1.39524534605831,24.6740260211548,36.83739853,2506853.0,,,22.4801755471009,112.41,46.8135799686288,WB/UNESCO
NAM,2018,1.45,Namibia,160.59,,5308.60813408705,11214.38604306,9853.73533646074,4670.0,10741.6846646509,9490.0,8.88112249415185,23.3243031824199,42.8207016,2577327.0,,,23.7001690404035,154.33,47.4232814423189,WB/UNESCO
NAM,2019,4.39,Namibia,157.84,,4731.9210318831,10813.3044681944,9609.48555672874,4870.0,10607.1706885734,9370.0,9.32253195522987,29.0561956742295,49.77590179,2650494.0,,,25.8966511201824,153.09,48.0019807724839,WB/UNESCO
NAM,2020,2.68,Namibia,203.62,,3878.58982993966,9652.24827219463,9354.13136713077,4240.0,9650.65919890835,9320.0,9.27799879073429,24.9413806405673,57.8608017,2728762.0,,,25.9870484145026,208.52,48.547381745659,WB/UNESCO
NAM,2021,3.22,Namibia,230.62,,4412.8355693052,9709.09930646771,9709.09930646771,4140.0,9342.49591683852,9340.0,10.3914477380895,25.1354889753457,60.25999832,2810548.0,,,26.6057345682932,233.51,49.0571881483796,WB/UNESCO
NAM,2022,4.99,Namibia,219.77,,4349.79908493314,9953.09752403491,10661.0118776397,4280.0,9964.1079591981,10190.0,9.3919470845238,24.7069207267821,62.99720001,2889662.0,0.64636,224.81068,26.1092654658031,213.89,49.5291037671807,WB/UNESCO
NER,2003,0.0,Niger,23.92,,265.225363452469,1238.58780880353,836.978440587105,240.0,1330.76546114828,880.0,1.93705999851227,13.8454999923706,0.155698703668983,12796984.0,,7.95687,0.827859997749329,23.75,16.2687225341797,WB/UNESCO
NER,2004,0.0,Niger,22.46,,283.468281798296,1199.15937505794,832.125196606012,280.0,1296.10149444725,880.0,,,0.189933733703092,13265836.0,,8.13744,0.796029984951019,22.46,16.2687225341797,WB/UNESCO
NER,2005,1.0,Niger,21.52,,318.643121918273,1241.20064789059,888.304262536536,330.0,1329.08199531655,940.0,,,0.221300006,13756192.0,,7.47846,0.951579988002777,21.18,16.2687225341797,WB/UNESCO
NER,2006,0.0,Niger,29.42,8.96554,333.345078419447,1267.601412271,935.17532935967,350.0,1349.30422229081,990.0,2.55851006507873,16.8837699890137,0.294,14268581.0,,,0.960169970989227,29.42,16.2675724894628,WB/UNESCO
NER,2007,0.0,Niger,29.41,10.46671,387.168065883301,1260.18545165015,954.892280070571,380.0,1334.78739387059,1010.0,3.01462006568909,17.3759708404541,0.390399992,14803610.0,,,0.905510008335114,29.41,16.2641887037781,WB/UNESCO
NER,2008,1.0,Niger,27.05,9.41121,475.044955398162,1308.2751730424,1010.43184617604,440.0,1382.12468639424,1070.0,2.72311997413635,16.1773300170898,0.7,15361915.0,,,1.03770005702972,26.98,16.2586706998252,WB/UNESCO
NER,2009,0.25,Niger,53.57,9.89743,461.131533961487,1285.27757373191,998.792501514806,480.0,1353.29660186494,1050.0,3.33588004112244,18.9125099182129,0.76,15943675.0,,,1.25635004043579,54.08,16.2511180003032,WB/UNESCO
NER,2010,0.53,Niger,67.79,12.56922,474.425692340831,1344.4988701596,1057.51100253929,510.0,1409.11368821462,1120.0,2.7219500541687,19.0896492004394,0.829999983,16548835.0,,,1.30152108043912,66.42,16.2416301279116,WB/UNESCO
NER,2011,0.0,Niger,31.39,14.36983,510.75956176268,1325.92646987416,1064.41917390361,520.0,1408.15368048302,1130.0,3.07762002944946,20.1165199279785,0.9,17176283.0,,,1.34816649944538,31.39,16.2303066053496,WB/UNESCO
NER,2012,0.0,Niger,30.76,17.61433,528.510104469655,1411.52001409831,1161.78908289767,550.0,1470.4500329464,1200.0,3.1868200302124,19.1920204162598,1.049999952,17836769.0,,,1.54284142561837,30.76,16.2141284004355,WB/UNESCO
NER,2013,0.0,Niger,31.32,16.26539,552.103334363117,1431.71115490341,1137.76904129571,570.0,1500.57654878656,1180.0,3.68953990936279,18.0767002105713,1.149999976,18519898.0,,26.93895,,31.11,16.2162595696064,WB/UNESCO
NER,2014,0.0,Niger,48.31,13.91832,565.30989731175,1471.50554729559,1161.32515723793,590.0,1539.01312800553,1210.0,5.10368013381958,21.6615009307861,1.24867568902241,19215909.0,,,,48.7,16.2450424611665,WB/UNESCO
NER,2015,0.5,Niger,52.98,13.50337,485.662574175279,1480.39815168147,1172.19178758955,560.0,1552.73899595528,1230.0,4.48669004440308,18.5121898651123,2.476200104,19939498.0,,,3.24257822413642,52.42,16.3035606587493,WB/UNESCO
NER,2016,0.0,Niger,51.13,21.48255,499.910520068193,1488.08648074655,1181.94656963832,520.0,1548.71973310079,1220.0,2.95843005180359,15.3471603393555,4.322800159,20685753.0,,,3.45043638449437,50.14,16.3898280543236,WB/UNESCO
NER,2017,0.0,Niger,57.14,23.25724,529.929418934868,1515.48307317618,1226.9587833573,520.0,1573.40497071012,1270.0,2.57818007469177,13.2151603698731,10.2243115586561,21435446.0,,,3.66741981878978,56.23,16.5036987906896,WB/UNESCO
NER,2018,0.0,Niger,65.89,,576.927536415462,1565.01970005142,1272.37841849427,580.0,1624.96828435686,1330.0,3.44956994056702,16.3399696350098,10.74180031,22188069.0,,,4.33801956751366,64.47,16.6449011799221,WB/UNESCO
NER,2019,0.0,Niger,63.64,,541.265819870273,1605.19476569029,1367.56106521216,600.0,1664.73286136437,1430.0,3.53358621816013,13.0128054328601,11.28549957,22947757.0,,,4.15170730347346,86.31,16.813146499685,WB/UNESCO
NER,2020,0.4,Niger,67.78,,575.451340306915,1622.27873602911,1486.34386700631,570.0,1589.36392337975,1460.0,3.81906792754322,13.3325398458385,11.85680008,23717613.0,,,,87.38,17.0081420003794,WB/UNESCO
NER,2021,0.58,Niger,56.76,,609.585703670137,1587.84784907329,1587.84784907329,580.0,1562.67998289622,1560.0,3.82175828133515,11.9526160596537,12.45689964,24502140.0,,,,65.74,17.2295936666686,WB/UNESCO
NER,2022,0.0,Niger,73.56,,613.614736429298,1724.89699425215,1847.58034360869,650.0,1704.90110213072,1820.0,3.71231832079626,12.3714513252292,13.08749962,25311973.0,,,,94.17,17.477207007512,WB/UNESCO
NGA,2003,4.17,Nigeria,1321.22,,763.388745367223,5905.31482781101,4014.86695344152,,,,,,0.558576244860521,137202644.0,,,9.28291988372803,1312.85,45.8372080921761,WB/UNESCO
NGA,2004,9.35,Nigeria,1475.89,,962.48104194733,6275.29894506434,4381.13682820182,,,,,,1.28613764134527,141057045.0,,,9.52007961273193,1470.98,46.6994804889599,WB/UNESCO
NGA,2005,7.55,Nigeria,1784.91,,1211.37703504386,6496.93228175977,4678.09163232303,,,,,,3.54915571796492,145017253.0,,,10.0968999862671,1780.04,47.5656414756863,WB/UNESCO
NGA,2006,16.17,Nigeria,1958.42,,1599.53891556365,6702.94533333874,4975.26979308212,,,,,,5.54503608300536,149077334.0,,,,1926.33,48.424271994461,WB/UNESCO
NGA,2007,12.67,Nigeria,2141.08,,1815.52697545827,6949.42650711567,5297.9702947077,,,,,,6.769999981,153267261.0,0.13223,37.55812,,2101.67,49.2357987173198,WB/UNESCO
NGA,2008,5.21,Nigeria,2267.25,,2154.10543545364,7215.76946195762,5607.00840120254,1890.0,,5430.0,,,8.0,157595014.0,,,,2218.8,50.0505212312351,WB/UNESCO
NGA,2009,15.52,Nigeria,2871.93,,1820.48633854782,7581.40572089092,5927.46111763326,1960.0,,5720.0,,,9.300000191,162049464.0,,,,2830.44,50.86453484762,WB/UNESCO
NGA,2010,9.83,Nigeria,3173.35,,2202.25672957344,7962.63957281031,6301.18372511905,2050.0,,6060.0,,,11.5,166642886.0,,,9.21187548100134,3100.97,51.6778188255446,WB/UNESCO
NGA,2011,14.75,Nigeria,3410.07,,2418.41316975875,8153.53178650271,6585.36193258467,2100.0,,6330.0,,,13.80000019,171379598.0,,,9.74153350922586,3315.74,52.490352424079,WB/UNESCO
NGA,2012,12.09,Nigeria,3114.14,,2633.19734671361,8265.90551181051,6670.83826230892,2360.0,,6440.0,0.549233086121929,8.54788143094428,16.10000038,176200625.0,,,,2991.62,53.302114902293,WB/UNESCO
NGA,2013,9.12,Nigeria,3137.77,,2872.79083379398,8581.20782264031,7004.13119541111,2600.0,,6760.0,0.534206768008091,8.67739295298641,19.10000038,181049443.0,,,,3034.33,54.1130855192568,WB/UNESCO
NGA,2014,25.4,Nigeria,3554.04,,3088.72131316169,8884.77428628672,7396.12835518829,2870.0,,7220.0,0.470742539133469,9.03718763815735,21.0,185896915.0,,,,3387.43,54.9232435340404,WB/UNESCO
NGA,2015,27.29,Nigeria,3561.88,,2585.73360671797,8892.05798673631,7307.83788174977,2760.0,,7170.0,0.436954905120644,9.25551076252104,22.51420021,190671878.0,,,,3403.82,55.7325682057138,WB/UNESCO
NGA,2016,38.33,Nigeria,3958.74,,2070.4127339595,8534.69281482375,7072.49693358812,2370.0,,6990.0,0.393045646249364,6.65219728520483,24.13750076,195443700.0,,,,3763.62,56.541038793347,WB/UNESCO
NGA,2017,54.3,Nigeria,4502.59,,1876.34027111773,8396.78452243227,7036.67414358958,2020.0,,6930.0,0.396354013591345,6.12010547762816,25.87789917,200254579.0,,,,4385.33,57.3486345560101,WB/UNESCO
NGA,2018,40.78,Nigeria,5528.59,,2057.87944554011,8362.62330860296,7158.17107558117,1950.0,,7020.0,0.419998493796127,5.94455212092506,27.74370003,204938755.0,,,,5097.12,58.1553347527729,WB/UNESCO
NGA,2019,99.34,Nigeria,6894.13,,3189.81286496183,8361.78664836,7551.39380361669,2260.0,,7450.0,0.358479005206684,5.85497185166093,29.74410057,209485641.0,0.28444,22.12011,,6508.72,58.9611186427056,WB/UNESCO
NGA,2020,50.75,Nigeria,8170.31,,2797.184580679,7664.21099575168,7414.77495538401,2460.0,,7360.0,0.35963763718498,5.13143662120452,31.88879967,213996181.0,,,,8324.39,59.7659654848781,WB/UNESCO
NGA,2021,74.77,Nigeria,9422.75,,2787.48779220991,7588.47885587002,7588.47885587002,2860.0,7481.5563481912,7480.0,0.381919104397325,5.14022597192675,35.50979996,218529286.0,,,,9263.7,60.5698545383604,WB/UNESCO
NGA,2022,89.41,Nigeria,9408.02,,2899.16047469267,7752.26206495247,8303.64193191685,2940.0,,8170.0,0.348516707890877,4.30281801083668,39.14720154,223150896.0,,,,9649.09,61.3727650622225,WB/UNESCO
NIC,2003,0.0,Nicaragua,14.66,,1021.35216668794,5000.61145616409,3046.10868256259,1020.0,4759.8923838344,2930.0,2.42200994491577,14.8870000839233,1.88041253242301,5210963.0,,,,14.66,55.6308042935869,WB/UNESCO
NIC,2004,0.0,Nicaragua,17.2,,1098.62118662335,5204.38170601052,3255.48515862463,1100.0,4910.12358328883,3150.0,,,2.32066460863941,5272912.0,,,,17.2,55.7791779253789,WB/UNESCO
NIC,2005,0.0,Nicaragua,21.86,,1183.30214010175,5356.95817825808,3455.99273664165,1180.0,5084.11381190292,3370.0,,,2.566400051,5342105.0,,,,21.86,55.9375480421093,WB/UNESCO
NIC,2006,0.0,Nicaragua,33.78,,1248.17371577788,5500.40543544526,3657.967496936,1220.0,5015.42766309739,3540.0,,,2.8055730627337,5418855.0,,,,32.81,56.1058547675536,WB/UNESCO
NIC,2007,0.0,Nicaragua,22.5,,1350.38145753377,5697.2107429964,3891.49984956052,1310.0,5236.79464600154,3790.0,,,3.900000095,5497243.0,,,,21.5,56.2816618351146,WB/UNESCO
NIC,2008,0.0,Nicaragua,27.39,,1523.68437086409,5809.09928522386,4044.37612170014,1420.0,5403.18252787586,3940.0,,,5.300000191,5576593.0,,,,27.39,56.4638124507513,WB/UNESCO
NIC,2009,0.0,Nicaragua,27.96,,1467.08288052845,5538.36555049931,3879.66988194291,1410.0,5294.10823196826,3760.0,,,7.300000191,5656601.0,,,,28.21,56.651098305894,WB/UNESCO
NIC,2010,0.67,Nicaragua,30.46,26.04841,1526.56706951408,5701.12754906379,4042.22071263308,1490.0,5463.87927374641,3930.0,4.48422002792358,26.4080009460449,10.0,5737450.0,,,,30.37,56.842311091973,WB/UNESCO
NIC,2011,0.0,Nicaragua,30.44,,1679.71192084633,5976.25247519395,4324.71007244238,1600.0,5730.83824372443,4210.0,,,10.6,5819051.0,0.08344,,,28.8,57.0362425004184,WB/UNESCO
NIC,2012,0.0,Nicaragua,31.53,,1784.69836017555,6275.78730248003,4507.94302866696,1700.0,5929.44722576487,4330.0,,,13.5,5901287.0,0.10449,,,30.93,57.2316842226606,WB/UNESCO
NIC,2013,0.14,Nicaragua,28.96,,1835.43996363715,6494.14920922407,4710.57243158513,1760.0,6003.24035351052,4480.0,,,15.5,5983845.0,0.10284,,,27.57,57.4274279501299,WB/UNESCO
NIC,2014,0.25,Nicaragua,33.56,,1958.37047579547,6712.21708286288,5067.74639018687,1850.0,6392.02816421266,4880.0,4.08329010009766,23.0475997924805,17.60000038,6066492.0,0.08935,,,30.06,57.6222653742564,WB/UNESCO
NIC,2015,0.0,Nicaragua,27.42,,2074.45620634731,6939.03243274344,5448.89226010317,1910.0,6892.68122533565,5240.0,4.07843017578125,22.2829093933106,19.70429993,6149417.0,0.10742,,,26.67,57.8149881864705,WB/UNESCO
NIC,2016,0.5,Nicaragua,37.77,,2131.68704828322,7158.75755467501,5882.36645219746,1980.0,7140.56428552119,5600.0,4.08114004135132,21.3254795074463,24.57180023,6232666.0,,,,37.93,58.0043880782023,WB/UNESCO
NIC,2017,0.06,Nicaragua,42.41,,2182.61380995674,7391.19638215265,6225.34702574846,2050.0,7319.71538868493,5900.0,4.35768985748291,22.4333000183106,30.39999962,6316231.0,,,,52.82,58.1892567408822,WB/UNESCO
NIC,2018,0.38,Nicaragua,43.03,,2035.16549390507,7049.02709828403,5935.16693631386,1990.0,6733.16675070087,5640.0,4.47380693256251,22.7613329834156,33.9129982,6400080.0,,,,29.19,58.3683858659405,WB/UNESCO
NIC,2019,0.5,Nicaragua,35.85,,1958.62051528095,6756.59334024487,5981.10876431466,1930.0,6588.9602990127,5760.0,4.59991969121332,23.9411024864319,39.01079941,6483657.0,,,,35.16,58.5405671448072,WB/UNESCO
NIC,2020,0.0,Nicaragua,39.21,,1938.44704754382,6523.36944661195,6274.09456741388,1810.0,6425.32333685599,5880.0,4.58034059162685,22.6876474159501,44.87490082,6565267.0,,,,38.33,58.7045922689128,WB/UNESCO
NIC,2021,1.33,Nicaragua,45.56,,2138.38573878237,7119.16874782601,7119.16874782601,2060.0,6745.449710378,6750.0,4.08717467298944,18.5222366866385,51.62039948,6644741.0,,,,42.73,58.8592529296875,WB/UNESCO
NIC,2022,1.08,Nicaragua,41.45,,2322.89069619459,7277.82041652584,7795.45560731699,2150.0,6522.83968192359,7200.0,3.80001496174069,18.5192097359421,59.38000107,6730654.0,,,,43.07,58.9954376220703,WB/UNESCO
NIU,2003,0.0,Niue,0.0,,,,,,,,,,,,,,,,,WB/UNESCO
NIU,2004,0.0,Niue,0.0,,,,,,,,,,,,,,,,,WB/UNESCO
NIU,2005,0.0,Niue,1.08,,,,,,,,,,,,,,,,,WB/UNESCO
NIU,2006,0.0,Niue,1.0,,,,,,,,,,,,,,,,,WB/UNESCO
NIU,2007,0.0,Niue,1.61,,,,,,,,,,,,,,,,,WB/UNESCO
NIU,2008,0.0,Niue,0.0,,,,,,,,,,,,,,,,,WB/UNESCO
NIU,2009,0.0,Niue,0.0,,,,,,,,,,,,,,,,,WB/UNESCO
NIU,2010,0.0,Niue,0.0,,,,,,,,,,,,,,,,,WB/UNESCO
NIU,2011,0.0,Niue,0.0,,,,,,,,,,,,,,,,,WB/UNESCO
NIU,2012,0.0,Niue,0.0,,,,,,,,,,,,,,,,,WB/UNESCO
NIU,2013,0.0,Niue,0.0,,,,,,,,,,,,,,,,,WB/UNESCO
NIU,2014,0.0,Niue,0.2,,,,,,,,,,,,,,,,,WB/UNESCO
NIU,2015,0.0,Niue,0.0,,,,,,,,,,,,,,,,,WB/UNESCO
NIU,2016,0.0,Niue,0.11,,,,,,,,,,,,,,,,,WB/UNESCO
NIU,2017,0.0,Niue,0.12,,,,,,,,,,,,,,,,,WB/UNESCO
NIU,2018,0.0,Niue,0.22,,,,,,,,,,,,,,,,,WB/UNESCO
NIU,2019,0.0,Niue,0.32,,,,,,,,,,,,,,,,,WB/UNESCO
NIU,2020,0.0,Niue,0.0,,,,,,,,,,,,,,,,,WB/UNESCO
NIU,2021,0.0,Niue,0.0,,,,,,,,,,,,,,,,,WB/UNESCO
NIU,2022,0.0,Niue,0.0,,,,,,,,,,,,,,,,,WB/UNESCO
NLD,2003,612.86,Netherlands,20265.99,,35896.7504630706,56452.8695506734,34286.3833524783,30410.0,56804.8442594665,33870.0,5.0199499130249,10.9720602035522,64.35,16225302.0,1.77665,2681.97594,54.9959297180176,19997.24,81.3011308878582,WB/UNESCO
NLD,2004,670.15,Netherlands,21716.81,,40611.3414353091,57391.3516342059,35960.7138360683,36800.0,57476.6924573059,35450.0,5.0411901473999,11.2846202850342,68.52,16281779.0,1.78132,2951.21244,56.7709884643555,21434.75,82.250953139759,WB/UNESCO
NLD,2005,710.36,Netherlands,24421.03,,42165.396168388,58422.0304069674,37778.4864360065,42280.0,58684.5429314962,37250.0,5.08871984481812,11.7196998596191,81.0,16319868.0,1.7667,2908.98454,58.7895011901855,24084.4,83.5048949725161,WB/UNESCO
NLD,2006,759.28,Netherlands,25054.53,,45123.5432406426,60391.5155033324,41208.0462204734,45500.0,61127.3512289011,40920.0,5.01913976669312,11.4169998168945,83.7,16346101.0,1.73208,3224.9245,59.8265113830566,24738.7,84.6532280358545,WB/UNESCO
NLD,2007,913.02,Netherlands,25817.72,,52100.7996285947,62601.6612832425,44203.4002135804,48840.0,62822.994676615,43650.0,4.85854005813599,11.2287902832031,85.82,16381696.0,1.66063,3093.10821,60.3940391540527,25566.6,85.4089231499726,WB/UNESCO
NLD,2008,1115.15,Netherlands,26794.65,,58246.7026905874,63678.4005491428,46714.3454301392,51930.0,61582.3297755201,44420.0,4.99737977981567,11.2911500930786,87.42,16445593.0,1.61247,3063.96158,61.0170593261719,26450.2,85.6149582464487,WB/UNESCO
NLD,2009,1061.73,Netherlands,28747.75,,53172.0261581418,61029.7329801783,44959.169463743,52780.0,59869.8496811063,43360.0,5.38561010360718,11.1210203170776,89.63,16530388.0,1.65161,2822.24977,61.4280090332031,28320.87,86.2223179632671,WB/UNESCO
NLD,2010,1209.01,Netherlands,29400.04,,51305.7338533973,61518.5768954231,45301.269581608,54000.0,61639.4697546769,45070.0,5.45634984970093,11.1658096313477,90.72,16615394.0,1.69388,3210.02025,63.7049789428711,28946.69,87.3502790247129,WB/UNESCO
NLD,2011,1328.51,Netherlands,30229.23,,54701.7728030611,62318.1391154389,47004.1370739062,54270.0,62104.870694844,46960.0,5.41595983505249,11.3361701965332,91.4199957622284,16693074.0,1.8651,3648.13368,75.518798828125,29811.51,88.0059204972573,WB/UNESCO
NLD,2012,1371.96,Netherlands,31031.95,,50473.9442002689,61480.8416416324,47653.3401651371,52070.0,60933.9381551209,47240.0,5.36694002151489,11.2650299072266,92.859992359525,16754962.0,1.90094,4336.14629,75.8141632080078,30760.85,88.5342462391333,WB/UNESCO
NLD,2013,1348.98,Netherlands,31621.17,,52602.2860520766,61281.3125686741,49622.0519614799,52460.0,60905.281846386,49350.0,5.48417997360229,11.535400390625,93.9564,16804432.0,2.13953,4887.39056,,31332.15,89.1749992370605,WB/UNESCO
NLD,2014,1437.19,Netherlands,31939.52,,53457.2234864322,62045.849197561,49751.3092860822,52220.0,61310.2482652502,49320.0,5.40205001831055,11.5578203201294,91.6666666666667,16865008.0,2.15067,4926.09272,,31445.39,89.8364787097165,WB/UNESCO
NLD,2015,1396.59,Netherlands,31744.65,30.12593,45793.8135434697,63081.4083495966,50956.6930942185,49670.0,62467.0625756036,50200.0,5.27802991867065,11.6637096405029,91.7241379310345,16939923.0,2.11792,4891.78146,80.1601486206055,31291.69,90.2787737214621,WB/UNESCO
NLD,2016,1385.93,Netherlands,31496.18,31.92546,46808.5291492503,64267.7476553623,53162.2791598028,46960.0,62767.1964484992,51600.0,5.38952016830444,12.2720804214478,90.4109589041096,17030314.0,2.11546,5109.20509,79.8454895019531,31097.01,90.5803239452777,WB/UNESCO
NLD,2017,1492.5,Netherlands,31643.49,,49513.6817346384,65665.9910229578,56037.567993606,46710.0,64846.1053599386,55070.0,5.08747005462646,11.8980598449707,93.1972789115646,17131296.0,2.14167,5273.17623,83.2009887695312,31234.91,91.1219700676602,WB/UNESCO
NLD,2018,1413.41,Netherlands,32093.15,,53955.0770024266,66758.2454283317,58819.2609142584,51290.0,66751.798216504,58530.0,5.26723003387451,12.4101104736328,91.8918918918919,17231624.0,2.1027,5496.79039,83.652473449707,31506.82,92.6062472401044,WB/UNESCO
NLD,2019,1485.46,Netherlands,32282.4,,53554.9007491475,67847.8818461095,62345.2538465433,52940.0,66956.1651874678,61020.0,5.0559401512146,12.0098304748535,93.2885906040269,17344874.0,2.14036,5592.12175,,31471.58,93.8898028856479,WB/UNESCO
NLD,2020,1525.98,Netherlands,33060.81,,53467.9277413737,64862.1890353474,62596.6302027524,51490.0,63543.3530827524,60800.0,5.29139995574951,11.0668096542358,91.33333333,17441500.0,2.26514,5799.27532,85.3370819091797,32236.56,94.2532277765935,WB/UNESCO
NLD,2021,1576.98,Netherlands,34933.42,,60141.9880911492,68573.5648786447,68573.5648786447,59560.0,69673.7569845548,69670.0,5.37661981582642,11.715220451355,92.05298013,17533044.0,2.21542,6003.86605,89.3898620605469,34144.24,94.6294783220315,WB/UNESCO
NLD,2022,1710.83,Netherlands,34311.17,,59123.318556487,71324.0360229425,78630.3599072098,62110.0,69771.9406744449,77730.0,5.17918014526367,11.9706201553345,92.51968504,17700982.0,2.17529,6319.17518,,32878.0,94.9856177734136,WB/UNESCO
NOR,2003,128.63,Norway,5343.55,30.39058,50208.0960234078,79150.3962863661,38647.2714743946,44810.0,68555.3528634631,38900.0,7.39930009841919,15.5307302474976,78.13,4564855.0,1.67572,4513.7416,77.970588684082,5207.27,77.2600021362305,WB/UNESCO
NOR,2004,129.77,Norway,5842.12,32.09416,57854.5698169407,82091.1935035949,42730.6429549923,54310.0,73015.1834755528,42750.0,7.27745008468628,16.2629299163818,77.69,4591910.0,1.53976,4514.09712,78.612548828125,5687.47,77.5684593888498,WB/UNESCO
NOR,2005,155.59,Norway,6829.89,32.36272,67358.3615969796,83955.3365007578,48189.4962722156,64050.0,79740.6833628277,48490.0,6.84081983566284,16.3725299835205,81.99,4623291.0,1.47715,4602.55542,78.4450302124023,6672.86,77.8260148882032,WB/UNESCO
NOR,2006,179.76,Norway,7248.79,31.54551,75047.741700385,85653.1367825864,54805.409473108,70300.0,84083.398867604,54400.0,6.35823011398315,15.7071104049683,82.55,4660677.0,1.44972,4866.24486,77.9310684204102,7115.86,78.0877227783203,WB/UNESCO
NOR,2007,175.94,Norway,7799.09,31.94706,86600.2387607877,87670.8617980792,56900.679675035,78780.0,84604.705744112,56010.0,6.50672006607056,15.8779897689819,86.93,4709153.0,1.55795,5202.07257,77.0373611450195,7668.95,78.4072502632828,WB/UNESCO
NOR,2008,208.49,Norway,7992.95,31.98681,99001.5300678626,87297.3980291813,63026.4046916161,87920.0,88488.5367759111,61800.0,6.2491397857666,15.7177600860596,90.57,4768212.0,1.54556,5399.5311,73.5914688110352,7843.74,78.7541006020666,WB/UNESCO
NOR,2009,237.13,Norway,8868.25,30.43174,81939.726548458,84812.6851277638,56750.3203338648,88100.0,79865.7775202251,55960.0,7.07068014144897,15.5077800750732,92.08,4828726.0,1.71678,5474.54077,73.0674514770508,8824.89,79.0570820210427,WB/UNESCO
NOR,2010,256.85,Norway,9078.32,29.62594,90020.342257973,84604.5143891947,59439.3769599791,88970.0,81770.13043079,58840.0,6.71042013168335,15.0884895324707,93.39,4889252.0,1.6412,5444.69765,72.1170806884766,9027.46,79.245002746582,WB/UNESCO
NOR,2011,278.97,Norway,9707.54,29.89166,103545.218988177,84670.8344398355,63893.7750609004,91010.0,84428.2903853379,63060.0,6.4148998260498,14.8268098831177,93.4899826515194,4953088.0,1.61714,5533.91801,71.0614166259766,9654.65,79.311620451463,WB/UNESCO
NOR,2012,319.64,Norway,10328.16,,104627.93694681,85925.8723352057,67352.804935227,99780.0,86174.2046063594,66330.0,7.32766008377075,17.2820606231689,94.6499780533304,5018573.0,1.61053,5584.13377,71.7047576904297,10258.36,79.4905925441617,WB/UNESCO
NOR,2013,327.61,Norway,10371.73,26.61598,106333.138368566,85973.7694976801,69186.2932660288,104810.0,86040.5101424472,68090.0,7.43905019760132,17.1192398071289,95.0534,5079623.0,1.64216,5605.02472,75.8635787963867,10322.4,79.9723980455359,WB/UNESCO
NOR,2014,337.37,Norway,10660.66,28.57301,100410.020200979,86790.7924625691,68195.6503224822,105010.0,86538.9586773492,68420.0,7.64402008056641,16.9020805358887,96.3005098242892,5137232.0,1.70369,5722.57126,78.109977722168,10554.7,80.6117159535579,WB/UNESCO
NOR,2015,364.69,Norway,10715.99,25.905,77220.9524311414,87688.1196708993,62695.3563994725,93290.0,83954.9455084983,63250.0,7.52335977554321,15.6075801849365,96.810325691365,5188607.0,1.92351,5929.85725,79.206428527832,10602.45,81.2378240971353,WB/UNESCO
NOR,2016,336.89,Norway,11388.28,26.72475,73222.4006864905,88041.6414808956,61250.1783294516,81840.0,81397.183246746,61860.0,7.98443984985352,15.8407201766968,97.2982036675068,5234519.0,2.03286,6120.84923,81.8827285766602,11289.44,81.6800003051758,WB/UNESCO
NOR,2017,366.21,Norway,11973.4,,78771.2151264554,89664.9086415829,66828.7790099243,76270.0,83630.8187422324,66940.0,7.84599018096924,15.9396800994873,96.3576012951191,5276968.0,2.08168,6396.1696,83.7353363037109,11939.18,81.9699745912375,WB/UNESCO
NOR,2018,417.6,Norway,12413.22,,85579.0776455494,90064.0687974358,72618.1053391628,81200.0,86902.0881161039,73090.0,7.59564018249512,15.9257297515869,96.4916579887094,5311916.0,2.03482,6484.23611,85.3883514404297,12225.59,82.2452112401723,WB/UNESCO
NOR,2019,437.35,Norway,12827.31,,79329.3075190012,90772.9017041865,73630.0721860814,82500.0,83710.0978247997,73110.0,7.86455011367798,15.6655302047729,98.0000043853142,5347896.0,2.13599,6737.55318,85.7633819580078,12508.85,82.4935894878281,WB/UNESCO
NOR,2020,540.45,Norway,13480.21,,71057.5879471399,89012.2723804504,69779.2862630574,78460.0,78158.1534062731,69890.0,8.37281036376953,14.7642698287964,94.60755647,5379475.0,2.24436,6766.01432,87.1685333251953,13284.78,82.7029885700532,WB/UNESCO
NOR,2021,564.63,Norway,14194.52,,96442.5552173002,92205.7698636049,92205.7698636049,83640.0,90522.0611432193,90520.0,6.9602198600769,15.0276699066162,99.0000036,5408320.0,1.88764,7228.72168,93.9243011474609,13802.78,82.8612877226956,WB/UNESCO
NOR,2022,526.34,Norway,14068.95,,113122.130765691,95109.8201605729,129914.042717786,97270.0,113022.03325745,128470.0,5.43234014511108,14.4691095352173,98.99997764,5457127.0,1.55081,7394.77328,97.6419830322266,13494.16,82.9563661816034,WB/UNESCO
NPL,2003,0.5,Nepal,234.29,10.28111,246.429706587633,2439.49479601556,1453.18365784639,250.0,2244.98745351049,1450.0,3.11435008049011,21.312650680542,0.382810917017044,25688758.0,,,4.91134977340698,233.5,38.045308394296,WB/UNESCO
NPL,2004,1.17,Nepal,224.77,,279.587750044428,2521.54105171428,1542.44947640352,280.0,2319.22317977566,1540.0,3.1719400882721,21.6133594512939,0.449843651215974,26016656.0,,,5.69477987289429,222.44,41.6109470808194,WB/UNESCO
NPL,2005,0.9,Nepal,295.24,,309.024168339372,2580.23106308364,1627.83915595165,300.0,2373.83621448553,1630.0,3.3646399974823,22.2942199707031,0.82655126590551,26309458.0,,,7.15422010421753,294.21,45.5065633424317,WB/UNESCO
NPL,2006,1.07,Nepal,361.82,,340.431796437968,2641.34799494749,1717.78611780423,330.0,2403.38648409728,1730.0,3.60536003112793,25.5006408691406,1.14138916388191,26565425.0,,,7.62671995162964,359.82,49.5059100328759,WB/UNESCO
NPL,2007,0.5,Nepal,388.75,,385.449767660642,2708.7143922589,1809.32371239814,370.0,2457.4734851493,1830.0,3.51721000671387,21.1461391448975,1.41,26788492.0,,,9.50374031066895,382.76,53.3827400058951,WB/UNESCO
NPL,2008,0.0,Nepal,353.61,13.45753,464.817391891529,2852.60983167965,1942.15299686447,430.0,2579.22047968999,1960.0,3.8051700592041,22.2300300598144,1.73,26990037.0,0.05439,,10.4749002456665,342.11,56.9108061152324,WB/UNESCO
NPL,2009,0.45,Nepal,387.07,11.98227,473.078751198621,2961.83900365912,2028.95740755659,480.0,2687.19334440245,2050.0,4.6637601852417,19.8729305267334,1.97,27173035.0,0.25924,,10.4467401504517,375.26,59.8638612146309,WB/UNESCO
NPL,2010,0.5,Nepal,381.93,12.74599,585.278491984574,3085.31407004502,2139.22749377022,530.0,2850.2874759927,2160.0,3.63172006607056,16.0323505401611,7.93,27341952.0,0.30221,,13.3236488235053,365.43,62.0156581578338,WB/UNESCO
NPL,2011,1.34,Nepal,390.74,11.76926,785.518656222132,3176.65040602417,2247.99742932205,620.0,3027.446926286,2260.0,3.8426399230957,17.9838409423828,9.0,27464494.0,,,13.2867385971183,368.4,63.139949798584,WB/UNESCO
NPL,2012,1.22,Nepal,395.9,11.94124,788.202937148377,3316.50073452021,2465.83469449131,750.0,3127.70551580836,2480.0,3.29737997055054,17.4370803833008,11.14929962,27534915.0,,,,378.23,63.6558406194333,WB/UNESCO
NPL,2013,0.0,Nepal,458.01,11.34148,803.269595420477,3426.5579593796,2658.02196886933,840.0,3216.02275221048,2680.0,3.01811003684998,17.5696392059326,13.30000019,27589996.0,,,15.4719563352624,409.68,64.1314570156048,WB/UNESCO
NPL,2014,1.93,Nepal,507.32,11.41365,821.455224911731,3621.73168937112,2901.19752086169,860.0,3453.2152333072,2940.0,3.47214007377625,18.2812900543213,15.43999958,27672370.0,,,13.2380540463977,456.02,64.5640847098488,WB/UNESCO
NPL,2015,1.56,Nepal,539.03,10.79779,875.543635474862,3745.26182249477,2957.30559145504,870.0,3636.73893677757,3000.0,3.25901007652283,16.9896602630615,17.58160019,27823629.0,,,12.282886814704,496.56,64.9510094249155,WB/UNESCO
NPL,2016,1.39,Nepal,627.01,,877.256454696737,3743.7445783578,2976.12513681451,860.0,3762.1914204898,3010.0,3.90320992469788,19.1284999847412,20.70000076,27955462.0,,,11.0932748536215,573.85,65.2895168835553,WB/UNESCO
NPL,2017,3.29,Nepal,693.49,,1034.28374906846,4071.70431755798,3604.70825949747,970.0,4155.05665245351,3640.0,4.76723003387451,17.0963897705078,24.3,28011258.0,,,11.4357824790838,648.89,65.5768928085184,WB/UNESCO
NPL,2018,4.58,Nepal,840.67,,1179.19843190389,4371.38571771897,3956.12461094443,1120.0,4483.48310497208,3980.0,4.43446016311646,14.1018695831299,28.60000038,28079689.0,,,12.613695863565,743.49,65.8104229225551,WB/UNESCO
NPL,2019,4.29,Nepal,1054.19,,1203.14294706401,4607.52454717112,4260.67373190851,1240.0,4670.34237260529,4300.0,3.89212886881753,12.1130298505003,33.33660126,28414064.0,,,13.8072821953912,916.97,65.9873929484157,WB/UNESCO
NPL,2020,4.58,Nepal,1513.19,,1154.21517578318,4412.5420439395,4235.57462326905,1190.0,4458.57702349636,4290.0,4.24355670934502,15.0051253828918,36.96530151,28966574.0,,,14.2002391888535,1344.57,66.1050886088505,WB/UNESCO
NPL,2021,5.95,Nepal,1797.2,,1252.75076731986,4546.22970006289,4546.22970006289,1250.0,4570.55138472303,4570.0,4.42801034633091,14.3892081064549,40.98910141,29475010.0,,,15.243139284484,1627.26,66.144235274522,WB/UNESCO
NPL,2022,7.48,Nepal,1699.22,,1385.91066002922,4763.38751073946,5102.18358728663,1380.0,4783.95919918711,5130.0,4.13645081690396,12.4379256037804,45.45080185,29715436.0,,,14.8435874359729,1647.0,66.2992968721053,WB/UNESCO
NRU,2003,0.0,Nauru,0.0,,2463.28259078079,7527.37549326971,5260.70230139632,2650.0,,6280.0,,,,10059.0,,,,0.0,100.0,WB/UNESCO
NRU,2004,0.0,Nauru,0.23,,3040.51349889,7201.87093721601,5168.5625292573,3090.0,,6240.0,,,,10060.0,,,,0.23,100.0,WB/UNESCO
NRU,2005,0.0,Nauru,0.5,,2992.40382776926,7209.75436644373,5336.45554920321,3510.0,,6330.0,,,,10049.0,,,,0.5,100.0,WB/UNESCO
NRU,2006,0.0,Nauru,0.27,,2910.14145794684,7830.71818547398,5974.81684406817,3890.0,,7080.0,,,,10034.0,,,,0.27,100.0,WB/UNESCO
NRU,2007,0.0,Nauru,0.0,,2272.15291307045,6110.38387689914,4788.51763153478,3030.0,,5990.0,4.24858999252319,0.0,,10020.0,,,,0.0,100.0,WB/UNESCO
NRU,2008,0.0,Nauru,0.0,,3756.84531228766,7340.51910638777,5863.37099268302,3510.0,,6590.0,,,,10009.0,,,,0.0,100.0,WB/UNESCO
NRU,2009,0.0,Nauru,0.67,,4410.56764668962,6927.86734285808,5567.88916465869,4090.0,,6580.0,,,,10016.0,,,,0.67,100.0,WB/UNESCO
NRU,2010,0.0,Nauru,0.0,,4735.92000502092,6909.24218919312,5620.40413018656,5080.0,,6780.0,,,,10043.0,,,,0.0,100.0,WB/UNESCO
NRU,2011,0.0,Nauru,0.74,,6444.03642094634,7882.14105570292,6544.10299768768,7000.0,,8130.0,,,54.0,10098.0,,,,0.74,100.0,WB/UNESCO
NRU,2012,0.0,Nauru,0.5,,9842.77032731856,9640.80144364362,8153.2726234426,9650.0,,9820.0,,,,10267.0,,,,0.5,100.0,WB/UNESCO
NRU,2013,0.0,Nauru,0.34,,8974.51886874433,9799.7380290632,8428.73256787424,11330.0,,10590.0,,,,10517.0,,,,0.34,100.0,WB/UNESCO
NRU,2014,0.0,Nauru,0.37,,9230.05440328927,11114.3912279587,9725.95214789212,12530.0,,11950.0,4.47278425925926,5.55730978047945,,10742.0,,,,0.37,100.0,WB/UNESCO
NRU,2015,0.0,Nauru,0.33,,7747.25584993607,11271.9122695363,9955.33548658446,12220.0,,13670.0,6.25260294117647,6.24868434221618,,10954.0,,,,0.33,100.0,WB/UNESCO
NRU,2016,0.0,Nauru,0.47,,8748.15632605428,11531.3630078665,10281.2673986708,11680.0,,14080.0,4.82214626865672,5.00017325826806,,11150.0,,,,0.25,100.0,WB/UNESCO
NRU,2017,0.0,Nauru,0.0,,9656.97976571484,10633.2766406018,9650.31890022601,11300.0,,13480.0,6.27397517241379,6.46164000372246,62.38510132,11324.0,,,,0.0,100.0,WB/UNESCO
NRU,2018,0.0,Nauru,0.0,,11413.7463016389,10402.6131019197,9657.26073559414,12740.0,,12950.0,5.05296627218935,5.38610478913771,,11477.0,,,,0.0,100.0,WB/UNESCO
NRU,2019,0.0,Nauru,0.33,,10801.7705659635,11184.5284927206,10554.5218533653,15840.0,,14920.0,5.71828171428571,4.83402430897122,74.73789978,11587.0,,,,0.33,100.0,WB/UNESCO
NRU,2020,0.0,Nauru,0.9,,10709.068810538,11306.0207729999,10812.6428193461,17180.0,,16250.0,5.90502903225807,4.53653078876592,77.46659851,11643.0,,,,0.9,100.0,WB/UNESCO
NRU,2021,0.0,Nauru,0.0,,12748.1701249353,12113.787764494,12113.787764494,19620.0,19279.0932271921,19280.0,5.16034,3.81615817291541,80.29499817,11709.0,,,,0.0,100.0,WB/UNESCO
NRU,2022,0.0,Nauru,0.27,,15309.8345351924,12019.3492868791,12874.2258577781,20890.0,,19830.0,5.91827971698113,4.21463913905028,83.22660065,11801.0,,,,0.27,100.0,WB/UNESCO
NZL,2003,157.61,New Zealand,4522.51,,21913.7081719961,39092.3455202712,23996.4486751857,16990.0,33886.0155664756,22860.0,,,60.9625398663824,4027200.0,1.14891,3100.17298,,4512.04,85.857962055807,WB/UNESCO
NZL,2004,167.88,New Zealand,4947.7,,25420.234882944,40091.1399487332,25123.9162365879,21530.0,34569.5767526509,23710.0,,,61.8476278106481,4087500.0,,,,4899.55,85.9017708294597,WB/UNESCO
NZL,2005,157.51,New Zealand,5448.08,,27751.0654708859,40970.295838255,25677.4190803252,25450.0,34927.5834116731,24020.0,,,62.72019958,4133900.0,1.12043,3159.23406,,5428.53,85.9299325780946,WB/UNESCO
NZL,2006,184.68,New Zealand,5769.72,,26654.5932018985,41596.8311289998,27732.3439124039,26380.0,35144.9739510197,25870.0,,,69.0,4184600.0,,,,5731.31,85.9356841665703,WB/UNESCO
NZL,2007,193.95,New Zealand,6148.62,,32479.9817381467,42473.1182614499,29331.2143367859,28150.0,36849.5302437884,27240.0,,,69.76000214,4223800.0,1.15764,3472.58808,,6102.53,85.9291840664852,WB/UNESCO
NZL,2008,212.63,New Zealand,6434.48,,31324.7397977102,41682.2459069155,29895.6451662949,28680.0,35829.3585159814,27730.0,,,72.02999878,4259800.0,,,,6384.18,85.9144723093505,WB/UNESCO
NZL,2009,202.98,New Zealand,6683.61,,28276.7255416225,41250.9985717425,30746.1551656083,29760.0,36790.2051506134,29490.0,,,79.7,4302600.0,1.24916,3760.38719,,6639.58,85.8918345477824,WB/UNESCO
NZL,2010,236.5,New Zealand,6962.2,,33761.9009639947,41395.370375582,31305.3299504124,29750.0,37189.9524378488,29750.0,,,80.45999908,4350700.0,,,,6905.71,85.8614043258228,WB/UNESCO
NZL,2011,281.22,New Zealand,7675.32,,38425.829997974,41961.9202263641,32733.9226283709,32270.0,38183.1632739487,31250.0,,,81.23000336,4384000.0,1.23083,3731.3373,,7614.89,85.8233151875134,WB/UNESCO
NZL,2012,248.1,New Zealand,7759.43,,40041.7524816244,42693.4234516571,33045.0345114988,36770.0,38625.2151164869,31670.0,,,81.644470179502,4408100.0,,,,7698.06,85.777700676896,WB/UNESCO
NZL,2013,283.32,New Zealand,7808.07,25.25779,42984.9571801167,43453.2814172317,36249.6271005735,39940.0,40390.4905383878,34820.0,5.88539981842041,15.5577402114868,82.77999878,4442100.0,1.15275,4043.95577,80.388542175293,7748.63,85.7080129786455,WB/UNESCO
NZL,2014,244.2,New Zealand,7997.3,24.94879,44599.8992733675,44369.7664241859,37315.9476428103,41700.0,41118.5248186561,35810.0,5.8033299446106,15.5285301208496,84.0,4516500.0,,,80.7100067138672,7916.65,85.5076659530411,WB/UNESCO
NZL,2015,263.03,New Zealand,7892.26,25.56619,38648.7302562109,45097.016468387,37497.1502090982,40660.0,41996.4027938863,36240.0,5.70350980758667,15.5518102645874,85.19999695,4609400.0,1.22707,5476.90357,82.1818466186523,7818.58,85.1518763760531,WB/UNESCO
NZL,2016,281.9,New Zealand,8203.8,23.73553,40088.3205470499,45746.135981069,39963.6051110409,39440.0,42977.4134565693,38660.0,5.49972009658813,15.3664102554321,86.5,4714100.0,,,81.8633575439453,8115.78,84.691365594,WB/UNESCO
NZL,2017,316.68,New Zealand,8178.13,,42912.1537002148,46285.9810980642,42205.9071706198,38790.0,44140.0205300427,40600.0,5.27543020248413,15.0439300537109,87.69999695,4813600.0,1.34788,5035.55839,81.2698593139648,8183.78,84.1701025874108,WB/UNESCO
NZL,2018,287.71,New Zealand,8396.44,,43204.1305124872,46974.6818400482,42475.2252680795,41570.0,44813.9656415801,40910.0,5.1896800994873,14.5594902038574,89.0,4900600.0,,,81.2513122558594,8256.6,83.8017846685577,WB/UNESCO
NZL,2019,296.28,New Zealand,8890.78,,42872.2681243427,47392.1933135172,45295.8241222088,43090.0,46105.1074294964,44140.0,5.1741099357605,13.4748601913452,89.86370087,4970300.0,1.4642,5665.38305,77.5843734741211,8678.86,83.804965871667,WB/UNESCO
NZL,2020,299.2,New Zealand,8813.47,,42054.6743136586,46326.3804672976,45574.965884882,41880.0,45594.0602181052,44680.0,5.64268016815185,13.6221199035644,90.92099762,5072400.0,,,75.7348327636719,8679.94,83.8138977095908,WB/UNESCO
NZL,2021,336.17,New Zealand,9152.02,,49902.154346032,48202.0913368233,48202.0913368233,45750.0,46891.0447605317,46890.0,5.5409197807312,13.4576196670532,91.99060059,5084600.0,1.48604,5094.76159,79.4128875732422,8960.04,83.8299382585905,WB/UNESCO
NZL,2022,342.92,New Zealand,9213.62,,49141.6316294227,49842.9845334162,54080.0485491723,49090.0,47519.6229446655,52290.0,5.16741991043091,12.6147699356079,93.07289886,5081700.0,,,77.0104675292969,8700.7,83.8547305017812,WB/UNESCO
OMN,2003,1.5,Oman,303.69,,10463.5425832141,41247.5873733105,40934.6957155247,9640.0,29141.1854315066,40040.0,3.40857005119324,10.0389604568481,7.25574294536556,2363796.0,,,14.3313598632812,303.52,71.4926171971641,WB/UNESCO
OMN,2004,1.48,Oman,310.3,9.30688,11800.8507411171,41351.7687385072,42141.636896844,11050.0,32376.4200300755,41560.0,3.5151801109314,10.3164701461792,6.75885217024525,2404821.0,,,15.1500101089478,310.8,71.5428923484265,WB/UNESCO
OMN,2005,0.0,Oman,327.26,7.63793,14434.8577924647,41551.1413844552,43672.5203179476,12590.0,32915.2577137152,42420.0,3.07889008522034,10.0536403656006,6.683599949,2459802.0,,,17.117769241333,327.98,71.8577803438712,WB/UNESCO
OMN,2006,0.14,Oman,352.29,,16930.8565071853,42540.4398485334,46091.1822354499,14850.0,39811.7561882154,45370.0,3.37333011627197,11.224630355835,8.299699783,2514795.0,,,19.2329597473144,350.4,72.3920261203777,WB/UNESCO
OMN,2007,4.27,Oman,413.64,,18792.653772482,43696.9691440917,48626.9220399497,17290.0,43762.1846112047,47820.0,,,16.68,2570174.0,,,20.4086494445801,410.85,73.0679250158092,WB/UNESCO
OMN,2008,4.17,Oman,448.65,,26576.779241509,46586.3955926767,52841.18895045,21190.0,50059.4323926864,50750.0,,,20.0,2626529.0,,,20.4462108612061,445.81,73.807772368029,WB/UNESCO
OMN,2009,2.33,Oman,486.47,26.88333,20655.9180249218,48304.1178923167,55127.4677727301,22010.0,44742.2581785911,52220.0,3.6541600227356,10.949179649353,26.79999924,2684659.0,,,21.9678993225098,486.75,74.5338635149003,WB/UNESCO
OMN,2010,0.5,Oman,538.26,,23570.1798147325,48191.6145135737,55667.4687760453,22510.0,48650.8852492278,52600.0,,,35.8278,2757446.0,,,27.8526854365953,528.58,75.1579724666274,WB/UNESCO
OMN,2011,4.23,Oman,600.64,,25188.0074151885,44440.3092616125,52393.3135820293,20820.0,50279.0535805369,49600.0,,,48.0,3076763.0,0.11962,172.68707,31.5563508791784,584.53,75.6585803514688,WB/UNESCO
OMN,2012,1.36,Oman,603.03,,24642.2978768596,41964.0828578552,49989.4425093994,21960.0,48982.4526736916,47410.0,,,60.0,3547106.0,0.18281,180.02625,,579.51,76.088156621068,WB/UNESCO
OMN,2013,6.21,Oman,670.52,,23458.0233840053,40854.4853548905,47013.4730934385,22920.0,47130.2707255227,45320.0,4.35383987426758,11.0801801681519,66.45,3833913.0,0.14854,132.90674,35.149615885003,651.45,76.4914234214313,WB/UNESCO
OMN,2014,4.21,Oman,691.48,,23160.6502252547,39639.9870514802,44235.8336329334,22060.0,43837.5210922763,42190.0,,,70.22000122,4002439.0,0.18588,182.47683,41.1818561581842,670.43,76.8892576748951,WB/UNESCO
OMN,2015,3.54,Oman,762.02,,18808.3077921839,39813.7887054675,36058.1666084788,20560.0,37143.9581457055,35030.0,,,73.52999878,4184895.0,0.21866,222.38615,45.1898945959512,737.17,77.3025363037955,WB/UNESCO
OMN,2016,6.65,Oman,771.58,,17110.1897460545,39860.9893909688,33333.8635893722,18550.0,34683.5057052057,32420.0,,,76.8453904741456,4390877.0,0.22691,250.29605,46.8235059845958,753.75,77.7521362304688,WB/UNESCO
OMN,2017,8.27,Oman,787.97,,17820.0661809335,38691.1077105097,33619.4988982607,16640.0,36458.5200212023,32400.0,5.99594020843506,15.2072200775147,80.18560028,4537396.0,0.19925,251.8909,43.5767818520195,802.34,78.3142260040136,WB/UNESCO
OMN,2018,3.15,Oman,846.25,,19901.7615642016,38673.6045360857,37780.3308327271,17250.0,38276.7565638679,35720.0,4.58565998077393,11.9663095474243,85.5,4597877.0,0.19031,296.18652,44.9540216505645,781.57,78.9655839720276,WB/UNESCO
OMN,2019,6.05,Oman,982.36,,19180.1864152801,38292.3859682752,37250.6110788359,17860.0,36583.6507314235,34750.0,5.06363010406494,13.0579996109009,90.25939941,4591241.0,0.27255,382.86992,45.1723183863131,956.32,79.5780017545962,WB/UNESCO
OMN,2020,6.72,Oman,1074.58,,16784.8630630058,37560.5998714953,35163.3281781415,17190.0,33512.1679002807,32740.0,6.87768983840942,15.4427700042725,95.23229321,4522497.0,0.31599,374.1444,48.3754397440909,1039.96,80.0176378922722,WB/UNESCO
OMN,2021,9.95,Oman,1399.09,,19403.4600160211,38719.4587682049,38719.4587682049,17910.0,36069.4784141614,36070.0,,,95.23880005,4500424.0,0.29266,332.10768,43.8433613964625,1320.34,80.1239942103569,WB/UNESCO
OMN,2022,16.05,Oman,1588.15,,23223.5829405935,39780.2122774985,42609.5810436221,19270.0,40663.8252383142,38990.0,4.38311004638672,14.1779499053955,95.24530029,4730226.0,0.28711,383.13404,,1487.22,80.0117053152301,WB/UNESCO
PAK,2003,1.58,Pakistan,1465.01,,672.44178669894,3668.77938852508,2821.73137020979,640.0,3696.85865685606,2770.0,,,5.04115812592502,167110248.0,,,2.37435007095337,1457.66,33.5669209665019,WB/UNESCO
PAK,2004,4.26,Pakistan,1730.34,,771.902247348954,3859.64601808903,3048.35709125252,740.0,3875.99238493093,3000.0,1.44337999820709,11.2293500900269,6.16432098534156,171286000.0,,,2.97886991500854,1716.17,33.7441369568158,WB/UNESCO
PAK,2005,0.92,Pakistan,2356.02,,827.619861189926,4042.15457513378,3292.6022326683,830.0,4055.80435309028,3240.0,1.67058002948761,13.777509689331,6.332300186,175453212.0,0.32946,73.17722,4.32808017730713,2340.97,33.9190062789495,WB/UNESCO
PAK,2006,3.67,Pakistan,2796.17,,900.873564984808,4185.86655659206,3514.8136524316,890.0,4119.72824076397,3460.0,1.98055994510651,15.2890996932983,6.5,179682690.0,,,4.39564990997315,2747.69,34.0931793866356,WB/UNESCO
PAK,2007,5.87,Pakistan,3335.15,,998.090114197524,4257.92556870432,3672.18527443486,940.0,4164.24884908048,3600.0,2.23465991020203,15.445520401001,6.800000191,184493231.0,0.52343,144.82577,4.95792007446289,3291.33,34.2683067336065,WB/UNESCO
PAK,2008,2.65,Pakistan,4076.38,,1067.04324565284,4233.34830715497,3721.33293548494,1000.0,4040.07622978161,3650.0,2.27265000343323,14.096960067749,7.0,189499113.0,,,4.87824010848999,4017.34,34.4460387735948,WB/UNESCO
PAK,2009,4.25,Pakistan,4827.6,,963.788066395225,4270.43882264229,3777.09098632843,1020.0,4038.77693682034,3690.0,2.17916989326477,12.0826301574707,7.5,194376534.0,0.40218,143.85657,5.97273015975952,4732.44,34.6280259603331,WB/UNESCO
PAK,2010,10.38,Pakistan,5470.45,,987.304571124485,4228.7817715945,3785.70113518223,1000.0,4042.95064235949,3720.0,2.05268001556396,11.8646602630615,8.0,199239047.0,,,7.03303843576596,5380.66,34.8159187475539,WB/UNESCO
PAK,2011,7.56,Pakistan,6069.82,,1131.73513834324,4246.06710882497,3879.5977693449,1020.0,4083.55096720822,3830.0,2.00100994110107,10.9246101379394,8.0,203746065.0,0.30491,130.07654,7.31739557390399,5894.42,35.0113675889897,WB/UNESCO
PAK,2012,5.79,Pakistan,6483.15,,1204.36475491585,4292.02110293486,4046.59848766311,1110.0,4070.52553141191,3990.0,1.97880005836487,11.0406303405762,8.100000381,207667125.0,,,8.33303617018241,6198.81,35.2160229383731,WB/UNESCO
PAK,2013,11.97,Pakistan,7175.1,32.23326,1225.4340119198,4407.14705841377,4173.93858568758,1210.0,4170.58258765272,4110.0,2.23698997497559,11.5139799118042,9.0,211073978.0,0.26179,144.40494,8.71835995772812,6870.18,35.4315352494366,WB/UNESCO
PAK,2014,19.2,Pakistan,7322.71,22.32371,1266.61340849959,4520.23463399286,4312.99070040776,1250.0,4283.74418869076,4250.0,2.2043399810791,11.3006601333618,10.0,214264647.0,,,8.74569228544475,7094.94,35.6595549759128,WB/UNESCO
PAK,2015,24.55,Pakistan,8116.95,22.78857,1380.47020838317,4645.28631071145,4480.26313460985,1280.0,4413.24190919161,4410.0,2.38609004020691,13.1872797012329,11.0,217290883.0,0.22193,257.67288,8.43556648904153,7669.24,35.9017325715342,WB/UNESCO
PAK,2016,61.01,Pakistan,9294.65,22.20075,1424.69161195897,4886.61212115378,4630.7315068374,1360.0,4699.65484418494,4550.0,2.66805005073547,15.0634803771973,12.385446763381,220138869.0,,,8.31973903550878,9006.53,36.1597184900333,WB/UNESCO
PAK,2017,74.25,Pakistan,11152.3,22.11033,1519.23459514248,5031.56060738433,4789.53646557553,1450.0,4876.33857116154,4720.0,2.57617998123169,14.5447797775269,13.77999973,223273967.0,0.21214,314.96263,8.62228080260493,11064.45,36.4351548223399,WB/UNESCO
PAK,2018,101.14,Pakistan,12370.03,,1569.33814626355,5255.06350681272,4979.3734961655,1560.0,5085.22981578392,4900.0,2.33216949688293,12.1924793986342,15.34000015,226928892.0,,,8.20683057963381,11921.76,36.7478511550359,WB/UNESCO
PAK,2019,106.51,Pakistan,15378.21,,1390.41690981745,5295.95295138203,5037.53401559745,1520.0,5131.95318514361,4950.0,2.21492004394531,11.5916795730591,17.070901719916,230800899.0,0.17475,362.3767,11.103638528678,14994.15,37.1091631735769,WB/UNESCO
PAK,2020,140.98,Pakistan,16977.89,,1278.39735206896,5135.01459288839,5048.0213062963,1370.0,5015.59455562957,4960.0,2.05718240718423,10.7962121538911,18.935,235001746.0,,,11.7245978752314,16903.42,37.5080192948099,WB/UNESCO
PAK,2021,177.35,Pakistan,20753.75,,1455.31922370186,5367.27364714762,5367.27364714762,1420.0,5299.51213847095,5300.0,1.68746129213991,7.81720760893089,,239477801.0,0.16431,401.38994,12.3810012807012,19703.26,37.9333395514173,WB/UNESCO
PAK,2022,321.39,Pakistan,22642.68,,1538.3228133171,5526.27928310213,5919.33605935593,1510.0,5367.03822632174,5840.0,1.97300945756988,9.40440332600436,,243700667.0,,,10.5057175294292,20954.92,38.3740439760816,WB/UNESCO
PAN,2003,2.21,Panama,64.62,,4264.66428846636,14957.5590503323,8800.56664132278,4030.0,14297.9980145092,8280.0,4.19644021987915,16.3430099487305,9.98742407723405,3189807.0,0.32323,96.2208,44.2729110717773,63.29,63.4079949945516,WB/UNESCO
PAN,2004,0.75,Panama,65.36,28.35409,4644.56582353041,15875.1188201453,9591.60288306919,4490.0,14534.1097266801,8940.0,3.55807995796204,14.5761699676514,11.1408625409415,3251155.0,0.22516,86.01913,43.0450782775879,63.26,63.7553758418416,WB/UNESCO
PAN,2005,1.63,Panama,79.6,,5017.7410922824,16867.9674513124,10511.0220313142,4880.0,15639.155620587,9770.0,,,11.48400021,3313026.0,0.22835,104.8111,41.6649894714355,76.14,64.0721934428526,WB/UNESCO
PAN,2006,3.66,Panama,83.53,,5528.76705469354,18190.281154717,11684.5550276188,5270.0,16669.3611546943,10870.0,,,17.34959984,3375024.0,0.22884,106.46073,42.6925010681152,81.03,64.355408255933,WB/UNESCO
PAN,2007,3.47,Panama,100.21,,6317.81730274124,20208.8293911964,13332.8661056497,5990.0,18322.7661483332,12560.0,,,22.29,3437490.0,0.1782,167.93435,42.9214782714844,94.41,64.6019807394311,WB/UNESCO
PAN,2008,1.94,Panama,118.4,,7347.59050324397,21867.8272186787,14705.3714506309,6770.0,19526.5807865986,13840.0,3.42529010772705,14.8747501373291,33.82,3500648.0,0.18646,133.47221,43.0992698669434,112.12,64.8088713516952,WB/UNESCO
PAN,2009,2.66,Panama,118.74,,7796.92617035048,21822.996136155,14765.7380218537,7120.0,20638.8266194392,14000.0,,,39.08,3564381.0,0.12889,111.53858,43.0278511047363,116.61,64.9730405510737,WB/UNESCO
PAN,2010,3.24,Panama,118.76,,8331.46421351868,22739.1194141341,15572.578718933,7500.0,20591.04510028,14380.0,,,40.1,3628535.0,0.14075,,43.9639480204278,117.23,65.0926097647906,WB/UNESCO
PAN,2011,6.26,Panama,130.16,22.24082,9662.29592216607,24999.4702655482,17473.7651401424,8860.0,23221.666989873,16540.0,3.07034993171692,12.9443597793579,42.7,3693505.0,0.16818,119.64866,41.8858795918623,126.94,65.1896678664818,WB/UNESCO
PAN,2012,4.44,Panama,155.83,,11064.8063606203,26926.8956928065,19473.2514820186,9870.0,24575.9111846973,18190.0,,,40.3018952210488,3759256.0,0.07323,38.1076,43.6626516529234,152.08,65.2829468288151,WB/UNESCO
PAN,2013,4.79,Panama,155.37,,12273.3225037637,28135.3387835383,21923.6750939531,10950.0,26171.2477548329,20570.0,,,44.03,3825329.0,0.06028,39.55467,,150.2,65.3709770103365,WB/UNESCO
PAN,2014,5.62,Panama,166.51,,13213.1989637473,28931.8156401199,24376.0808685086,11520.0,26249.1401200683,22310.0,3.08107995986939,13.3286304473877,44.9238152577893,3892101.0,0.11935,92.78364,44.6253501937764,163.66,65.4531164770096,WB/UNESCO
PAN,2015,5.0,Panama,164.37,,14082.6548502728,29933.1671530011,27245.2788533669,12570.0,28519.4325168447,25560.0,3.26552009582519,15.1898202896118,51.2054249948687,3960035.0,0.10422,90.68303,47.5819435584313,161.14,65.5287232947981,WB/UNESCO
PAN,2016,5.0,Panama,154.78,,14832.3611608191,30765.2490653506,30276.7088405833,13180.0,29148.9737838905,28180.0,3.32278990745544,15.5377902984619,54.0,4029086.0,0.12829,96.8879,48.3799959758914,153.0,65.5971555296656,WB/UNESCO
PAN,2017,5.64,Panama,175.99,,15694.6297454295,31979.8246437748,33533.3260079329,14230.0,30420.6848109465,31550.0,3.37834000587463,15.8837099075317,59.9506309038683,4098707.0,0.13083,105.81058,,177.04,65.6577712475758,WB/UNESCO
PAN,2018,6.22,Panama,175.81,,16151.3273478476,32681.4729886331,32463.540359127,14910.0,30202.5874786382,29900.0,3.4524199962616,15.816309928894,61.8055313202468,4167860.0,0.13355,107.17185,,167.78,65.7099285144924,WB/UNESCO
PAN,2019,6.8,Panama,261.7,,16477.9066285687,33163.7172814857,33239.7332311641,15640.0,31268.5099594233,31180.0,3.28122011579173,15.6073776131625,63.6284147731451,4234700.0,0.13613,110.65703,,265.02,65.752985396379,WB/UNESCO
PAN,2020,8.14,Panama,264.98,,13290.5608347594,26881.8277221689,27017.0033688951,13070.0,26064.0302794563,26190.0,4.30487012863159,15.6296300888062,64.82430267,4293261.0,0.23246,167.55608,44.9372948646286,249.53,65.7862999591993,WB/UNESCO
PAN,2021,7.09,Panama,290.26,,15509.8069109784,30932.7627780514,30932.7627780514,14920.0,29100.5098015705,29100.0,3.71198010444641,15.6105003356934,66.04270172,4345405.0,0.17691,134.74424,52.7147829654218,282.05,65.8092302689169,WB/UNESCO
PAN,2022,6.05,Panama,376.12,,17378.6070083597,33915.1693306309,36327.3867449699,17130.0,32507.1124194374,34900.0,3.37781000137329,15.7813301086426,67.2838974,4400773.0,0.18302,142.28474,57.8162831217614,370.87,65.8211343914956,WB/UNESCO
PER,2003,1.2,Peru,267.77,13.24595,2129.44114197634,8173.27672987692,5656.8581611382,2060.0,6685.67151823841,5480.0,2.93779993057251,14.6583099365234,11.6,27580490.0,0.10813,,30.319580078125,265.13,73.9558750733136,WB/UNESCO
PER,2004,2.43,Peru,265.08,13.88347,2397.25147277714,8494.84031217202,6037.52025111104,2270.0,6924.0381706792,5730.0,2.95787000656128,15.273850440979,14.1,27852190.0,0.15578,,32.1658897399902,258.81,74.3769516383133,WB/UNESCO
PER,2005,3.43,Peru,302.14,10.74968,2706.66947297608,8948.74710742664,6559.54330016358,2520.0,7286.82249443014,6150.0,2.83903002738953,14.2785196304321,17.10000038,28101180.0,,,32.4608917236328,297.75,74.8162354830832,WB/UNESCO
PER,2006,4.02,Peru,441.15,14.42556,3129.55996496982,9546.62529545456,7213.59606035744,2790.0,8139.63938092468,6630.0,2.65281009674072,14.0353002548218,20.70000076,28324491.0,,,33.9184188842773,431.35,75.2766672012397,WB/UNESCO
PER,2007,4.49,Peru,402.49,13.63151,3581.0893081917,10284.9672238506,7982.05008343802,3190.0,8916.9545937001,7370.0,2.62940001487732,14.141770362854,25.20000076,28530699.0,,,,391.88,75.7615250588738,WB/UNESCO
PER,2008,6.62,Peru,406.39,15.70794,4197.58444634142,11150.0262166889,8820.13901025735,3770.0,9514.5805924937,8210.0,2.8677499294281,14.3778200149536,30.57,28719041.0,,,,398.76,76.2744879116779,WB/UNESCO
PER,2009,3.46,Peru,491.52,14.38184,4181.18755462253,11202.8654418496,8916.59577544311,3950.0,9664.28688410403,8360.0,3.13994002342224,14.5476303100586,31.4,28896811.0,,,,483.96,76.822147540745,WB/UNESCO
PER,2010,6.57,Peru,553.93,13.82178,5072.11494019615,12057.3912963716,9713.35863277619,4400.0,10768.9037517177,9000.0,2.86730003356934,13.4923696517944,34.77,29086019.0,,,,540.81,77.4020936833934,WB/UNESCO
PER,2011,7.85,Peru,596.78,17.43478,5861.35793645245,12724.8832049429,10462.5770434663,4960.0,11725.0975962532,9690.0,2.6635000705719,13.5442399978638,36.01,29304086.0,0.08282,,,587.09,78.0118164985462,WB/UNESCO
PER,2012,6.6,Peru,641.35,18.05857,6519.37852981527,13393.5923851679,10757.1522234351,5780.0,12358.9564034184,10080.0,2.92276000976562,14.3694896697998,38.2,29550366.0,0.0553,,,635.14,78.6488061451268,WB/UNESCO
PER,2013,10.52,Peru,667.12,16.82477,6746.80025696601,14050.2420319137,11290.5547403874,6410.0,12904.69941334,10710.0,3.29729008674622,15.2219400405884,39.2,29817919.0,0.08174,,,653.3,79.3105527820586,WB/UNESCO
PER,2014,14.45,Peru,745.61,14.22039,6667.13410360861,14242.6444760801,11517.7371710247,6520.0,13052.6371519802,11000.0,3.69599008560181,16.2275104522705,40.2446560091704,30115826.0,0.10805,,,732.42,79.9945465682649,WB/UNESCO
PER,2015,12.04,Peru,899.29,16.08268,6231.71150338894,14540.8313160635,11600.3873992867,6340.0,13245.4083825161,11200.0,3.96933007240295,17.6153793334961,40.8526009090468,30457600.0,0.11702,,,881.39,80.698277662669,WB/UNESCO
PER,2016,26.26,Peru,1071.41,16.97907,6217.03599995447,14915.4366324454,12066.5460683317,6130.0,13478.6952317396,11570.0,3.81316995620727,17.93577003479,45.4617406869459,30866494.0,0.12008,,73.2223205566406,1048.57,81.4192362241943,WB/UNESCO
PER,2017,26.1,Peru,1389.87,16.66902,6736.16693725487,15067.489279382,12591.8562879234,6090.0,13786.8894943646,12010.0,3.93130993843079,18.321159362793,50.4504121848143,31324637.0,0.12085,,71.2404708862305,1356.5,82.1931650502403,WB/UNESCO
PER,2018,33.39,Peru,1700.86,15.77045,6978.49121548627,15384.1846082423,13078.2323503405,6500.0,14008.523595321,12430.0,3.71392011642456,17.1521797180176,55.0543342443197,31897584.0,0.12683,,,1642.77,82.6854929960921,WB/UNESCO
PER,2019,33.38,Peru,2332.04,,7037.00803692604,15461.4572585466,13563.5372933551,6850.0,14235.3089047194,13070.0,3.822429895401,17.7330207824707,59.9505036049006,32449303.0,0.15696,,,2380.17,83.1033003087105,WB/UNESCO
PER,2020,40.88,Peru,2892.98,,6133.32552410183,13607.7640705828,12563.3038060893,6080.0,12749.4053516853,12230.0,4.25937986373901,15.9272603988647,65.25179796,32838579.0,0.17229,,,3064.15,83.5267437189637,WB/UNESCO
PER,2021,63.18,Peru,4064.96,,6828.53422535638,15285.7706852395,15285.7706852395,6550.0,14104.3774080803,14100.0,3.92765998840332,16.7178897857666,71.10782643,33155882.0,0.13754,,,4073.17,83.9480118272361,WB/UNESCO
PER,2022,87.01,Peru,4584.96,,7353.74598721667,15566.5242612563,16673.6937563476,6930.0,14092.6258288217,15540.0,3.83975005149841,16.4729995727539,74.67495213,33475438.0,0.16206,,,4643.53,84.3663554951194,WB/UNESCO
PHL,2003,3.85,Philippines,375.35,13.18942,1027.2301192843,5003.38317718716,3761.49624592314,1150.0,5501.68052328891,4120.0,2.93517994880676,14.380220413208,4.85767226708512,84731835.0,0.12527,69.84969,27.230110168457,374.95,40.3928506135438,WB/UNESCO
PHL,2004,1.38,Philippines,389.09,13.44938,1099.63013023758,5229.45080700165,4037.17193795436,1260.0,5743.3839479933,4410.0,2.46983003616333,12.7508497238159,5.2436284521711,86394504.0,,,26.5457592010498,392.51,40.8507057988121,WB/UNESCO
PHL,2005,6.44,Philippines,457.51,13.28004,1220.46018559867,5386.81653712891,4289.05223688469,1350.0,5933.99193233894,4710.0,2.32806992530823,12.4223604202271,5.397600174,88015962.0,0.10692,79.06465,25.823429107666,455.38,41.3297701258519,WB/UNESCO
PHL,2006,5.16,Philippines,445.82,,1426.14649179546,5578.57225112139,4578.70630900797,1470.0,6111.39085661929,5000.0,2.42579007148743,13.2685298919678,5.74058632534702,89508986.0,,,26.2468109130859,443.26,41.8308558715226,WB/UNESCO
PHL,2007,3.4,Philippines,492.66,10.60725,1712.65543282793,5840.06810169965,4923.19718551963,1680.0,6386.07200098781,5370.0,2.48518991470337,13.6670198440552,5.97,91075184.0,0.10498,77.12363,,487.26,42.3470499959497,WB/UNESCO
PHL,2008,6.15,Philippines,545.02,10.42069,1959.29233534978,5987.03757861835,5144.3357817008,1970.0,6566.05996489063,5630.0,2.58282995223999,14.4419898986816,6.22,92699095.0,,,27.1289901733398,540.67,43.1547492407016,WB/UNESCO
PHL,2009,4.14,Philippines,595.33,11.95731,1864.45043406471,5965.30730902221,5157.27825093616,2130.0,6684.02859583941,5750.0,2.53777003288269,13.2111597061157,9.0,94384250.0,0.10901,80.30929,26.6055793762207,585.5,44.3356772609527,WB/UNESCO
PHL,2010,10.22,Philippines,679.82,,2162.91375885614,6273.03927731515,5489.23543439664,2310.0,7010.7752903223,6110.0,,,25.0,96337125.0,,,27.7549235195177,667.07,45.5208176726647,WB/UNESCO
PHL,2011,8.45,Philippines,878.82,,2383.91892522087,6388.31296959977,5705.43591174904,2450.0,7104.05962766033,6320.0,,,29.0,98248614.0,0.11222,82.55979,29.0709151463153,860.73,46.6833632464759,WB/UNESCO
PHL,2012,10.06,Philippines,820.31,,2614.61644401308,6697.55620962768,6094.26837338658,2780.0,7459.37276649028,6770.0,,,30.79999924,100175512.0,,,29.6298942276846,792.29,47.9182784810426,WB/UNESCO
PHL,2013,11.52,Philippines,935.46,,2781.27957677397,7016.53846470436,6372.83382112545,3060.0,7864.44157741653,7120.0,,,32.70000076,102076336.0,0.13207,182.5933,31.8704183328366,939.89,49.1313688766206,WB/UNESCO
PHL,2014,15.52,Philippines,1038.82,,2866.83803761407,7340.361585912,6688.73961232553,3220.0,8214.45007713614,7460.0,2.66454238129968,15.5159407407407,34.70000076,103767130.0,,,33.8741923214799,1037.84,50.2392400212368,WB/UNESCO
PHL,2015,39.13,Philippines,1365.11,,2909.85818010301,7691.76308685047,6894.26702217935,3280.0,8589.12204356574,7680.0,2.83052303785203,15.1455329623945,36.90000153,105312992.0,0.15683,103.17345,35.8745887819664,1339.31,51.1549047745227,WB/UNESCO
PHL,2016,25.44,Philippines,1654.64,,2985.19564024046,8131.82537948653,7382.66758431792,3350.0,9052.56592006996,8200.0,3.30128109042443,16.6420963421947,39.20000076,106735719.0,,,38.3447414525513,1626.19,51.9114748151175,WB/UNESCO
PHL,2017,23.08,Philippines,1992.04,,3038.12124959289,8584.13622709699,7773.79853599024,3440.0,9547.82828776357,8630.0,3.96384087403915,19.5904269552239,41.59999847,108119693.0,,,33.6841018682349,1973.91,52.6010482354344,WB/UNESCO
PHL,2018,16.19,Philippines,2121.3,,3168.51036609727,9016.28659637608,8357.74357934219,3610.0,9987.92475309878,9250.0,3.85502760745456,18.6920129280595,44.09999847,109465287.0,0.32222,170.21271,28.1166228592308,2327.34,53.2088897464754,WB/UNESCO
PHL,2019,28.84,Philippines,3379.76,,3400.78949767074,9452.2939715981,8924.10116402887,3760.0,10397.6849576659,9820.0,3.40748649142134,18.1630919978121,43.0266118680279,110804683.0,0.25926,302.08457,30.0548680110365,2884.66,53.7157859948017,WB/UNESCO
PHL,2020,35.9,Philippines,3262.82,,3227.57910235199,8455.18457134106,8238.36802037457,3350.0,9101.18350798295,8860.0,3.85829051308063,16.8932648780488,53.76490021,112081264.0,0.27625,320.27857,31.6317598507085,3137.34,54.1077719895977,WB/UNESCO
PHL,2021,62.25,Philippines,4052.93,,3484.38593882819,8857.78995115514,8857.78995115514,3570.0,9172.83965670689,9170.0,3.87249754784633,16.6816593430981,66.90779877,113100950.0,,,33.6166173848126,3948.12,54.4504102510776,WB/UNESCO
PHL,2022,85.31,Philippines,3961.49,,3548.06930572116,9457.10395402883,10129.7407504053,4010.0,10003.4140895765,10720.0,3.57960089528426,15.6964005295008,75.21114422,113964338.0,,,38.4011392706768,4283.9,54.7902343568327,WB/UNESCO
PLW,2003,0.0,Palau,1.83,,7862.39286077623,16538.7688424505,11558.5491104481,7790.0,15868.9191451324,10930.0,,,21.6015271777354,19659.0,,,,1.83,74.5444848058291,WB/UNESCO
PLW,2004,0.0,Palau,2.88,,8393.73029137235,16974.0682933412,12181.7697255114,8370.0,16437.4289414255,11660.0,,,26.9703326341025,19820.0,,,,2.88,76.445323887982,WB/UNESCO
PLW,2005,0.0,Palau,10.48,,9367.68615343862,17464.6208167636,12926.8166341595,8910.0,16934.0703774548,12320.0,,,,19819.0,,,,10.48,77.574268209537,WB/UNESCO
PLW,2006,0.0,Palau,4.79,,9737.01943934058,17706.3673621904,13509.9105161415,9300.0,17287.5227019989,12890.0,,,,19593.0,,,,4.79,78.306895759147,WB/UNESCO
PLW,2007,0.0,Palau,7.97,,10155.0470806134,18096.7989531775,14181.8979964982,9700.0,17798.1973570356,13410.0,,,,19302.0,,,,7.97,79.019601300651,WB/UNESCO
PLW,2008,0.0,Palau,3.71,,10471.1510008417,17355.2423019079,13862.8103556655,9780.0,17277.3943956953,13210.0,,,,19009.0,,,,3.61,79.6639213135968,WB/UNESCO
PLW,2009,0.0,Palau,2.73,,9837.49883077663,16541.1206311875,13294.0083543381,9880.0,17071.1017613615,13170.0,,,,18709.0,,,,2.63,80.2186712923386,WB/UNESCO
PLW,2010,0.0,Palau,5.17,,10018.065238367,16313.4287679398,13270.3500491334,9860.0,16571.9402168683,13120.0,,,,18396.0,,,,5.17,80.6626667312304,WB/UNESCO
PLW,2011,0.0,Palau,1.85,,10795.639900708,17354.9336767951,14408.8354542722,10560.0,17175.7940557046,14180.0,,,,18078.0,,,,1.69,80.9747231246263,WB/UNESCO
PLW,2012,0.0,Palau,2.25,,12098.4124331551,18024.7540996872,15243.6221204575,11170.0,17626.7512710842,14680.0,,,,17765.0,,,,2.25,81.1285663568435,WB/UNESCO
PLW,2013,0.0,Palau,4.2,,12820.5931621147,17891.3784371353,15388.3342258755,11800.0,18062.7299733758,15030.0,,,,17648.0,,,67.3166885375977,3.95,81.0756895339142,WB/UNESCO
PLW,2014,0.0,Palau,4.71,,13854.730278013,18574.7889489655,16254.3772996206,12730.0,18686.4989729535,15650.0,,,,17715.0,,,,4.71,80.7338640362566,WB/UNESCO
PLW,2015,0.0,Palau,5.61,,15938.3652222848,20104.2315379069,17756.0262069064,14180.0,20620.5970693125,16930.0,,,,17770.0,,,,5.61,80.388246269234,WB/UNESCO
PLW,2016,0.0,Palau,3.3,,17043.6660673147,20408.2613269723,18195.8361471596,14970.0,21029.9081850562,17250.0,,,,17797.0,,,,3.3,80.1089335766065,WB/UNESCO
PLW,2017,0.0,Palau,5.96,,16280.241199753,19693.4082379382,17872.9168958861,15520.0,20557.7952245478,17510.0,,,,17812.0,,,,5.87,79.8284579022498,WB/UNESCO
PLW,2018,0.0,Palau,6.51,,16179.877834849,19608.9617027822,18203.969912435,16040.0,19871.5647519694,17730.0,,,,17814.0,,,,5.31,79.5520868568744,WB/UNESCO
PLW,2019,0.0,Palau,6.1,,15841.8923474548,19685.6037989273,18576.7451553901,16280.0,20121.6744463022,18450.0,,,,17798.0,,,,4.85,79.2803814152827,WB/UNESCO
PLW,2020,0.0,Palau,6.52,,14556.30954221,18509.2491855913,17701.5330429975,15440.0,19352.9561786088,18110.0,3.47118076238812,9.00948279367664,,17792.0,,,,7.22,79.0796884006264,WB/UNESCO
PLW,2021,0.0,Palau,5.61,,13267.4877340719,16312.190220013,16312.190220013,13980.0,16930.8136751416,16930.0,3.94417105804533,8.90960104150937,,17783.0,,,,5.61,79.0890798782416,WB/UNESCO
PLW,2022,0.0,Palau,6.45,,13934.951996171,16258.6271292912,17415.0224611906,14100.0,16580.5213896537,17650.0,3.57620133415525,10.1553248366634,82.56749725,17759.0,,,51.5274949083503,6.35,79.1134831712956,WB/UNESCO
PNG,2003,0.5,Papua New Guinea,54.18,,577.467922387259,3064.83667344612,2141.94088707516,480.0,,1980.0,,,1.37440466802801,6123997.0,,,,52.98,13.1226067833938,WB/UNESCO
PNG,2004,1.0,Papua New Guinea,42.64,,620.596147680561,3046.72321896172,2186.54008157373,540.0,,2060.0,,,1.5079127722725,6328041.0,,,,42.64,13.0951673752744,WB/UNESCO
PNG,2005,0.0,Papua New Guinea,37.26,,744.486489977433,3136.98756942536,2321.90916247524,650.0,,2220.0,,,1.71619047556782,6535905.0,,,,38.42,13.0708971726612,WB/UNESCO
PNG,2006,0.0,Papua New Guinea,48.87,,1238.18282926706,3202.89763507367,2443.80225243748,780.0,,2220.0,,,1.754487260668,6747720.0,,,,48.87,13.04994211169,WB/UNESCO
PNG,2007,0.29,Papua New Guinea,60.76,,1370.753415829,3346.27900337124,2622.37468717097,1040.0,,2440.0,,,1.790599942,6963345.0,,,,60.76,13.0324481284965,WB/UNESCO
PNG,2008,0.33,Papua New Guinea,59.0,,1624.79319935188,3234.33247673,2583.48094322768,1360.0,,2450.0,,,1.15,7183002.0,,,,58.0,13.0185611592166,WB/UNESCO
PNG,2009,0.5,Papua New Guinea,40.02,,1568.83193368607,3350.07263964739,2692.43509264673,1460.0,,2500.0,,,1.61,7406438.0,,,,41.02,13.008427139986,WB/UNESCO
PNG,2010,0.5,Papua New Guinea,49.73,,1866.86889851208,3579.63000710983,2911.89203180175,1660.0,,2700.0,,,1.28,7633523.0,,,,49.73,13.0021920069407,WB/UNESCO
PNG,2011,0.0,Papua New Guinea,41.6,,2288.37591141234,3515.28312517363,2918.54391777544,1730.0,,2640.0,,,2.0,7859346.0,,,,41.6,13.0000025015364,WB/UNESCO
PNG,2012,0.0,Papua New Guinea,61.17,,2635.0873631547,3577.91014722774,3025.85599579616,2150.0,,2870.0,,,3.5,8081390.0,,,,61.32,13.0143796071362,WB/UNESCO
PNG,2013,0.0,Papua New Guinea,53.22,,2560.77458976327,3615.74646029074,3109.8953723707,2340.0,,2860.0,,,5.099999905,8302698.0,,,,53.22,13.0582475733094,WB/UNESCO
PNG,2014,0.0,Papua New Guinea,62.9,,2723.17529825196,3999.13038811865,3499.54846741228,2790.0,,3440.0,,,6.5,8523441.0,,,,60.23,13.1316404025265,WB/UNESCO
PNG,2015,0.0,Papua New Guinea,58.96,,2484.5963398603,4155.05563962107,3669.7387159095,2520.0,,3430.0,1.62515691017505,7.24179577803958,7.900000095,8743246.0,,,,58.49,13.2341359836319,WB/UNESCO
PNG,2016,0.0,Papua New Guinea,59.81,,2316.39479758492,4276.29643263164,3812.71035088181,2410.0,,3640.0,0.853806396301458,4.09139135303999,9.601499557,8961718.0,0.03158,33.15884,,57.91,13.3653651942392,WB/UNESCO
PNG,2017,0.5,Papua New Guinea,62.0,,2477.76530986323,4322.77662200998,3923.17197669347,2310.0,,3740.0,1.96493005752563,10.6982002258301,11.20919991,9178714.0,,,,61.28,13.5249644881888,WB/UNESCO
PNG,2018,0.0,Papua New Guinea,61.16,,2566.36833735041,4211.68504310327,3909.91572972608,2310.0,,3690.0,1.8748300075531,9.22710037231445,12.35789967,9394513.0,,,,57.76,13.7125720532162,WB/UNESCO
PNG,2019,0.5,Papua New Guinea,71.07,,2575.77274140393,4302.16255230002,4059.82860203125,2420.0,,3770.0,0.761761143914634,3.57765018904915,13.62419987,9609010.0,,,,69.73,13.9278267446947,WB/UNESCO
PNG,2020,1.3,Papua New Guinea,60.17,,2429.61134585269,4078.15378358566,3900.18920976888,2410.0,,3780.0,0.898018542083257,3.82002082710411,15.02040005,9815746.0,,,,61.12,14.1703677185729,WB/UNESCO
PNG,2021,0.25,Papua New Guinea,83.64,,2607.97769973161,3977.44297360749,3977.44297360749,2370.0,3735.26340171249,3740.0,0.713984905932403,3.24973249812475,16.55960083,10012896.0,,,,80.07,14.4398342822353,WB/UNESCO
PNG,2022,0.53,Papua New Guinea,83.33,,3102.29409730005,4126.03032145403,4419.49434920144,2690.0,,4160.0,0.643376920751815,2.93439934399344,18.25659943,10203169.0,,,,81.9,14.7358658260841,WB/UNESCO
POL,2003,37.65,Poland,16749.52,19.14225,5720.81366178104,19855.6317989181,12328.9011615853,5510.0,18862.9217866225,12190.0,5.30664014816284,11.6752195358276,24.87,38204570.0,0.53626,1533.19754,60.6214714050293,16433.78,61.7281374379602,WB/UNESCO
POL,2004,44.73,Poland,18896.41,21.23072,6711.72715262967,20878.6545002534,13413.0543202274,6290.0,19629.7157535164,12990.0,5.33129978179932,12.3235301971435,32.53,38182222.0,0.54999,1595.82994,61.7436981201172,18533.61,61.6555172559989,WB/UNESCO
POL,2005,61.09,Poland,20405.04,21.76088,8043.92332253757,21568.9476594356,13935.5573148214,7340.0,20612.13622677,13660.0,5.41065979003906,12.2652902603149,38.81,38165445.0,0.56121,1629.60294,63.7791404724121,20000.44,61.5497010774856,WB/UNESCO
POL,2006,43.97,Poland,22224.04,18.30544,9068.85528307627,22921.1975887696,15204.8809890545,8450.0,21732.5529091914,14810.0,5.18848991394043,12.7099800109863,44.58,38141267.0,0.54899,1563.45879,65.0900726318359,21704.7,61.4199688499096,WB/UNESCO
POL,2007,74.51,Poland,22093.36,19.00887,11272.5293683383,24484.0656663756,16833.2346946924,9940.0,23183.1805472173,16260.0,4.86086988449097,11.3483295440674,48.6,38120560.0,0.56103,1614.00137,66.9424667358398,21623.06,61.2756005207604,WB/UNESCO
POL,2008,88.89,Poland,23900.02,20.54401,14048.5604672654,25553.9058406534,18372.37645483,11980.0,24440.2854659698,17990.0,5.02344989776611,11.410249710083,53.13,38125759.0,0.59719,1626.3818,70.2946319580078,23322.01,61.1258760375274,WB/UNESCO
POL,2009,91.34,Poland,23783.14,21.021,11556.3026866026,26204.410367111,19300.1669900632,12520.0,25034.3954378878,18700.0,4.97665977478027,11.0830497741699,58.97,38151603.0,0.65932,1608.44328,72.6793594360352,23151.69,60.9800753477,WB/UNESCO
POL,2010,96.37,Poland,24723.17,22.77437,12567.7317676382,27112.1333797381,20990.9122325468,12730.0,25680.2931512341,20290.0,5.08126020431519,11.0465202331543,62.32,38042794.0,0.72252,1697.02812,76.5571212768555,24154.46,60.8474783987677,WB/UNESCO
POL,2011,149.18,Poland,25612.69,22.82327,13867.6669408192,28521.6612623568,22808.5055268899,12900.0,26745.1021641059,22000.0,4.82901000976562,10.9456796646118,61.94999896898,38063255.0,0.74726,1679.90071,75.8021011352539,25005.19,60.7357090652544,WB/UNESCO
POL,2012,180.93,Poland,27711.05,23.38739,13087.420943321,28952.9157305301,23728.1456821435,13170.0,26921.7127525138,22830.0,4.83311986923218,11.1955099105835,62.3099972714691,38063164.0,0.88476,1752.07893,75.0382919311523,27193.06,60.6341632788866,WB/UNESCO
POL,2013,227.69,Poland,29634.94,24.45544,13621.9023794031,29168.624211075,24433.8914344877,13290.0,27279.7449937796,23540.0,4.99779987335205,11.5664396286011,62.8492,38040196.0,0.8807,1868.31303,73.317268371582,28952.29,60.5333187465323,WB/UNESCO
POL,2014,269.7,Poland,31104.41,24.09996,14262.2841914116,30334.8786569618,25459.7392273761,13540.0,28541.0234212567,24480.0,4.93858003616333,11.5705003738403,66.5987360557248,38011735.0,0.9454,2054.74753,70.2389678955078,30165.6,60.4340063344328,WB/UNESCO
POL,2015,415.68,Poland,32723.75,25.2831,12637.5220324406,31700.3682364154,26988.1069013509,13320.0,30210.0058055175,25970.0,4.78748989105225,11.5371503829956,67.9969871556415,37986412.0,0.99807,2158.37831,69.3731994628906,31619.76,60.3362886805635,WB/UNESCO
POL,2016,434.02,Poland,34267.43,22.84284,12464.0121044827,32675.3052259954,28359.6927346266,12740.0,31163.8536057386,27250.0,4.62726020812988,11.2715997695923,73.3007040962669,37970087.0,0.9616,2304.00747,69.8503799438477,33120.9,60.2402284228997,WB/UNESCO
POL,2017,425.83,Poland,33886.6,,13913.3415190124,34354.5987616319,30170.2818974087,12780.0,32680.3593434841,28890.0,4.54246997833252,11.0439596176147,75.9853659493832,37974826.0,1.03055,2994.85672,70.6174621582031,32725.15,60.145888199417,WB/UNESCO
POL,2018,504.6,Poland,35457.24,,15658.210586693,36500.4114282584,32345.1066076225,14310.0,34573.9125544085,30980.0,4.55985021591187,11.1106195449829,77.5417345350006,37974750.0,1.19426,3079.49249,71.0217437744141,33795.97,60.0533306480907,WB/UNESCO
POL,2019,514.41,Poland,36493.83,,15874.5220531254,38181.6230334689,35882.3655065553,15510.0,36429.0202443595,34400.0,4.62736988067627,11.1711702346802,80.4359068768673,37965475.0,1.3088,3159.06604,70.9065017700195,34149.03,59.9626184068963,WB/UNESCO
POL,2020,640.29,Poland,38445.19,,16150.9304813473,37852.8021313639,37089.3004256812,15640.0,36753.2133812552,35720.0,4.80081987380981,10.0572299957275,83.18488715,37515748.0,1.37128,3260.15498,70.9730377197266,34204.93,59.8738141138092,WB/UNESCO
POL,2021,785.02,Poland,41280.7,,18635.5104895754,41059.5847829682,41059.5847829682,17470.0,39255.3047674688,39260.0,4.61998987197876,10.6040897369385,85.37490906,36981559.0,1.41558,3558.20467,72.2060623168945,34667.25,59.8096513205543,WB/UNESCO
POL,2022,720.33,Poland,37368.15,,18891.2121169279,43405.0215797441,46777.5524519162,19110.0,40906.8776253687,44940.0,4.31372976303101,9.97441005706787,86.94113479,36821749.0,1.44162,3721.07204,75.2911071777344,31398.78,59.8315488048321,WB/UNESCO
PRI,2003,8.86,Puerto Rico,544.78,,19557.1202492358,39876.0670237773,25967.7814814079,12170.0,,16480.0,,,19.7070256578252,3826095.0,,,,544.78,94.2449445194985,WB/UNESCO
PRI,2004,11.34,Puerto Rico,515.31,,20988.9923326534,43355.8226365269,28993.0735150762,14260.0,,18710.0,,,22.1307382347014,3826878.0,,,,515.22,94.1544210292187,WB/UNESCO
PRI,2005,13.43,Puerto Rico,568.93,,21959.322696986,42555.7081189669,29350.3060554872,14750.0,,19190.0,,,23.4000504486583,3821362.0,,,,564.71,94.058055748557,WB/UNESCO
PRI,2006,13.61,Puerto Rico,702.95,,22935.9411586313,42133.9682748773,29955.581264312,15030.0,,19860.0,,,25.4424182102582,3805214.0,,,,695.37,93.9636036518786,WB/UNESCO
PRI,2007,13.43,Puerto Rico,680.45,,23664.8823485096,41888.6232716478,30587.9990432567,15860.0,,20720.0,,,27.86,3782995.0,,,78.6092071533203,671.95,93.8788197135489,WB/UNESCO
PRI,2008,12.84,Puerto Rico,694.03,,24898.3345857045,41358.0689136668,30782.4539554768,16360.0,,20610.0,,,38.0,3760866.0,,,84.4570999145508,687.32,93.8114589079331,WB/UNESCO
PRI,2009,11.34,Puerto Rico,651.56,,25768.7258883384,40772.3514249612,30533.680899723,16580.0,,20150.0,,,41.5,3740410.0,0.45131,,86.6972579956055,648.62,93.7692762093964,WB/UNESCO
PRI,2010,13.79,Puerto Rico,714.7,,26414.8810634548,40777.6892825687,30908.7986620753,16910.0,,20200.0,,,45.3,3724465.0,,,90.7308767027593,709.57,93.7588772214391,WB/UNESCO
PRI,2011,15.99,Puerto Rico,626.03,,27170.0766543278,40972.5364074959,31697.218864709,17600.0,,20760.0,,,48.0,3693464.0,,,91.7977449760959,619.64,93.7598202101009,WB/UNESCO
PRI,2012,7.61,Puerto Rico,629.06,,27742.024476618,41347.4542013586,32077.6178539123,18550.0,,21500.0,,,68.9999826014151,3661045.0,,,94.0074751455172,623.15,93.7630744424317,WB/UNESCO
PRI,2013,15.2,Puerto Rico,581.84,38.58278,28212.0499737431,41556.7852350074,32279.4000290919,18960.0,,21720.0,6.48106002807617,0.0,68.999990004,3631427.0,0.43859,264.68411,95.3715682046859,575.58,93.7698316907305,WB/UNESCO
PRI,2014,7.35,Puerto Rico,607.11,36.77856,28576.0988023209,41593.6798280708,32391.0670311533,19010.0,,21750.0,6.07265996932983,0.0,76.1338597201667,3585017.0,,,97.2016557105489,594.26,93.7813071818968,WB/UNESCO
PRI,2015,11.68,Puerto Rico,587.27,,29242.041465085,41737.6068571153,32323.5456459985,19080.0,,21760.0,3.34032241682023,12.2820783186901,63.4663353848474,3535167.0,0.42882,332.37777,100.706557185143,573.61,93.7987161428303,WB/UNESCO
PRI,2016,15.75,Puerto Rico,608.88,,29978.0889268918,41858.2626698462,32245.8484276651,19290.0,,21630.0,2.78358429967595,10.081633355818,68.6438071976518,3480432.0,,,100.643406166336,597.35,93.8232738004303,WB/UNESCO
PRI,2017,10.4,Puerto Rico,578.41,,30328.479490518,41479.9977732034,31866.6160571769,19500.0,,21270.0,2.72538873126429,10.8898937574732,68.7407731407209,3410837.0,,,100.739404309645,559.6,93.8561953815964,WB/UNESCO
PRI,2018,7.05,Puerto Rico,563.96,,30679.9181934488,41119.3088051648,33706.5915157959,20380.0,,22570.0,2.60388715714737,10.2810327951507,70.8563997424362,3290690.0,,,107.502380763432,551.9,93.8986961132283,WB/UNESCO
PRI,2019,10.99,Puerto Rico,573.61,,31830.5284993358,41656.3291581369,36217.7204390287,21310.0,,24380.0,3.32791002069889,13.8154757913494,77.7364393708352,3302691.0,,,95.6914950121196,545.14,93.9519912222253,WB/UNESCO
PRI,2020,13.36,Puerto Rico,587.91,,31427.1034994916,40171.3744461738,36858.5972898583,21200.0,,25140.0,4.28663184360846,16.6793429424522,,3281591.0,,,88.4148538699338,570.41,94.0116144995587,WB/UNESCO
PRI,2021,12.5,Puerto Rico,569.71,,32618.8705106244,40559.226188957,40559.226188957,22580.0,27956.4626455094,27960.0,3.7296700261025,14.0790458190651,84.78666399,3262731.0,,,88.5327447779272,556.86,94.0550712597302,WB/UNESCO
PRI,2022,9.99,Puerto Rico,569.66,,35353.5613891039,42310.8139725719,45320.1718585525,24670.0,,31310.0,3.86129930773508,16.3748707258125,87.29178106,3220148.0,,,82.0153279566474,548.49,94.1110923054937,WB/UNESCO
PRK,2003,0.0,North Korea,1.33,,,,,,,,,,0.0,24090380.0,,,,1.33,59.6064024764394,WB/UNESCO
PRK,2004,0.0,North Korea,1.89,,,,,,,,,,0.0,24254943.0,,,,1.89,59.6753901274401,WB/UNESCO
PRK,2005,0.0,North Korea,4.31,,,,,,,,,,,24396433.0,,,,4.31,59.7506437119853,WB/UNESCO
PRK,2006,0.0,North Korea,2.18,,,,,,,,,,,24524507.0,,,,2.18,59.8339025655097,WB/UNESCO
PRK,2007,0.0,North Korea,6.4,,,,,,,,,,,24646383.0,,,,6.4,59.926906023448,WB/UNESCO
PRK,2008,0.0,North Korea,10.46,,,,,,,,,,,24764618.0,,,,10.46,60.0310692203612,WB/UNESCO
PRK,2009,0.0,North Korea,6.74,,,,,,,,,,,24878332.0,,,30.1253795623779,6.74,60.1544414620403,WB/UNESCO
PRK,2010,0.0,North Korea,8.31,,,,,,,,,13.0806010928962,,24987258.0,,,,8.31,60.307007469148,WB/UNESCO
PRK,2011,0.0,North Korea,7.52,,,,,,,,,13.3247089262613,,25097874.0,,,29.8180599212646,7.52,60.4836230684404,WB/UNESCO
PRK,2012,0.0,North Korea,17.88,,,,,,,,,13.9827904118009,,25211728.0,,,,17.63,60.6781140779735,WB/UNESCO
PRK,2013,0.0,North Korea,9.11,,,,,,,,,14.5656624744077,,25329451.0,,,,8.23,60.8843063158034,WB/UNESCO
PRK,2014,0.0,North Korea,16.73,,,,,,,,,14.2535844813045,,25451262.0,,,,16.73,61.0940947540873,WB/UNESCO
PRK,2015,0.0,North Korea,39.01,,,,,,,,,14.0916355887054,,25575350.0,,,27.9393501281738,39.01,61.3247571174501,WB/UNESCO
PRK,2016,0.0,North Korea,42.06,,,,,,,,,13.768115942029,,25698326.0,,,,42.06,61.5681351428803,WB/UNESCO
PRK,2017,0.0,North Korea,56.6,,,,,,,,,14.3320848938826,,25817709.0,,,,56.18,61.8206076091402,WB/UNESCO
PRK,2018,0.0,North Korea,89.9,,,,,,,,,14.9720149253731,,25931147.0,,,26.7206192016602,87.9,62.0826119807623,WB/UNESCO
PRK,2019,0.0,North Korea,144.61,,,,,,,,,15.0340715502555,,26037632.0,,,,143.03,62.3542226611578,WB/UNESCO
PRK,2020,3.0,North Korea,177.26,,,,,,,,,14.171383954714,,26136312.0,,,,177.37,62.6355140538495,WB/UNESCO
PRK,2021,0.0,North Korea,245.09,,,,,,,,,12.7598566308244,,26232534.0,,,,238.88,62.926560562457,WB/UNESCO
PRK,2022,0.0,North Korea,263.49,,,,,,,,,13.8555208161922,,26328845.0,,,,247.74,63.2274365906829,WB/UNESCO
PRT,2003,31.13,Portugal,4672.02,18.03764,15797.7821340276,35115.379514413,20849.5943833375,13290.0,33764.7135710839,20640.0,5.28152990341187,11.63733959198,29.67,10458821.0,0.69802,1939.08763,,4647.61,56.5865509520713,WB/UNESCO
PRT,2004,34.5,Portugal,5230.92,16.47826,18064.1580932987,35658.1298257507,21475.5711021267,16190.0,34181.8546318782,21210.0,5.04640007019043,10.9565200805664,31.78,10483861.0,0.7293,1975.6442,,5204.05,57.4171857647664,WB/UNESCO
PRT,2005,47.63,Portugal,5961.16,18.12151,18780.12751241,35870.3092741502,22725.2774946084,18600.0,34269.7957124005,22420.0,5.07393980026245,10.8519697189331,34.99,10503330.0,0.75755,2013.3272,,5939.35,58.2450763389585,WB/UNESCO
PRT,2006,65.63,Portugal,7264.79,19.0438,19839.4540499032,36387.5367379523,24677.2834629922,19410.0,34270.9108950495,23980.0,4.90769004821777,10.8700895309448,38.01,10522288.0,0.95448,2344.86601,,7192.66,59.0340947058419,WB/UNESCO
PRT,2007,67.6,Portugal,7678.64,22.67835,22811.0564844365,37226.4702626704,25738.0214895961,20860.0,35144.0083563321,25000.0,4.92149019241333,11.0479097366333,42.09,10542964.0,1.12417,2674.3872,,7602.06,59.7481128966109,WB/UNESCO
PRT,2008,119.69,Portugal,8752.22,19.3389,24949.0413566739,37291.5048969664,26665.8372952939,22630.0,34692.1872129377,25770.0,4.69608020782471,10.3243398666382,44.13,10558177.0,1.44335,3827.16557,,8625.13,60.3510029424595,WB/UNESCO
PRT,2009,118.87,Portugal,9560.16,18.5308,23151.2154130712,36092.8109314688,26471.9079607159,22970.0,34246.460735314,25570.0,5.56315994262695,11.0692796707153,48.27,10568247.0,1.58002,3768.61566,,9383.38,60.8066368745822,WB/UNESCO
PRT,2010,128.83,Portugal,10632.46,20.15411,22551.935098809,36703.1141882825,27292.0819531528,23030.0,34682.0702568146,26420.0,5.40499019622803,10.416729927063,53.3,10573100.0,1.53317,3923.75527,,10420.59,61.0788867241731,WB/UNESCO
PRT,2011,180.44,Portugal,11915.85,19.69826,23246.5425416481,36127.2949766157,26803.2336904645,22750.0,34336.7715211894,26330.0,5.11688995361328,10.227970123291,55.2499968797194,10557560.0,1.45558,4166.14892,,11710.58,61.1410698395502,WB/UNESCO
PRT,2012,260.07,Portugal,13001.8,,20593.4274224109,34804.6333340484,26476.2182777269,21220.0,32985.1164376465,25880.0,4.94226980209351,10.1204595565796,60.3399974868057,10514844.0,1.37661,4032.33558,,12733.76,61.1409793914666,WB/UNESCO
PRT,2013,314.34,Portugal,13889.26,16.98511,21676.4859642714,34651.7719455059,27966.0874254705,21380.0,33337.4906701146,27560.0,5.26528978347778,10.5396003723144,62.0956,10457295.0,1.32325,3605.75824,,13594.38,61.1405315215642,WB/UNESCO
PRT,2014,369.94,Portugal,14438.03,17.82687,22120.6850127107,35097.4098263232,28764.5254955042,21210.0,33724.9001133498,28170.0,5.12005996704102,9.91121959686279,64.5924200648949,10401062.0,1.28892,3658.36239,,14102.86,61.1394537361116,WB/UNESCO
PRT,2015,387.04,Portugal,14810.29,18.30429,19215.7813014347,35803.3575649772,29608.0071513956,20450.0,34665.358892023,28840.0,4.89425992965698,10.150710105896,68.6328614804299,10358076.0,1.24552,3724.60014,61.7960205078125,14401.12,61.137469211538,WB/UNESCO
PRT,2016,362.75,Portugal,14398.94,,19980.2808866516,36636.2978441636,31589.2695609552,19950.0,35816.7885710733,30870.0,,,70.423567088723,10325452.0,1.2815,3992.10969,63.2387504577637,14038.15,61.1343011242723,WB/UNESCO
PRT,2017,531.12,Portugal,14405.2,,21442.3842768879,37943.1150505677,32970.8395386562,20030.0,36995.0910446097,32230.0,5.02685022354126,11.0515699386597,73.7912139515729,10300300.0,1.32224,4348.10903,64.2040176391602,14109.14,61.1296726507436,WB/UNESCO
PRT,2018,490.99,Portugal,14906.3,,23541.1401075289,39123.6151282575,34896.7993382974,22040.0,38003.1195562471,34070.0,4.6793999671936,10.8116998672485,74.6609681487507,10283822.0,1.35078,4614.40041,65.1127395629883,14381.18,61.1233069673808,WB/UNESCO
PRT,2019,463.47,Portugal,16534.56,,23343.3628970034,40188.2868799223,37865.5603564295,23250.0,39176.1047029385,36970.0,4.6275200843811,10.8932199478149,75.3463779408712,10286263.0,1.39487,4859.21726,66.0920562744141,15862.54,61.114927250613,WB/UNESCO
PRT,2020,485.54,Portugal,17269.64,,22299.4044062173,36852.2287338103,35966.712796561,21910.0,36526.9692788212,35450.0,4.86407995223999,9.90178966522217,78.26166044,10297081.0,1.60979,5131.43982,68.1568908691406,16428.64,61.1042566768691,WB/UNESCO
PRT,2021,542.86,Portugal,19600.42,,24711.4510062111,38657.6677223429,38657.6677223429,23980.0,38273.5197542475,38270.0,4.77341985702515,10.0826196670532,82.30902804,10361831.0,1.66711,5430.93667,72.5122375488281,18387.68,61.0951249296597,WB/UNESCO
PRT,2022,614.11,Portugal,19622.76,,24620.5197587181,41070.8611529744,45250.0152469537,25880.0,39620.2032715394,44430.0,4.55160999298096,10.3742399215698,84.49690644,10434332.0,1.69051,5686.65428,75.0714797973633,18212.56,61.1259255772782,WB/UNESCO
PRY,2003,0.0,Paraguay,17.83,17.11378,1443.99885236205,9902.19918003817,7275.93316003935,1300.0,8920.51485004865,6190.0,3.3827600479126,20.8940296173096,2.11194208210034,5326436.0,0.06135,86.56907,26.9151496887207,16.01,58.5521334403429,WB/UNESCO
PRY,2004,0.25,Paraguay,25.2,15.91803,1786.21533938543,10185.9074387779,7685.65814796248,1440.0,9177.40486891552,6660.0,2.86989998817444,18.218240737915,3.45243843137079,5388175.0,0.06066,92.40942,27.1320304870606,24.7,58.7421370296254,WB/UNESCO
PRY,2005,1.0,Paraguay,25.96,,1970.87169852378,10288.800866577,8006.70978161029,1620.0,9066.90080842693,6980.0,,,7.90700786141285,5448097.0,0.06091,77.36216,27.7761993408203,25.09,58.894079141979,WB/UNESCO
PRY,2006,1.0,Paraguay,26.82,,2439.43124694576,10671.6449984385,8560.73925140709,1980.0,9456.5658817528,7720.0,,,7.962100029,5505148.0,,,,25.82,59.0202286834627,WB/UNESCO
PRY,2007,0.5,Paraguay,29.18,19.14574,3211.93621659546,11140.4629098064,9178.94421550934,2500.0,10317.5815363279,8670.0,2.73951005935669,19.4247207641602,11.21,5559386.0,,,31.087760925293,25.55,59.1328545601355,WB/UNESCO
PRY,2008,2.0,Paraguay,32.01,,4384.9546943793,11749.6546354418,9867.39695309091,3320.0,10762.0249783164,9390.0,,,14.27,5613574.0,0.04113,83.42281,36.8851890563965,30.96,59.2442256780564,WB/UNESCO
PRY,2009,0.0,Paraguay,29.67,,3941.84815479271,11599.8198579092,9801.6493311725,3740.0,10761.3637702956,9290.0,,,18.9,5671236.0,,,39.7724685668945,27.84,59.3666109432844,WB/UNESCO
PRY,2010,1.0,Paraguay,34.25,18.53815,4750.96273669322,12736.9672867807,10893.3149195983,4410.0,11853.2814936108,10320.0,2.7707200050354,18.7624092102051,19.8,5737971.0,,,37.6179261040957,33.16,59.5122792618786,WB/UNESCO
PRY,2011,0.05,Paraguay,49.15,33.48379,5805.40154543044,13107.8104435989,11441.7636772278,4840.0,12261.2423764768,10940.0,3.69283008575439,23.2977409362793,24.7635158793993,5814626.0,0.04216,54.89543,,45.37,59.693499539898,WB/UNESCO
PRY,2012,2.0,Paraguay,55.91,22.39749,5642.1699167298,12833.1801619413,10954.3251570163,5160.0,11895.9360800305,10450.0,3.66877007484436,19.6342296600342,29.34,5897008.0,0.06517,184.63997,,51.68,59.9212909454702,WB/UNESCO
PRY,2013,0.0,Paraguay,60.16,,6435.68342733182,13698.9722320262,12137.0081947595,5970.0,12726.1449279546,11620.0,2.67871193892232,,36.9,5982445.0,0.07163,,,55.57,60.2375315600901,WB/UNESCO
PRY,2014,1.0,Paraguay,63.16,,6652.25478942291,14217.5580896983,12607.0721636639,6280.0,13295.0960337888,12110.0,2.59655894629063,,43.0073750122614,6069811.0,0.07901,166.70785,,59.28,60.7101965948157,WB/UNESCO
PRY,2015,2.04,Paraguay,94.74,,5879.33792308671,14425.777586033,12679.0574753215,6100.0,13293.7559376703,12170.0,3.33377822870463,,49.716304663966,6159103.0,0.09674,199.86552,,92.66,61.3302768533263,WB/UNESCO
PRY,2016,0.25,Paraguay,102.38,23.32598,5775.1596339946,14824.7906280812,13329.1373366322,5870.0,13893.0561372888,12840.0,3.43498992919922,18.1543197631836,53.4041274791009,6249126.0,0.11676,132.3061,,105.48,62.0827613208606,WB/UNESCO
PRY,2017,4.2,Paraguay,140.84,,6152.26711537703,15318.4012187276,13977.3427788651,5810.0,14326.1918289108,13490.0,3.09062070242279,,61.0757562215797,6338660.0,0.14888,147.43833,,140.94,62.9526389826574,WB/UNESCO
PRY,2018,3.77,Paraguay,104.89,,6258.44991640954,15591.0142663085,14139.0931267561,6060.0,14486.5522480757,13650.0,3.2961960606943,,64.9935430235756,6427382.0,0.14684,152.27558,,107.33,63.9248988239553,WB/UNESCO
PRY,2019,2.31,Paraguay,167.73,,5821.18199548637,15319.3889991221,14149.5985227505,5950.0,14274.7158609225,13710.0,3.48983027194334,,68.5176284222264,6515058.0,0.13751,169.35536,,184.78,64.9845298299929,WB/UNESCO
PRY,2020,2.82,Paraguay,173.48,,5365.47220721191,14989.7667130162,14308.8787738328,5550.0,14043.1810321927,13820.0,3.93615007400513,24.5218200683594,73.95751114,6603739.0,0.15697,141.19046,,204.26,66.116520986009,WB/UNESCO
PRY,2021,3.55,Paraguay,190.01,,5974.9057185863,15400.9446332428,15400.9446332428,5720.0,14809.1365084848,14810.0,3.41070008277893,23.6368999481201,77.01838621,6684182.0,0.14398,142.72905,,227.95,67.3058612772421,WB/UNESCO
PRY,2022,2.65,Paraguay,208.68,,6189.10205375331,15222.8920228598,16305.6206649067,5900.0,14320.0933748833,15760.0,3.39619994163513,24.068510055542,76.25916611,6760464.0,0.11944,133.19638,,235.52,68.6396537819458,WB/UNESCO
PSE,2003,1.09,Palestine,87.74000000000001,,1257.69857009689,3788.92652721128,2469.37980392817,1370.0,4181.09632401342,2610.0,,,4.13061635632919,3154969.0,,,31.2601299285889,87.9,77.2865026687292,WB/UNESCO
PSE,2004,0.67,Palestine,103.89,,1422.19088643544,4503.08034061409,3013.73941949243,1640.0,4883.16131602168,3160.0,,,4.40090482603223,3236626.0,,,35.1719093322754,103.89,78.9926422349822,WB/UNESCO
PSE,2005,1.53,Palestine,103.39,,1543.70141392774,4885.07252184444,3371.90248030629,1780.0,5361.4530765747,3590.0,,,16.00499916,3320396.0,,,38.400749206543,103.39,80.5172240645229,WB/UNESCO
PSE,2006,1.5,Palestine,113.97999999999999,,1570.10439962728,4714.37331793342,3354.42846589011,1710.0,5245.10116512912,3610.0,,,18.41,3406334.0,,,40.1437492370605,113.98,81.7611786265942,WB/UNESCO
PSE,2007,3.12,Palestine,149.43,,1664.24571669276,4769.52328096801,3485.61271811383,1790.0,5362.20605939683,3800.0,,,21.1760006,3494496.0,0.19723,75.87829,43.544979095459,148.23,82.596126313073,WB/UNESCO
PSE,2008,4.08,Palestine,151.21,,2035.20234121766,4984.80579890695,3713.13215844549,2040.0,5678.50134620822,4040.0,,,24.3579998,3591977.0,0.14914,95.94897,44.7015686035156,146.71,83.0979098899913,WB/UNESCO
PSE,2009,0.83,Palestine,175.66,,2191.78178736868,5270.66331643219,3950.2797835002,2250.0,5888.48668323155,4200.0,,,32.23,3689099.0,0.35646,146.32938,43.4091491699219,171.99,83.5050344815957,WB/UNESCO
PSE,2010,2.89,Palestine,192.44,,2557.07562356699,5432.24363072522,4120.86066331486,2510.0,5921.09489263601,4360.0,6.19167995452881,,37.40000153,3786161.0,0.36156,330.6725,45.0943742403046,185.58,83.8853491139676,WB/UNESCO
PSE,2011,1.74,Palestine,207.28000000000003,,2880.79843707909,5805.32115329251,4494.7313227255,2880.0,6350.93898164305,4780.0,5.33527994155884,,41.08000183,3882986.0,,,47.5094364758648,202.11,84.2340950604341,WB/UNESCO
PSE,2012,1.64,Palestine,205.82999999999998,,3067.43872735614,6009.10925822042,5214.64865399127,3210.0,6600.11372999957,5560.0,4.74210977554321,,43.4,3979998.0,,,47.0416991089195,196.43,84.5465135943222,WB/UNESCO
PSE,2013,1.58,Palestine,228.74,,3315.29753909282,6142.20204342591,5287.84746119629,3470.0,6837.51976530498,5720.0,4.89467000961304,,46.59999847,4076708.0,0.45434,584.35347,45.2354836861858,224.86,84.8178459889593,WB/UNESCO
PSE,2014,1.67,Palestine,234.3,,3352.11259506043,5990.42661523778,5381.63690987475,3560.0,6751.9848993571,5950.0,,,53.6651997924171,4173398.0,,,44.8451220304662,222.06,85.0433335176723,WB/UNESCO
PSE,2015,1.26,Palestine,222.35000000000002,,3272.15432360708,6072.65031768549,5769.98236633203,3670.0,6939.08024375373,6480.0,4.66321992874146,,56.70000076,4270092.0,,,46.0871831764203,211.81,85.2182174537886,WB/UNESCO
PSE,2016,1.6600000000000001,Palestine,238.85,,3527.61382413178,6464.13352537371,6062.23274844577,3900.0,7312.66504461846,6810.0,4.98296022415161,,59.90000153,4367088.0,,,45.3924907557838,228.37,85.3377390706351,WB/UNESCO
PSE,2017,4.21,Palestine,329.48,,3620.36048715937,6426.79521615335,6106.64574037122,3930.0,7349.58129243815,6910.0,4.72153997421265,,63.29999924,4454805.0,,,45.5044081379083,325.73,85.3782255354,WB/UNESCO
PSE,2018,3.4,Palestine,386.58,,3562.33094270256,6342.9374800852,6215.81647317396,4190.0,7492.46757881843,7280.0,,,64.3999937114499,4569087.0,,,46.4852162059319,369.29,85.5351131070872,WB/UNESCO
PSE,2019,6.29,Palestine,473.38,,3656.85827137011,6269.89134527985,6508.44835080318,4200.0,7425.19852181613,7520.0,,,70.6225837001758,4685306.0,,,45.6330464687168,452.86,85.8136174183656,WB/UNESCO
PSE,2020,6.81,Palestine,522.14,,3233.56863835858,5423.68254653126,5956.28620064819,3700.0,6305.65075748701,6910.0,,,76.18160248,4803269.0,,,45.3895360497376,508.45,86.0741183743925,WB/UNESCO
PSE,2021,7.68,Palestine,628.83,,3678.63565662194,5663.12160743584,5663.12160743584,4270.0,6797.46591174044,6800.0,5.43442010879517,,,4922749.0,,,44.2081176768623,606.62,86.334956387337,WB/UNESCO
PSE,2022,11.280000000000001,Palestine,714.58,,3799.95527015163,5753.08395899307,6162.27222447827,4720.0,7064.52883696801,7620.0,,,88.64690554,5043612.0,,,45.7982801281791,736.06,86.5961423216016,WB/UNESCO
QAT,2003,0.0,Qatar,106.83,,31602.470865136,98068.1232492499,96728.9326817316,28090.0,,95020.0,3.37393999099731,10.7000598907471,19.242336421002,744682.0,,,15.7512302398682,106.66,96.8311182064009,WB/UNESCO
QAT,2004,2.17,Qatar,136.67,,41035.5008380177,112583.929924606,114032.65368896,35220.0,,105980.0,3.46258997917175,12.0531301498413,20.701647851169,773332.0,,,16.8915996551514,137.09,97.0472579559041,WB/UNESCO
QAT,2005,1.5,Qatar,164.89,,53949.6764091147,113384.267001706,118444.148612593,40110.0,,103240.0,3.97187995910644,13.7447595596313,24.73349953,825408.0,,,14.7242298126221,164.89,97.3016654918171,WB/UNESCO
QAT,2006,2.0,Qatar,190.37,,62582.4453138755,121378.43895737,130705.221046835,53410.0,,123660.0,,,28.97410011,972831.0,,,12.8355398178101,189.37,97.5827378795062,WB/UNESCO
QAT,2007,0.5,Qatar,219.37,,65954.1146428814,115272.510003238,127493.114865589,58500.0,,120710.0,,,37.0,1208595.0,,,11.8196697235107,218.23,97.8663125111735,WB/UNESCO
QAT,2008,1.17,Qatar,296.22,,80781.2113909506,114879.221727674,129506.173525419,66030.0,,121910.0,4.22755002975464,15.0555200576782,44.29999924,1426938.0,,,11.3421602249146,292.42,98.1295193937322,WB/UNESCO
QAT,2009,3.23,Qatar,323.5,,60785.7351551657,114069.652335284,129386.666100651,63010.0,,116930.0,3.41315007209778,14.8356504440308,53.09999847,1608903.0,,,10.1654901504517,320.98,98.3494885340955,WB/UNESCO
QAT,2010,1.33,Qatar,400.2,,77387.2936379616,132502.281828313,152120.89487266,71900.0,,136380.0,4.53965997695923,13.8172702789307,69.0,1616832.0,,,9.64273278083432,394.04,98.5066232166665,WB/UNESCO
QAT,2011,1.53,Qatar,459.57,,103261.510293068,149025.116325024,174619.917706816,82960.0,,160810.0,4.01223993301392,13.1068496704102,69.0,1624761.0,,,12.6008552690979,449.46,98.6300610210909,WB/UNESCO
QAT,2012,4.75,Qatar,610.64,,108470.378825036,147077.406092637,180939.425774901,92750.0,,169200.0,3.50744009017944,12.307939529419,69.3,1722438.0,0.4786,647.4387,12.2866942772156,611.05,98.7428010471968,WB/UNESCO
QAT,2013,3.23,Qatar,798.6,,103697.008372373,138046.596315458,169203.261058049,96070.0,,160380.0,4.07384014129639,13.1483402252197,85.3,1916426.0,,,14.8707295209095,797.31,98.8357621827901,WB/UNESCO
QAT,2014,6.32,Qatar,1120.5,,95840.6310094498,128013.987050891,148389.108964021,91410.0,,141700.0,3.60535001754761,12.7428398132324,91.48999786,2151745.0,,,17.3063613126932,1113.54,98.901627838826,WB/UNESCO
QAT,2015,11.4,Qatar,1192.34,,68985.2946961507,123070.887876565,102545.939634633,80090.0,,100290.0,,,92.8848264535481,2344557.0,0.51883,643.91403,15.9339905308662,1172.48,98.9382407681154,WB/UNESCO
QAT,2016,12.24,Qatar,1437.58,,61253.6375482797,120054.408736518,89934.692005072,69170.0,,89280.0,,,95.1246621661148,2477113.0,,,14.8163562584538,1421.97,98.9855265345423,WB/UNESCO
QAT,2017,10.58,Qatar,1424.46,,63279.8556949332,115064.943662853,99358.3403307696,60920.0,,99100.0,2.96745991706848,8.56085014343262,97.3888491654164,2545820.0,,,16.7774362605473,1410.61,99.0310125265978,WB/UNESCO
QAT,2018,19.33,Qatar,1555.68,,71039.8490579352,114909.945485127,110032.713236323,63410.0,,107780.0,,,99.6528491261175,2580734.0,0.53129,585.61288,17.4458250857575,1500.07,99.0755684762244,WB/UNESCO
QAT,2019,21.09,Qatar,1838.24,,66841.3013484919,113160.973779334,107502.469793988,65700.0,,104810.0,2.80378007888794,8.63648986816406,99.6528042086389,2638657.0,,,21.0931416049405,1747.44,99.1191696672067,WB/UNESCO
QAT,2020,25.79,Qatar,2333.06,,51683.5054376677,103061.913422502,82149.3573751713,57730.0,,80420.0,3.23368000984192,9.31910991668701,99.65284913,2794148.0,,,23.7649212314763,2230.15,99.1617913833034,WB/UNESCO
QAT,2021,25.61,Qatar,2655.23,,71751.8831257169,116832.570294098,116832.570294098,66970.0,115036.573456824,115040.0,,,99.65280151,2504910.0,0.68058,947.77921,31.2813974439236,2522.3,99.203408908243,WB/UNESCO
QAT,2022,35.51,Qatar,2649.64,,88701.463352273,114740.12361423,122901.018274888,71050.0,,118580.0,,,98.03800201,2657333.0,,,35.0854901088778,2451.09,99.243997525719,WB/UNESCO
ROU,2003,2.95,Romania,2516.91,19.71489,2679.40626016154,17587.462617764,7559.37879427633,2250.0,13199.3500920457,7380.0,3.54397010803223,11.1390600204468,8.9,21574326.0,0.39708,966.74922,38.9063987731934,2497.06,52.8023493819682,WB/UNESCO
ROU,2004,9.9,Romania,2691.68,21.27618,3494.99056448955,19532.4800205184,8989.35842777528,2960.0,14569.962421742,8610.0,3.31273007392883,9.84331035614014,15.0,21451748.0,0.38942,988.65988,41.7997398376465,2678.84,52.9175295523808,WB/UNESCO
ROU,2005,7.74,Romania,3323.06,23.20413,4618.00350802913,20570.925514681,9602.12221045768,3880.0,15859.4560707389,9320.0,3.50038003921509,10.8366804122925,21.5,21319685.0,0.41262,1077.55642,45.4637298583984,3301.79,53.074507031037,WB/UNESCO
ROU,2006,6.02,Romania,3642.27,20.95031,5757.53127301178,22354.5637860053,11554.1030525663,4900.0,17670.2331862735,11170.0,4.30650997161865,12.7196197509766,24.66,21193760.0,0.45682,900.56598,54.1389312744141,3607.98,53.2566380678272,WB/UNESCO
ROU,2007,13.6,Romania,4987.51,26.33482,8360.33775916596,24328.3931332788,13702.7269257817,6510.0,20546.3782271572,13260.0,4.14953994750977,12.0049600601196,28.3,20882982.0,0.51148,897.74358,60.2831192016602,4927.61,53.4472789126416,WB/UNESCO
ROU,2008,25.05,Romania,6995.64,27.46122,10435.1561230787,27039.6000864291,16782.1218359924,8800.0,23286.9337916757,16410.0,4.09722995758057,11.6162204742432,32.42,20537875.0,0.55215,932.80168,73.4470672607422,6906.75,53.6297858153706,WB/UNESCO
ROU,2009,23.86,Romania,8722.51,28.28296,8548.4543409242,25761.6305517205,16640.8096121507,9220.0,22030.4378620568,16430.0,4.00193023681641,11.0212898254394,36.6,20367487.0,0.44393,933.38509,81.5331497192383,8600.25,53.7875150259042,WB/UNESCO
ROU,2010,36.41,Romania,9877.38,28.47491,8399.5374234284,24902.9044891466,17354.7164981302,8770.0,21819.7463720813,17270.0,3.41647005081177,9.12913036346436,39.93,20246871.0,0.44657,964.52527,75.2290267944336,9823.77,53.9038227941329,WB/UNESCO
ROU,2011,49.01,Romania,9663.13,27.68195,9560.6755277458,26150.7476231736,18803.8819856631,9080.0,23119.8671071933,18710.0,2.91359996795654,8.31299018859863,40.0099967810008,20147528.0,0.47457,789.87506,66.7865829467773,9588.31,53.9608874244169,WB/UNESCO
ROU,2012,84.07,Romania,9844.05,26.16289,8929.95366231474,26767.4556487181,19807.4757017991,9260.0,23318.3880529882,19620.0,2.8234601020813,8.43579006195068,45.8799942529424,20058035.0,0.46244,891.59994,54.9534912109375,9709.9,53.9563092496073,WB/UNESCO
ROU,2013,112.22,Romania,9740.94,,9497.67411615237,26941.9318849595,19678.1401421845,9390.0,23691.8284848962,19390.0,3.06785011291504,8.96413040161133,49.7645,19983693.0,0.39022,923.69506,51.3826103210449,9617.4,53.9101758034365,WB/UNESCO
ROU,2014,89.3,Romania,9746.12,21.64806,10031.7710755404,28156.1307843293,20633.0192361402,9760.0,25290.7231851614,20540.0,3.12494993209839,9.25695037841797,54.0783206550943,19908979.0,0.38207,904.75745,51.0950393676758,9647.78,53.8267187624053,WB/UNESCO
ROU,2015,81.2,Romania,10357.99,21.16444,8977.01748158196,29181.8781722441,21624.5759002018,9610.0,26543.7015328845,21400.0,3.10693001747131,9.09451007843018,55.7631556336233,19815616.0,0.48796,876.41011,49.3609886169434,10174.98,53.7071839518893,WB/UNESCO
ROU,2016,66.5,Romania,9456.26,23.77858,9404.54005870715,30189.147723024,23905.2650215388,9460.0,27876.9970255524,23580.0,3.0255401134491,9.51058959960938,59.5039512852713,19702267.0,0.48863,910.44851,49.911319732666,9292.66,53.5528171972639,WB/UNESCO
ROU,2017,98.75,Romania,9734.81,,10727.9822007426,32852.6355672255,26943.28718432,10030.0,30527.5039083058,26560.0,3.11819005012512,10.0526504516602,63.7472821822484,19588715.0,0.50693,887.74694,50.5108184814453,9590.84,53.3648643239046,WB/UNESCO
ROU,2018,165.57,Romania,9295.6,,12416.134317959,34828.8958637884,29382.8866943611,11490.0,32729.9622985521,28950.0,3.31710004806519,10.4609603881836,70.6812779273268,19473970.0,0.49698,876.17129,51.9943504333496,9157.14,53.1445711571868,WB/UNESCO
ROU,2019,179.0,Romania,10705.93,,12909.6104013244,36399.4746080793,33425.1219389628,12660.0,34946.5263690108,33080.0,3.55761003494263,10.7054901123047,73.6574757545465,19371648.0,0.47491,887.46612,52.4439697265625,10251.3,52.8931835224862,WB/UNESCO
ROU,2020,207.9,Romania,10334.95,,13009.1525348396,35283.6060358241,34193.845654499,12720.0,34328.6799798357,33820.0,3.57968997955322,9.39970016479492,78.45526895,19265250.0,0.46414,942.32049,53.4911117553711,9723.0,52.611947245178,WB/UNESCO
ROU,2021,164.35,Romania,12021.69,,14908.0412813921,37534.0002643549,37534.0002643549,14180.0,36871.2703815072,36870.0,3.31562995910644,8.95024013519287,83.5904265,19122059.0,0.47108,988.67695,55.2656097412109,10812.95,52.2321512130811,WB/UNESCO
ROU,2022,277.26,Romania,11669.69,,15503.4691366242,39256.8260854977,41979.4260140907,15390.0,38174.338832887,40710.0,3.2788200378418,8.77511978149414,85.50309124,19048502.0,0.46274,998.72545,58.2390403747559,10478.75,52.1634832477272,WB/UNESCO
RUS,2003,77.77,Russia,34851.82,18.46549,2975.123046875,24057.927734375,9254.537109375,2590.0,,8970.0,3.67855000495911,10.5316896438599,8.29886061553908,144648618.0,1.28604,3335.95046,69.0352096557617,34716.03,73.4057388305664,WB/UNESCO
RUS,2004,87.81,Russia,35079.43,18.30417,4102.36474609375,25894.146484375,10226.7666015625,3410.0,,10010.0,3.54785990715027,11.1759099960327,12.8593889008473,144067316.0,1.15133,3283.69795,69.818717956543,35071.95,73.3065795898438,WB/UNESCO
RUS,2005,78.25,Russia,34561.84,21.05642,5323.455078125,27656.658203125,11822.3466796875,4450.0,,11540.0,3.77192997932434,11.9505701065063,15.22669983,143518814.0,1.06797,3206.1882,72.2228012084961,34478.23,73.1613922119141,WB/UNESCO
RUS,2006,89.03,Russia,30269.91,21.89651,6920.19970703125,30022.671875,14912.234375,5810.0,,14480.0,3.86626005172729,12.4258003234863,18.02330017,143049637.0,1.07294,3218.09388,73.4398880004883,30135.62,73.2439193725586,WB/UNESCO
RUS,2007,92.74,Russia,30957.09,,9101.2392578125,32630.369140625,16648.2421875,7560.0,,16280.0,,,24.66,142805114.0,1.11611,3259.50421,76.1305465698242,30866.68,73.3856048583984,WB/UNESCO
RUS,2008,88.3,Russia,32732.4,23.11347,11635.2841796875,34342.2265625,20163.609375,9580.0,,19600.0,4.10174989700317,11.9592304229736,32.0,142742366.0,1.04435,3137.57879,77.5339736938477,32397.56,73.4822463989258,WB/UNESCO
RUS,2009,104.17,Russia,33541.86,,8562.82421875,31654.00390625,19389.94140625,9230.0,,18760.0,,,42.55,142785348.0,1.25192,3075.23481,77.8685607910156,33262.89,73.5288696289062,WB/UNESCO
RUS,2010,90.21,Russia,34294.25,,10674.990234375,33063.5859375,20490.126953125,9980.0,,19860.0,4.08974230526824,,49.0,142849468.0,1.1302,3071.56116,,33834.74,73.6696307887624,WB/UNESCO
RUS,2011,92.4,Russia,36397.08,,14305.33203125,34444.64453125,22789.54296875,11060.0,,22120.0,3.71261270253186,,58.0,143018195.0,1.01545,3109.37401,80.1629736412764,35882.98,73.8534851074219,WB/UNESCO
RUS,2012,145.02,Russia,36531.93,21.15174,15401.8515625,35740.69921875,24273.517578125,13470.0,35821.625,23530.0,3.79310011863708,11.1467599868774,66.0,143378447.0,1.02766,3075.21492,80.5323453975492,35957.97,73.97265625,WB/UNESCO
RUS,2013,174.32,Russia,38952.94,21.89587,15941.4482421875,36260.06640625,26019.7265625,15160.0,36342.1484375,25120.0,3.76382994651794,10.8618402481079,67.97,143805638.0,1.02732,3050.2782,82.8009567260742,38166.72,74.0762949770228,WB/UNESCO
RUS,2014,173.67,Russia,44778.75,,14055.47265625,35853.24609375,25688.2265625,14590.0,35934.41015625,24840.0,4.01387977600098,11.4885196685791,70.5175682574413,144237223.0,1.07241,3072.93883,84.5181387513356,43709.16,74.1776476748791,WB/UNESCO
RUS,2015,308.8,Russia,51956.58,21.14236,9277.7138671875,35037.15234375,23994.013671875,11740.0,35116.4765625,23330.0,3.83402991294861,10.8694696426392,70.0992412263947,144640716.0,1.10085,3096.02745,84.2355651240256,50413.58,74.275919065527,WB/UNESCO
RUS,2016,465.55,Russia,61137.3,21.60867,8663.158203125,35005.4453125,24012.40234375,9680.0,34109.3828125,23340.0,3.76044011116028,10.9852800369263,73.091434617897,145015460.0,1.10238,2946.99732,83.860044350614,58820.71,74.3703138709243,WB/UNESCO
RUS,2017,535.89,Russia,68641.1,,10658.9130859375,35570.703125,25777.904296875,9160.0,34698.62890625,25090.0,4.68990993499756,13.4650802612305,76.0081385339105,145293260.0,1.10967,2811.96725,81.7051021681418,64643.52,74.460036813029,WB/UNESCO
RUS,2018,618.94,Russia,77629.6,,11211.8876953125,36536.6953125,28628.5625,10180.0,35727.02734375,27930.0,4.67819023132324,14.3410797119141,80.8647218726954,145398106.0,0.99001,2772.63667,81.5681115998523,72112.25,74.5442926137992,WB/UNESCO
RUS,2019,776.0,Russia,90819.89,,11447.701171875,37319.3203125,30963.853515625,11190.0,36221.54296875,29990.0,3.69561429198336,,82.6421618670668,145453291.0,1.03531,2734.68619,80.9520697471091,84801.9,74.6222859951926,WB/UNESCO
RUS,2020,854.92,Russia,94909.93,,10108.3271484375,36376.3359375,31490.8046875,10660.0,35604.01953125,30750.0,4.01641864383637,,84.99466978,145245148.0,1.09099,2710.16353,57.2232854739754,88564.43,74.6932216791674,WB/UNESCO
RUS,2021,862.84,Russia,100841.94,,12425.029296875,38638.4296875,38638.4296875,11710.0,37729.7890625,37730.0,3.99480697864774,,88.21384578,144746762.0,0.96602,2647.79283,54.9542479280814,90676.68,74.7516840220252,WB/UNESCO
RUS,2022,710.01,Russia,84251.73,,15625.6328125,38214.69140625,40932.71484375,12890.0,37167.30859375,40090.0,4.05402755323777,,90.41799163,144236933.0,0.91494,2657.93662,53.9151941239211,83451.32,74.8544893625017,WB/UNESCO
RWA,2003,0.0,Rwanda,7.16,,249.012274982252,1266.94449487196,765.257036695526,250.0,1132.57930261895,750.0,,,0.356918467272361,8586875.0,,,2.34143996238708,7.16,16.8947432312369,WB/UNESCO
RWA,2004,0.53,Rwanda,9.13,,269.540446333402,1325.79557312503,822.338460724358,270.0,1206.09831379155,810.0,,,0.43085424337006,8816844.0,,,2.73148989677429,9.13,16.9020099536792,WB/UNESCO
RWA,2005,0.58,Rwanda,6.78,,324.016863847189,1412.06107949967,903.307274927141,310.0,1291.44871510698,890.0,,,0.555999994,9054528.0,,,2.85111999511719,6.78,16.9072114459454,WB/UNESCO
RWA,2006,0.0,Rwanda,19.01,,352.093916578347,1501.7646218593,990.317534460501,350.0,1497.09721762934,980.0,,,,9299246.0,,,3.64229989051819,19.01,16.9110139245047,WB/UNESCO
RWA,2007,0.57,Rwanda,20.51,25.41196,420.733580702508,1573.96811218011,1066.05134610916,390.0,1599.07504775102,1060.0,3.98502993583679,17.7865505218506,2.115400076,9549933.0,,,3.88545989990234,20.51,16.9140836058266,WB/UNESCO
RWA,2008,1.5,Rwanda,29.22,25.40973,522.288339420679,1704.25449057727,1176.53444212607,470.0,1606.61599211474,1170.0,3.50215005874634,15.5915098190308,4.5,9804269.0,,10.72696,4.18300008773804,28.88,16.9170867063804,WB/UNESCO
RWA,2009,0.61,Rwanda,34.79,,556.97399621739,1764.63484961094,1225.73184078359,530.0,1694.94048926937,1220.0,,,7.7,10060432.0,,12.40437,5.0719199180603,33.04,16.9206894426355,WB/UNESCO
RWA,2010,1.13,Rwanda,44.95,22.74969,586.599950359877,1846.86326840066,1298.43875468652,580.0,1754.0804616156,1290.0,4.63126993179321,17.548059463501,8.0,10317553.0,,,5.77316665562353,43.62,16.9255580310614,WB/UNESCO
RWA,2011,1.34,Rwanda,47.07,18.43491,643.356138618166,1945.53705383878,1396.03088897569,630.0,1892.57714729375,1380.0,4.38346004486084,15.3433799743652,7.0,10573733.0,,,6.83723020553589,46.82,16.9323586881273,WB/UNESCO
RWA,2012,0.85,Rwanda,53.75,13.26898,697.760143509565,2063.66474823031,1435.88685799239,680.0,2000.31665166464,1420.0,4.42103004455566,15.8154697418213,8.023900032,10829901.0,,,6.70938666027303,53.75,16.9410248882148,WB/UNESCO
RWA,2013,2.33,Rwanda,88.22,14.0221,695.397140963607,2109.74668811567,1491.80370844135,700.0,2055.8125841359,1470.0,4.7421498298645,16.8596305847168,9.0,11093340.0,,15.33961,6.23149117030345,59.46,17.0742206053612,WB/UNESCO
RWA,2014,3.6,Rwanda,96.5,,715.36808783393,2176.09492014666,1655.37851110949,710.0,2140.72671780282,1620.0,4.19644021987915,13.7343196868897,10.60000038,11364757.0,,,7.35861774339014,88.25,17.5020716539756,WB/UNESCO
RWA,2015,1.93,Rwanda,102.51,20.85792,725.691418696952,2313.09716940962,1760.5877311941,720.0,2314.23586260125,1730.0,3.64713001251221,12.5390501022339,12.45600033,11640022.0,,,7.53124856448318,91.24,18.1953149858416,WB/UNESCO
RWA,2016,3.32,Rwanda,130.22,,721.258515833094,2386.74841002826,1845.25585689833,720.0,2370.45180312604,1790.0,3.43482995033264,12.2783899307251,14.63710022,11919183.0,0.64945,13.73163,7.57807264441764,119.84,19.1213951786548,WB/UNESCO
RWA,2017,1.54,Rwanda,127.74,,751.049039527547,2441.08540816509,1949.12266322999,720.0,2502.21932519567,1890.0,3.1247398853302,11.0796098709106,17.2,12202060.0,,,7.34488296090452,117.86,20.2477568101111,WB/UNESCO
RWA,2018,3.0,Rwanda,173.12,19.82273,772.754982959354,2577.69730366075,2128.1982397276,760.0,2823.41098769008,2050.0,3.07376003265381,10.8046102523804,19.16659927,12487996.0,,,6.76094647714264,156.66,21.5418444579064,WB/UNESCO
RWA,2019,1.83,Rwanda,197.72,,823.355304065304,2753.53959810856,2374.40565682007,820.0,3070.68468196953,2300.0,3.23821222605582,10.9981460523976,21.3579998,12776103.0,0.75853,58.74162,6.3142892660234,189.25,22.9711026997362,WB/UNESCO
RWA,2020,4.32,Rwanda,264.98,,802.638686936204,2617.70706034364,2355.13640819609,780.0,2911.15816996488,2310.0,3.33309745728459,10.7835245127746,23.8,13065837.0,,,7.56709586345553,277.92,24.5029761132966,WB/UNESCO
RWA,2021,6.76,Rwanda,328.92,,842.581492947672,2776.39276387923,2776.39276387923,850.0,2732.8907768034,2730.0,5.58984994888306,15.5322399139404,24.4416008,13355260.0,,,,332.31,26.1049092762833,WB/UNESCO
RWA,2022,4.1,Rwanda,352.94,,1007.05989322914,2983.10774007304,3195.28136566525,970.0,2709.36261274484,3140.0,4.74213981628418,12.7661399841309,28.01679993,13651030.0,,,7.41325884733851,360.56,27.7806702737761,WB/UNESCO
SAU,2003,10.45,Saudi Arabia,1778.5,,11487.220410693,52234.649280791,48078.1186113645,11140.0,42653.2899915351,47790.0,7.10509014129639,21.4552192687988,8.00158289090878,18786767.0,0.06233,,26.6230297088623,1769.77,80.5414456330177,WB/UNESCO
SAU,2004,6.25,Saudi Arabia,1773.82,,13154.4978989446,54196.5514152953,51225.3258206545,12880.0,48385.496284321,51320.0,6.27747011184692,20.1886596679688,10.2345329969583,19669480.0,0.05315,,26.2631301879883,1769.61,80.7542316538166,WB/UNESCO
SAU,2005,7.0,Saudi Arabia,1799.39,,15975.7473782258,54931.7942450845,53548.1964921135,14620.0,55234.299391774,53620.0,5.43093013763428,19.2922897338867,12.7050359882849,20559890.0,0.0423,,25.1983699798584,1788.97,80.9775503092999,WB/UNESCO
SAU,2006,4.45,Saudi Arabia,1914.28,,17563.6145370639,54373.737695386,54638.7588928274,16250.0,58815.9418918507,55190.0,5.89117002487183,21.6038703918457,19.4595543513634,21459144.0,0.04245,,24.5137691497803,1903.82,81.2008588083072,WB/UNESCO
SAU,2007,3.17,Saudi Arabia,2053.72,,18596.1502627898,53318.4191601834,55029.8712115157,17870.0,59261.9642709908,55880.0,,,30.0,22368313.0,0.04521,,24.3000392913818,2033.67,81.4230015549063,WB/UNESCO
SAU,2008,4.67,Saudi Arabia,2265.61,,22320.4888964331,54407.7081673247,57236.0519548093,20540.0,67329.2203165383,58250.0,5.13781023025513,19.2574195861816,36.0,23287877.0,0.04902,,24.4659805297852,2229.31,81.6441431042994,WB/UNESCO
SAU,2009,7.04,Saudi Arabia,2883.94,,17718.3911648365,51760.7643987566,54787.3552120273,19810.0,52675.4650659147,55890.0,,,38.0,24217654.0,0.07338,,25.0353107452393,2847.27,81.8644480116889,WB/UNESCO
SAU,2010,15.36,Saudi Arabia,3626.81,,22028.3901426586,54911.547517012,58828.7265329884,21820.0,61655.8324914491,60470.0,,,41.0,23978487.0,0.884,,29.3244802795728,3571.88,82.0791668544465,WB/UNESCO
SAU,2011,18.16,Saudi Arabia,4831.03,,27126.7498747702,58645.4459416531,64125.2177225838,24110.0,73920.2787444295,65640.0,,,47.5,25091867.0,0.88541,,28.9419498443604,4717.22,82.2543876159947,WB/UNESCO
SAU,2012,8.55,Saudi Arabia,5832.1,,28733.4375513452,59471.7001909394,65033.6161818077,27610.0,74860.8610790596,66750.0,,,54.0,26168861.0,0.85824,,36.0444107055664,5665.02,82.4311918025358,WB/UNESCO
SAU,2013,26.09,Saudi Arabia,7117.79,,27865.465604962,57998.4644619155,62202.8859202572,28620.0,70562.0488340907,63920.0,,,60.5,27624004.0,0.79069,,43.163501739502,6949.69,82.6071884619102,WB/UNESCO
SAU,2014,26.07,Saudi Arabia,8119.83,,27805.4850319422,58872.2671400126,62578.0708415156,29080.0,67536.8924833502,64410.0,,,64.713657369019,28309273.0,,,53.1803840195563,7893.41,82.7822571294871,WB/UNESCO
SAU,2015,40.71,Saudi Arabia,8838.53,,23256.1549553531,58498.5399040699,53930.8273872622,26580.0,56098.102809255,55590.0,,,69.6162358014004,29816382.0,,,57.0892771397236,8600.16,82.9562773406163,WB/UNESCO
SAU,2016,37.26,Saudi Arabia,9340.69,,22267.7217050387,57308.4484127497,49937.0668103808,23940.0,52448.610592847,51050.0,,,74.8792746891625,30954198.0,,,63.9826623355369,9057.32,83.129128630626,WB/UNESCO
SAU,2017,33.54,Saudi Arabia,9944.06,,23929.2907135982,57942.5484983044,53120.4572456269,23130.0,55881.449497287,53970.0,,,94.1755996113911,30977355.0,,,70.7471342981424,9764.42,83.300690534822,WB/UNESCO
SAU,2018,51.35,Saudi Arabia,10745.38,,29360.0658968566,61359.4653740388,59377.8025368768,26570.0,62750.7897505715,59930.0,,,93.3100018480347,30196281.0,,,73.1971736383918,10329.52,83.4708425884849,WB/UNESCO
SAU,2019,50.73,Saudi Arabia,13007.68,,29566.7933827436,62647.7299487842,59560.2537904546,29140.0,63557.7761304765,60110.0,,,95.7247355953812,30063799.0,,,77.9664942011008,12289.58,83.6394643268678,WB/UNESCO
SAU,2020,70.87,Saudi Arabia,17012.12,,24338.8307301067,57420.7335736424,47518.4877485153,26940.0,52924.2522643155,48210.0,,,97.8623325,31552510.0,0.47618,512.05775,73.7510866368859,16098.89,83.8064352851942,WB/UNESCO
SAU,2021,129.51,Saudi Arabia,21610.2,,31920.7653655643,62690.4966645929,62690.4966645929,30480.0,63437.6130414836,63440.0,,,100.0,30784383.0,0.39379,794.29927,74.3924865722656,19810.93,83.9716349986538,WB/UNESCO
SAU,2022,245.71,Saudi Arabia,25825.3,,38510.2276211037,67178.5902274906,71956.6694296826,35110.0,72136.2309430535,72460.0,,,100.0,32175224.0,0.41439,958.18871,73.7492065429688,22901.43,84.1349430023993,WB/UNESCO
SDN,2003,0.0,Sudan,85.07,,580.320251464844,3946.92260742188,3058.10375976563,510.0,,2930.0,,,0.538471703150458,29896035.0,0.2808,,8.65738010406494,85.07,32.4271684741748,WB/UNESCO
SDN,2004,0.0,Sudan,99.9,,705.113342285156,4041.05712890625,3215.236328125,620.0,,3080.0,1.31254994869232,7.94924020767212,0.791561615446385,30556637.0,0.23825,,10.5490598678589,99.9,32.4459598296403,WB/UNESCO
SDN,2005,1.0,Sudan,109.65,,905.543640136719,4152.32275390625,3407.35180664063,750.0,,3280.0,1.17842996120453,5.96680021286011,,31262444.0,0.225,,11.823320388794,110.08,32.4603150404146,WB/UNESCO
SDN,2006,0.5,Sudan,102.21,,1132.474609375,4299.97412109375,3637.32666015625,920.0,,3480.0,1.55353999137878,8.25316047668457,,31992435.0,,,13.3374099731445,101.71,32.4702930558327,WB/UNESCO
SDN,2007,0.0,Sudan,134.36,,1444.37219238281,4415.78515625,3836.48901367188,1160.0,,3690.0,,,8.66,32764135.0,,,13.0165500640869,134.36,32.4759528252296,WB/UNESCO
SDN,2008,4.0,Sudan,149.7,,1527.58239746094,4446.40966796875,3937.52685546875,1350.0,,3750.0,1.85150003433227,9.39278030395508,,33623980.0,,,14.3921899795532,148.36,32.4816230749746,WB/UNESCO
SDN,2009,0.0,Sudan,191.14,,1178.22180175781,4188.0546875,3731.61474609375,1310.0,,3620.0,2.02213001251221,10.7818202972412,,34569113.0,,,14.6098203659058,190.39,32.5774622972843,WB/UNESCO
SDN,2010,1.4,Sudan,238.87,,1305.63598632813,4219.8369140625,3805.62744140625,1230.0,,3540.0,,,,35414399.0,,,14.8035297393799,237.31,32.7174026591513,WB/UNESCO
SDN,2011,0.4,Sudan,273.02,,1332.6572265625,4467.6259765625,4112.21875,1250.0,,3830.0,,,,36140806.0,,,14.5120697021484,268.05,32.9059760141986,WB/UNESCO
SDN,2012,1.0,Sudan,243.74,,1019.22210693359,4145.931640625,3710.376953125,1120.0,,3510.0,,,,36923178.0,,,14.8181400299072,233.82,33.1425561614901,WB/UNESCO
SDN,2013,1.92,Sudan,321.24,,1138.62780761719,4130.48583984375,3724.9599609375,1060.0,,3480.0,,,,37785849.0,,,16.6676292419434,312.7,33.4264777958103,WB/UNESCO
SDN,2014,0.67,Sudan,221.77,,1275.43835449219,4207.50048828125,4260.57177734375,1130.0,,4180.0,,,,38823318.0,,,15.958589553833,211.82,33.7624582408117,WB/UNESCO
SDN,2015,1.15,Sudan,251.84,,1292.37963867188,4159.1943359375,4217.01025390625,1180.0,,4120.0,,,12.0,40024431.0,,,15.8645696640015,235.29,34.0914394628597,WB/UNESCO
SDN,2016,0.48,Sudan,365.59,,1033.21594238281,4174.56103515625,4470.35498046875,1140.0,,4380.0,,,14.0999999446534,41259892.0,,,,350.02,34.1881958841213,WB/UNESCO
SDN,2017,1.24,Sudan,321.71,,966.505676269531,4061.01831054688,4252.42138671875,1010.0,,4080.0,,,18.60000038,42714306.0,,,,326.86,34.2872225663509,WB/UNESCO
SDN,2018,2.03,Sudan,400.53,,731.027465820313,3816.65991210938,4199.25048828125,810.0,3354.70288085938,3960.0,,,,44230596.0,,,,376.59,34.382054222005,WB/UNESCO
SDN,2019,0.93,Sudan,390.18,,709.975280761719,3625.52319335938,3914.2255859375,720.0,3154.0517578125,3720.0,,,,45548175.0,,,,373.18,34.4727685824236,WB/UNESCO
SDN,2020,1.89,Sudan,385.69,,577.795227050781,3401.24975585938,3348.57836914063,600.0,3213.44702148438,3170.0,,,,46789231.0,,,,375.71,34.5594433789246,WB/UNESCO
SDN,2021,0.89,Sudan,547.91,,712.122009277344,3248.9755859375,3248.9755859375,620.0,3121.36645507813,3120.0,,,,48066924.0,,,,531.71,34.6421563427994,WB/UNESCO
SDN,2022,2.27,Sudan,507.12,,1046.24084472656,3132.0771484375,3354.84643554688,720.0,3083.86010742188,3280.0,,,,49383346.0,,,,490.76,34.7209852053086,WB/UNESCO
SEN,2003,0.0,Senegal,206.16,,817.888034221442,3170.03494689265,2130.50797472927,710.0,2905.29102956118,2110.0,2.75125002861023,16.1175098419189,2.10143642986685,10721176.0,,,,202.66,41.35893934855,WB/UNESCO
SEN,2004,0.0,Senegal,169.83,,918.102079522155,3240.30201670643,2236.29400951581,850.0,2883.07820120424,2220.0,3.07778000831604,16.9622497558594,4.38602398008563,10975704.0,,,4.75202989578247,169.17,41.6248193895895,WB/UNESCO
SEN,2005,0.0,Senegal,202.96,21.97784,979.846101520171,3301.82076161633,2350.20037040523,980.0,2996.49584265963,2330.0,4.06443023681641,21.7709693908691,4.78668408310535,11235472.0,,,5.26141023635864,200.39,41.9057599695838,WB/UNESCO
SEN,2006,0.0,Senegal,168.2,23.50002,1017.20196747987,3301.03152415011,2422.09761800252,1020.0,3013.27329950373,2410.0,3.82138991355896,17.9546394348144,5.61173865217952,11500094.0,,264.90036,5.46575021743774,167.12,42.2046413043069,WB/UNESCO
SEN,2007,1.0,Senegal,207.76,,1188.93877808175,3316.42037835596,2499.31582871726,1090.0,3043.23519789872,2490.0,,,6.889999866,11770344.0,,281.68285,6.1223201751709,205.76,42.524343609533,WB/UNESCO
SEN,2008,1.0,Senegal,208.91,24.54635,1398.79218010021,3359.70567091144,2580.71949171112,1240.0,2960.46555275397,2570.0,4.02568006515503,19.2261390686035,7.119999886,12048959.0,0.29374,380.18698,7.75537014007568,205.45,42.867747101036,WB/UNESCO
SEN,2009,0.33,Senegal,179.1,26.05155,1308.69404336205,3371.46166689451,2605.72280253317,1330.0,3127.58473472676,2580.0,4.92072010040283,23.3004493713379,7.5,12337389.0,,,7.9150800704956,179.35,43.23773199459,WB/UNESCO
SEN,2010,0.12,Senegal,189.46,26.82413,1275.88357492357,3403.56707166762,2662.50486617778,1340.0,3172.46795574056,2640.0,0.544770002365112,2.51060009002686,8.0,12635413.0,0.4343,374.80287,7.62979751289774,189.31,43.6371785059692,WB/UNESCO
SEN,2011,1.79,Senegal,261.02,28.08133,1374.67591873844,3362.87940538165,2684.94989722318,1310.0,3073.74690057252,2640.0,4.90302991867065,21.0869693756104,9.800000191,12958897.0,,,10.121109956384,260.31,44.0689668509475,WB/UNESCO
SEN,2012,2.56,Senegal,260.75,27.09486,1326.83798848379,3405.10864461668,2764.26130708482,1320.0,3044.63126629733,2720.0,4.77698993682861,20.7952499389648,10.80000019,13310495.0,,,10.2635537254668,259.76,44.5359772452989,WB/UNESCO
SEN,2013,0.3,Senegal,275.66,33.58658,1379.83196553924,3385.425906874,2768.76818711984,1350.0,3127.93519406241,2720.0,5.68656015396118,25.7423496246338,13.10000038,13710849.0,,,10.5725397458545,271.37,45.0398750539456,WB/UNESCO
SEN,2014,0.25,Senegal,296.3,28.83961,1398.89137601382,3484.01219750661,2853.80456250635,1370.0,3296.42981737828,2800.0,5.72907018661499,24.8013095855713,17.70000076,14152102.0,,,10.8787568632408,293.77,45.6020905341588,WB/UNESCO
SEN,2015,0.08,Senegal,328.18,32.10913,1218.00613555438,3593.79477121279,2994.28032714875,1320.0,3449.87529655155,2930.0,5.45634984970093,23.7782707214356,21.70000076,14593331.0,0.5772,572.42133,10.8409366679467,325.07,46.2747669629858,WB/UNESCO
SEN,2016,1.63,Senegal,333.11,28.07454,1266.43957151587,3710.05531591559,3101.12348494108,1270.0,3621.81054206136,3020.0,5.11309003829956,21.3373699188232,25.66480064,15034521.0,,,10.8875992426245,326.83,47.0553579909929,WB/UNESCO
SEN,2017,0.25,Senegal,339.19,,1354.77007193387,3871.45146786374,3229.51026655477,1270.0,3773.96136400619,3140.0,4.74007987976074,21.1016902923584,29.64310074,15475002.0,,,11.3494415127099,343.04,47.9338349639053,WB/UNESCO
SEN,2018,3.23,Senegal,384.95,32.84079,1452.55612562445,3998.28635303867,3380.21596529445,1390.0,3859.56305448911,3290.0,5.11019992828369,22.6592807769775,35.29999924,15914498.0,,,12.4178375059947,373.37,48.9001692274485,WB/UNESCO
SEN,2019,0.55,Senegal,377.31,,1431.18128932159,4070.6122705955,3647.95137357242,1430.0,3934.14745291606,3550.0,5.03525018692017,14.6931200027466,43.37969971,16352922.0,,,12.60825139125,400.25,49.9443321273477,WB/UNESCO
SEN,2020,1.19,Senegal,413.42,,1461.08720350553,4018.04129279044,3752.91947490817,1430.0,3943.23574703908,3660.0,5.6869797706604,19.216739654541,53.30879974,16789219.0,,,13.3136624860931,447.88,51.0562950093282,WB/UNESCO
SEN,2021,0.89,Senegal,421.32,,1598.10676952274,4173.67741399617,4173.67741399617,1540.0,4073.14456202214,4070.0,5.61201000213623,16.6768703460693,55.04040146,17220867.0,,,14.6823561354842,434.2,52.2260292191155,WB/UNESCO
SEN,2022,0.19,Senegal,450.9,,1574.0281059306,4228.73382643662,4529.50264399113,1590.0,4057.99147934389,4380.0,5.95222997665405,16.4915504455566,56.82830048,17651103.0,,,15.6478973478986,507.58,53.4435061024348,WB/UNESCO
SGP,2003,26.73,Singapore,6216.66,,23730.3840054566,72497.86860121,48778.2983297671,23440.0,69034.0725507114,47480.0,3.98194003105164,24.7598304748535,53.8379432881911,4114826.0,1.99679,4835.52476,,6209.72,100.0,WB/UNESCO
SGP,2004,26.41,Singapore,7569.13,,27608.080013423,78712.5347297388,54383.8062336459,26170.0,73196.1095973293,51090.0,3.65276002883911,22.7444095611572,62.0,4166664.0,2.07859,5164.84335,,7555.42,100.0,WB/UNESCO
SGP,2005,30.79,Singapore,8104.46,,29961.3172812732,82547.482835778,58821.6934646065,28830.0,78101.3935095542,55490.0,3.19596004486084,22.2787895202637,61.0,4265762.0,2.14806,5650.62317,,8081.08,100.0,WB/UNESCO
SGP,2006,44.27,Singapore,8422.64,,33768.4528234651,87210.0480467646,64060.5686046112,32550.0,84681.1236951289,62320.0,2.85911989212036,22.5367794036865,59.0,4401365.0,2.11656,5785.80782,,8322.36,100.0,WB/UNESCO
SGP,2007,47.71,Singapore,8184.89,,39432.8860198877,91198.1515708456,68804.9832124455,36010.0,88137.4563559966,67000.0,2.94673991203308,23.2322902679443,69.9,4588599.0,2.31986,6083.98319,,8139.04,100.0,WB/UNESCO
SGP,2008,63.23,Singapore,8706.65,32.59053,40008.5720489092,88083.2853664583,67735.3480828121,37230.0,80301.5878804451,65240.0,2.76460003852844,30.0994091033936,69.0,4839396.0,2.59673,5916.30242,,8673.51,100.0,WB/UNESCO
SGP,2009,75.72,Singapore,9004.41,34.41669,38926.8054365453,85575.755106675,66212.9625568167,37320.0,76841.8091416708,62780.0,3.01012992858887,21.852970123291,69.0,4987573.0,2.1279,6219.94574,,8967.54,100.0,WB/UNESCO
SGP,2010,76.88,Singapore,9957.9,35.0615,47236.683084953,96280.0168756448,75400.5557959539,44930.0,90588.1286104997,74590.0,3.08044004440308,18.5717296600342,71.0,5076732.0,1.92918,6368.34517,93.2696812803906,9900.33,100.0,WB/UNESCO
SGP,2011,113.56,Singapore,10208.42,35.63068,53891.4570264372,100153.729405945,80052.3914982651,48250.0,89971.7351006642,77300.0,3.03077006340027,28.8618392944336,71.0,5183688.0,2.06955,6578.63079,95.9817452372883,10138.51,100.0,WB/UNESCO
SGP,2012,137.7,Singapore,10823.23,38.03522,55547.5553077786,102061.11936105,82107.7270892092,51710.0,89596.0281349798,78460.0,3.07084989547729,31.3717498779297,72.0,5312437.0,1.91833,6514.09973,101.99681244982,10768.88,100.0,WB/UNESCO
SGP,2013,155.99,Singapore,11085.5,35.28406,56967.4257940383,105259.693561054,83088.3185411658,54470.0,90219.3662289881,78610.0,2.85435009002686,28.8391494750977,80.90209961,5399162.0,1.92104,6734.96456,,11016.64,100.0,WB/UNESCO
SGP,2014,156.6,Singapore,11333.21,,57564.8023114977,107990.891202625,84555.2446100826,56380.0,93306.2864611999,81610.0,3.01358665503678,20.4744008205012,79.0292358633435,5469724.0,2.08228,6756.24778,,11215.32,100.0,WB/UNESCO
SGP,2015,164.94,Singapore,11536.92,,55645.6068614606,109894.041337341,87156.187383315,53160.0,93040.6390395182,81210.0,2.99161870509909,17.6953756282711,79.0129570025584,5535002.0,2.17445,7134.93412,,11458.88,100.0,WB/UNESCO
SGP,2016,165.12,Singapore,12074.78,,57204.0340105222,112719.947951111,90214.7780767093,53600.0,96341.4850624158,84880.0,2.94466258946576,17.5508480540502,84.4522678893074,5607283.0,2.06892,7052.85651,83.9409778236648,12012.77,100.0,WB/UNESCO
SGP,2017,162.79,Singapore,12189.62,,61436.1325502558,117492.967994526,96056.7007948924,55360.0,101280.825332786,89830.0,2.87916382421742,17.2535211267606,84.4522678893074,5612253.0,1.89683,6950.10748,84.7929138455372,12325.92,100.0,WB/UNESCO
SGP,2018,162.61,Singapore,12072.15,,67032.8225769734,120668.888726158,104198.419110899,56440.0,99741.2591279256,91140.0,2.85314011573792,20.7195301055908,88.1656360313447,5638676.0,1.80836,7002.45715,88.8864453410769,11922.18,100.0,WB/UNESCO
SGP,2019,170.32,Singapore,12086.28,,66068.7003106378,120678.341978557,105521.619340296,58510.0,99956.9195964629,92810.0,2.72783994674683,19.4742603302002,88.9492526850762,5703569.0,1.88845,7509.61271,91.0889904414776,11605.14,100.0,WB/UNESCO
SGP,2020,194.95,Singapore,12347.41,,61772.5036492256,116684.213596572,102117.449503559,56290.0,94756.1110849794,89460.0,2.69227004051208,19.1947708129883,92.00434653,5685807.0,2.15983,7503.32643,93.134767179468,12173.97,100.0,WB/UNESCO
SGP,2021,246.85,Singapore,12611.05,,80884.8565369236,133990.186782104,133990.186782104,65540.0,113750.518289616,113750.0,2.82732009887695,11.4717397689819,96.92468156,5453566.0,1.93761,7956.39818,97.0989103061521,12432.16,100.0,WB/UNESCO
SGP,2022,254.03,Singapore,12700.34,,91227.6970426492,134828.001392614,144417.646950009,68100.0,117504.493473923,116450.0,2.47478008270264,15.1349296569824,95.95386476,5637022.0,1.80821,8781.74332,98.02222650098,12402.6,100.0,WB/UNESCO
SLB,2003,0.0,Solomon Islands,3.86,,895.984242546501,2050.57140389822,1433.09520208074,870.0,1736.58730969829,1420.0,,,0.555609881855115,466154.0,,,,3.86,16.7733115757749,WB/UNESCO
SLB,2004,0.0,Solomon Islands,2.64,,986.070953503889,2168.78371648018,1556.4697491505,980.0,2011.1047267531,1560.0,,,0.64967267325146,474611.0,,,,2.64,17.172863006512,WB/UNESCO
SLB,2005,0.0,Solomon Islands,3.06,,1144.49233397681,2287.56668822715,1693.19193513436,1130.0,2158.40878923803,1700.0,,,0.844299972,483080.0,,,,3.06,17.6001415877737,WB/UNESCO
SLB,2006,0.0,Solomon Islands,6.59,,1255.62447417684,2340.95143662493,1786.13962901102,1190.0,2260.29689919921,1750.0,,,1.646299958,491594.0,,,,6.59,18.0540134013038,WB/UNESCO
SLB,2007,0.0,Solomon Islands,4.57,,1390.14870956707,2384.62333040945,1868.75507206753,1260.0,2303.95117785843,1780.0,7.33327007293701,34.6808090209961,2.0,500156.0,,,,4.57,18.5333445288467,WB/UNESCO
SLB,2008,0.0,Solomon Islands,2.86,,1525.84666261203,2490.10207495758,1989.01359202523,1380.0,2191.46513127963,1850.0,6.89515018463135,28.4070796966553,3.0,508790.0,,,,2.86,19.0370010521463,WB/UNESCO
SLB,2009,0.0,Solomon Islands,3.78,,1554.70671006386,2515.21324036507,2021.46315088898,1460.0,2264.14040810916,1880.0,6.6585898399353,29.3520698547363,4.0,518141.0,,,,3.78,19.5633740998673,WB/UNESCO
SLB,2010,0.5,Solomon Islands,9.27,,1685.14535823757,2682.62900140516,2182.21603851706,1600.0,2392.19290042327,2080.0,7.47837018966675,33.1289596557617,5.0,532968.0,,,,9.27,20.1194058206257,WB/UNESCO
SLB,2011,0.0,Solomon Islands,7.3,,1924.05795643133,2777.83439007893,2306.28127950629,1690.0,2575.00575881263,2150.0,,,6.0,552945.0,,,,7.3,20.7284892962955,WB/UNESCO
SLB,2012,0.0,Solomon Islands,4.37,,2066.25738638356,2743.8100151451,2320.45346138312,1820.0,2529.51366831693,2210.0,,,6.997399807,573606.0,,,,3.37,21.3906964219987,WB/UNESCO
SLB,2013,0.0,Solomon Islands,4.01,,2161.38627543917,2783.94856666363,2394.46788082843,2090.0,2701.25888903353,2400.0,,,8.0,594945.0,,,,4.01,22.1027262484765,WB/UNESCO
SLB,2014,0.0,Solomon Islands,8.02,,2164.95289873002,2716.77005403122,2377.38397006085,2090.0,2671.01652632764,2350.0,,,9.0,616908.0,,,,8.02,22.8612778264703,WB/UNESCO
SLB,2015,0.0,Solomon Islands,13.72,,2045.47721526649,2665.06620679799,2353.78235282563,2010.0,2701.15476600236,2310.0,,,10.00049973,639415.0,,,,13.37,23.6630502067213,WB/UNESCO
SLB,2016,0.0,Solomon Islands,14.96,,2082.62383124213,2715.58152252659,2421.18991110932,2000.0,2695.20933297173,2350.0,,,11.00090027,662379.0,,,,14.54,24.5047424399707,WB/UNESCO
SLB,2017,0.0,Solomon Islands,10.91,,2143.57670489272,2704.00988015555,2454.04671907288,2020.0,2647.00661299644,2400.0,,,15.14840031,685672.0,,,,10.41,25.3830535769599,WB/UNESCO
SLB,2018,0.0,Solomon Islands,15.31,,2278.19908624102,2686.46317027984,2493.97675735682,2150.0,2804.71235324483,2460.0,,,20.8593998,709101.0,,,,15.0,26.2946826684302,WB/UNESCO
SLB,2019,0.0,Solomon Islands,13.43,,2223.65890942466,2661.95770893588,2512.01387970749,2210.0,2759.06546733958,2490.0,,,22.48880005,728147.0,,,,12.65,27.275106750276,WB/UNESCO
SLB,2020,0.0,Solomon Islands,15.67,,2063.32780991967,2515.46369413305,2405.69259474986,2170.0,2540.08022037733,2460.0,9.64354620369343,30.49439159198,24.1984005,744498.0,,,,14.14,28.0327555150022,WB/UNESCO
SLB,2021,0.0,Solomon Islands,14.22,,2043.44413170658,2450.18399709553,2450.18399709553,2120.0,2478.41085195274,2480.0,8.33232704380039,25.9968263610849,26.03790092,762591.0,,,,13.72,28.6889396820578,WB/UNESCO
SLB,2022,0.0,Solomon Islands,11.06,,1877.78104490956,2330.40164523401,2496.15153066833,2010.0,2475.25631194149,2510.0,8.48737829731105,25.7816174582679,28.01729965,781066.0,,,,13.22,29.3511689856806,WB/UNESCO
SLE,2003,0.0,Sierra Leone,2.81,,413.817607346927,2196.28134480717,1457.8016785639,420.0,2040.22947637133,1430.0,2.10887002944946,17.3199996948242,0.190173281668183,5177687.0,,,,2.81,36.2690511597053,WB/UNESCO
SLE,2004,0.0,Sierra Leone,5.42,,417.749983329227,2260.83818892177,1541.0057132264,410.0,2048.28357101992,1420.0,2.01167011260986,17.1499996185303,0.203007680592588,5355717.0,,,,5.08,36.5491283814755,WB/UNESCO
SLE,2005,0.0,Sierra Leone,4.01,,462.633324427945,2296.65767816581,1614.50361923846,440.0,2123.68543087743,1520.0,1.81370997428894,15.5100002288818,0.215399995,5501712.0,,,,4.01,36.8485519672439,WB/UNESCO
SLE,2006,0.0,Sierra Leone,5.46,,580.26796974773,2342.75461064658,1697.69680422256,440.0,2067.80362851169,1450.0,,,0.227699995,5624466.0,,,,5.46,37.1703805343647,WB/UNESCO
SLE,2007,0.0,Sierra Leone,4.72,18.71485,631.889926264998,2377.80530040404,1769.77972118057,480.0,2031.89631202805,1470.0,1.52012002468109,19.75,0.239800006,5749352.0,,,,4.39,37.5122859420526,WB/UNESCO
SLE,2008,0.83,Sierra Leone,7.71,20.82963,705.359014080005,2404.65198710572,1824.2449836112,580.0,2129.5016461411,1590.0,1.4541300535202,14.9299993515015,0.25,5894722.0,,,,7.71,37.8725951588418,WB/UNESCO
SLE,2009,0.0,Sierra Leone,8.96,19.75814,652.845806767943,2376.58254446039,1814.07086919171,650.0,2300.50811813144,1740.0,1.72441005706787,15.9000005722046,0.25999999,6055646.0,,,,8.66,38.2496351532666,WB/UNESCO
SLE,2010,0.0,Sierra Leone,12.08,19.63902,685.039673490948,2459.76814343236,1900.38515200493,690.0,2430.77948944454,1880.0,1.56553995609283,12.7999992370606,0.579999983,6222714.0,,,,11.78,38.6417328938613,WB/UNESCO
SLE,2011,0.0,Sierra Leone,10.62,17.92992,761.146365577281,2590.52839404167,2042.70009101399,710.0,2380.30677297788,1950.0,1.61538004875183,12.4099998474121,0.899999976,6387251.0,,,,10.62,39.0472153491602,WB/UNESCO
SLE,2012,0.0,Sierra Leone,14.65,23.21997,937.504428180231,2792.92626459232,2317.1913997528,830.0,2755.57669685067,2250.0,1.77787005901337,14.1300001144409,2.5,6551080.0,,,,14.4,39.4644094876975,WB/UNESCO
SLE,2013,0.0,Sierra Leone,14.58,25.92508,1117.47183075115,3124.72832355066,2700.73807805259,970.0,3004.07159801773,2540.0,1.56069004535675,15.1999998092651,4.0,6714051.0,,,,14.58,39.8916422780075,WB/UNESCO
SLE,2014,0.11,Sierra Leone,20.18,30.73061,1117.7586465721,2812.5283210882,2762.04553745948,970.0,2760.7941444003,2630.0,1.73754000663757,15.0900001525879,6.057300091,6876385.0,,,,19.59,40.3272406886245,WB/UNESCO
SLE,2015,0.88,Sierra Leone,32.75,,964.575980888989,2628.17058065746,2560.04985807593,950.0,2549.62745354323,2520.0,3.21786273563993,,6.344399929,7037655.0,,,,32.75,40.7669565187099,WB/UNESCO
SLE,2016,0.58,Sierra Leone,47.14,52.14544,844.416411175476,2732.26093913215,2634.9252433025,930.0,2687.59220538284,2590.0,1.84832000732422,12.4700002670288,7.680099964,7205328.0,,,,46.05,41.229411538771,WB/UNESCO
SLE,2017,0.44,Sierra Leone,41.74,59.02014,779.186007841728,2753.42719762222,2501.4531554482,840.0,2766.66051146945,2460.0,3.0150101184845,19.8899993896484,9.297100067,7379299.0,,,,41.67,41.7106682105058,WB/UNESCO
SLE,2018,1.25,Sierra Leone,41.07,46.3553,845.914540460932,2767.38003296688,2640.47566787646,830.0,2797.42612546702,2610.0,4.46809005737305,32.7299995422363,14.42230034,7554563.0,,,,40.34,42.2011025267803,WB/UNESCO
SLE,2019,0.48,Sierra Leone,52.07,,843.71251730417,2852.66269829967,2704.05835704649,850.0,2857.62938560109,2680.0,4.65177011489868,35.0099983215332,15.71370029,7731991.0,,,,52.07,42.7018444914441,WB/UNESCO
SLE,2020,0.17,Sierra Leone,63.9,,845.277558236182,2752.62615355663,2719.0728691734,840.0,2804.27078195689,2710.0,5.34702014923096,34.2400016784668,17.12080002,7912558.0,,,,63.52,43.2129659123546,WB/UNESCO
SLE,2021,1.55,Sierra Leone,78.52,,885.396401613729,2849.38865839009,2849.38865839009,890.0,2820.83630675223,2820.0,5.59322023391724,33.4200019836426,18.65390015,8094602.0,,,,73.66,43.7345385973699,WB/UNESCO
SLE,2022,0.71,Sierra Leone,86.77,,860.371067874555,2934.7332634039,3143.46625292281,920.0,2944.45863405397,3110.0,4.90762996673584,29.3700008392334,21.50880051,8276807.0,,,,78.05,44.2666343543487,WB/UNESCO
SLV,2003,0.0,El Salvador,6.68,7.71088,2207.83089518069,7780.27177685599,4827.15416049167,2120.0,8303.73793675596,4670.0,3.13467001914978,13.8522701263428,2.5,5998599.0,,,20.5764999389648,6.68,59.2468576589718,WB/UNESCO
SLV,2004,0.0,El Salvador,18.14,,2285.68907438892,7841.53237886842,4995.99087059619,2280.0,8263.32589449746,4830.0,,,3.2,6004671.0,,,21.6425590515137,18.39,60.1425374326239,WB/UNESCO
SLV,2005,0.0,El Salvador,14.77,11.14956,2447.39140845394,8050.5345128919,5289.9723158993,2430.0,8529.46868405631,5110.0,3.17785000801086,14.1668500900269,4.199999809,6005578.0,,,22.4542694091797,15.02,61.0308213239291,WB/UNESCO
SLV,2006,0.0,El Salvador,19.24,9.7437,2665.61807194853,8404.24674903143,5692.69678619842,2600.0,8929.75927465403,5540.0,3.49298000335693,14.9191904067993,5.5,6002319.0,,,23.2541999816894,19.24,61.9068679391763,WB/UNESCO
SLV,2007,0.0,El Salvador,14.88,9.84755,2830.65693770733,8548.83476118605,5947.5181228334,2730.0,9070.03361786694,5790.0,3.60984992980957,15.8150501251221,6.11,6009824.0,0.1056,,24.743709564209,13.55,62.7676878093683,WB/UNESCO
SLV,2008,0.0,El Salvador,20.19,,2983.24829577976,8704.80584632591,6172.71101432425,2910.0,8952.66472635838,6040.0,4.45810985565185,18.1625194549561,10.08,6029297.0,0.13399,,25.5441799163818,20.19,63.6372503452723,WB/UNESCO
SLV,2009,0.0,El Salvador,15.11,10.46343,2910.18651752011,8494.49847423621,6060.7311117359,2870.0,8584.9786097523,5870.0,4.65950012207031,17.9502601623535,12.11,6048279.0,0.0909,,25.9216804504394,14.12,64.5299047495248,WB/UNESCO
SLV,2010,1.33,El Salvador,20.07,12.2358,3040.07300952878,8648.92982717672,6245.91050363544,2940.0,8678.4151262098,6060.0,4.04807996749878,15.8184099197388,15.9,6068249.0,0.07806,,26.3151708858206,20.07,65.4327927543162,WB/UNESCO
SLV,2011,0.0,El Salvador,17.51,,3330.60049486653,8945.93132970006,6593.67806808022,3120.0,8822.58322036715,6390.0,3.89854001998901,15.423680305481,18.89999962,6090127.0,0.0355,,27.32486420544,17.51,66.334413642034,WB/UNESCO
SLV,2012,1.0,El Salvador,19.87,7.70415,3497.91256915509,9162.56212613508,6708.39032246284,3280.0,8988.38932087287,6440.0,3.7124400138855,13.5578603744507,20.3213877242007,6113975.0,0.03397,,28.0979076272602,18.87,67.2232666950659,WB/UNESCO
SLV,2013,0.08,El Salvador,15.39,8.20535,3582.26694005169,9329.46202222861,7092.58852133297,3420.0,9081.76027385193,6770.0,3.80149006843567,13.3416004180908,23.1093,6138839.0,0.06387,,28.2731299038736,15.29,68.0878511957995,WB/UNESCO
SLV,2014,0.17,El Salvador,18.89,8.00372,3666.01248913873,9451.744607867,7503.71105811981,3480.0,9153.55204611387,7160.0,3.82416009902954,13.8507604598999,24.7617121459061,6162955.0,0.09377,,27.5441027812368,17.94,68.9166664266223,WB/UNESCO
SLV,2015,0.38,El Salvador,24.62,7.87045,3790.34089108162,9646.15432339854,7933.73697858999,3520.0,9511.33582027778,7560.0,3.90987992286682,14.4225101470947,26.8026049600572,6183676.0,0.14348,64.78066,27.3929262374809,24.56,69.6982116699219,WB/UNESCO
SLV,2016,0.35,El Salvador,29.01,8.02682,3901.34014965811,9863.76121214453,8455.61614773975,3600.0,9749.58280089245,8020.0,3.82523989677429,13.9301700592041,28.99710083,6200800.0,0.14493,67.49915,27.1794802471695,29.01,70.3990173339844,WB/UNESCO
SLV,2017,0.53,El Salvador,29.67,9.37147,4020.12671373919,10064.7934942601,8965.2189086345,3700.0,9815.94152506068,8470.0,3.7252299785614,13.2611303329468,33.8207289048526,6213533.0,0.18078,65.55077,27.6409104549006,37.17,71.0856704711914,WB/UNESCO
SLV,2018,0.0,El Salvador,46.52,9.17133,4183.54620971358,10297.203612692,9203.76216310773,3940.0,9930.28246219666,8680.0,3.60575008392334,13.0620498657227,43.79999924,6219807.0,0.16531,73.49466,28.194336537252,35.42,71.7577209472656,WB/UNESCO
SLV,2019,0.33,El Salvador,25.85,,4320.11671534627,10543.9383291317,9756.7521864595,4130.0,10306.0084288566,9270.0,3.38710999488831,12.1919403076172,50.4911940673888,6222318.0,0.17477,75.70551,28.5178063545936,25.05,72.4148941040039,WB/UNESCO
SLV,2020,0.23,El Salvador,19.21,,3997.19279583709,9692.44931605799,9392.68913817943,3800.0,9473.5939727196,8870.0,3.66088008880615,11.194299697876,54.60136976,6234673.0,0.16299,59.77671,30.9986370324013,19.18,73.0570220947266,WB/UNESCO
SLV,2021,0.22,El Salvador,33.42,,4642.60743101342,10809.713399518,10809.713399518,4380.0,10181.4481286696,10180.0,3.57766008377075,11.5080699920654,57.26380157,6255782.0,0.16252,65.31984,30.3043325211094,33.5,73.6838531494141,WB/UNESCO
SLV,2022,1.09,El Salvador,54.79,,5074.60050994225,11085.6166169553,11874.0814242931,4710.0,10220.2624766011,11150.0,3.26848006248474,11.4042797088623,60.05609894,6280319.0,0.14333,57.61826,31.4538910186841,55.8,74.1465021298679,WB/UNESCO
SMR,2003,0.0,San Marino,0.17,,52529.9136967576,81688.3814188309,60223.9128463016,,,,,,50.003453038674,27843.0,,,,0.17,94.0,WB/UNESCO
SMR,2004,0.0,San Marino,1.58,,58232.0431338765,80724.8114711728,61113.9018666418,,,,,,50.5663430420712,29457.0,,,,1.58,94.2143791763566,WB/UNESCO
SMR,2005,0.0,San Marino,1.33,,59877.7862692185,81632.1776324722,63738.5738716699,,,,,,,29836.0,,,,1.33,94.6454896824635,WB/UNESCO
SMR,2006,0.0,San Marino,0.67,,63270.7994496499,83781.550199101,67434.1560068325,,,,,,50.2086593635889,30184.0,,,,0.67,95.2084276028853,WB/UNESCO
SMR,2007,0.0,San Marino,2.42,,70124.4249984768,86785.0210208274,71744.0519956452,,,,,,50.3648221088655,31211.0,,,,2.42,95.8182890221867,WB/UNESCO
SMR,2008,0.0,San Marino,3.76,,75902.1677701187,85120.2897275883,71723.6242161947,,,,,,54.52,31662.0,,,65.980110168457,3.76,96.3901700249324,WB/UNESCO
SMR,2009,0.0,San Marino,1.21,,62429.0202738462,73093.8341489444,61969.8285374403,,,,,,54.21,33066.0,,,,1.21,96.8391666956869,WB/UNESCO
SMR,2010,0.0,San Marino,1.3,9.75786,56543.190562068,68669.2549485757,58926.1403682043,,,,2.62883996963501,10.7812900543213,,33270.0,,,66.4068036853295,1.3,97.074615769187,WB/UNESCO
SMR,2011,0.0,San Marino,2.33,10.76105,55601.4008139955,64214.120906595,56239.9592730018,,,,2.70296001434326,10.64035987854,49.6,32620.0,,,64.2955801104972,2.33,97.0999984741211,WB/UNESCO
SMR,2012,0.0,San Marino,3.66,,47945.8917557105,58176.3797454761,51274.2154785964,,,,,,,33469.0,,,59.8490048043926,3.66,97.0999984741211,WB/UNESCO
SMR,2013,0.0,San Marino,7.03,,50807.8206340193,58467.9789128485,50770.3673195862,,,,3.26723534651899,,,33041.0,,,,7.03,97.0999984741211,WB/UNESCO
SMR,2014,0.0,San Marino,4.9,,51260.4804236805,58743.5863890151,52909.2224071252,,,,3.19357628015873,,,32655.0,,,,4.9,97.0999984741211,WB/UNESCO
SMR,2015,0.17,San Marino,7.25,,43146.8035302005,59647.6600146934,52247.2075298399,,,,3.11914279579368,,,32897.0,,,,7.25,97.0999984741211,WB/UNESCO
SMR,2016,0.0,San Marino,8.56,,44359.4574206971,60669.8228947966,53033.0552322114,,,,3.02697977142855,,55.0,33101.0,,,,8.56,97.0999984741211,WB/UNESCO
SMR,2017,0.0,San Marino,14.31,6.82856,45192.0530047599,59524.5606827202,52463.4195514851,40010.0,55025.6415409509,48600.0,3.36997008323669,13.179349899292,60.18230057,33825.0,,,,13.97,97.0999984741211,WB/UNESCO
SMR,2018,0.0,San Marino,12.12,,47950.7076296808,59194.04440794,54460.9066545652,41800.0,53627.7725016899,49590.0,3.55516004562378,14.4863300323486,,34522.0,,,45.421020282729,12.52,97.0999984741211,WB/UNESCO
SMR,2019,0.33,San Marino,11.96,,46626.9998571568,60171.0506033928,57444.1206392397,43770.0,54848.6609068499,52590.0,3.37969994544983,15.0599203109741,67.85070038,34663.0,,,50.2355712603062,11.58,97.0999984741211,WB/UNESCO
SMR,2020,0.0,San Marino,10.15,,44426.6259613672,55998.0734625278,55206.5809417073,40570.0,50414.3019786955,49830.0,3.4246199131012,5.789347375,77.94999695,34770.0,,,55.0960978450786,10.07,97.0999984741211,WB/UNESCO
SMR,2021,0.25,San Marino,16.1,,54168.9744311193,64745.1322795901,64745.1322795901,48190.0,58351.7078077775,58350.0,3.10892009735107,8.37981033325195,81.66999817,34252.0,,,57.6704545454545,15.77,97.1035668453272,WB/UNESCO
SMR,2022,0.0,San Marino,19.12,,54264.5837022908,70887.5780565982,75929.4591270254,53950.0,64762.8827593703,69370.0,2.89753007888794,13.3687896728516,97.32790375,33755.0,,,53.7988826815642,18.84,97.1141889380465,WB/UNESCO
SOM,2003,0.0,Somalia,1.83,,286.273025198975,777.884552733128,547.37415477371,260.0,,540.0,,,0.376198002539086,9909157.0,,,,1.83,34.4719665654476,WB/UNESCO
SOM,2004,0.0,Somalia,1.14,,375.410326225387,803.059780580226,580.284955543477,310.0,,570.0,,,1.05345474358422,10280998.0,,,,1.14,34.9620706047618,WB/UNESCO
SOM,2005,0.0,Somalia,0.0,,439.979907805478,830.807245939502,619.158298415337,390.0,,610.0,,,1.077299953,10644228.0,,,,0.0,35.4674928136211,WB/UNESCO
SOM,2006,0.0,Somalia,1.53,,457.996662206659,857.993655902122,659.137580508196,450.0,,650.0,,,1.100200057,10975502.0,,,,1.53,35.9982083823331,WB/UNESCO
SOM,2007,0.0,Somalia,0.0,,479.635628065289,887.369352235607,700.174057935812,480.0,,690.0,,,1.122200012,11322582.0,,,,0.0,36.5641925012053,WB/UNESCO
SOM,2008,0.0,Somalia,1.58,,507.03744334738,919.132083453107,739.20946930934,510.0,,730.0,,,1.142699957,11663084.0,,,,1.58,37.1754203605454,WB/UNESCO
SOM,2009,0.0,Somalia,2.75,,246.513251675105,956.220325392593,773.780862200912,380.0,,770.0,,,1.160599947,11961201.0,,,,2.75,37.8418671506609,WB/UNESCO
SOM,2010,0.0,Somalia,2.74,,219.202453852397,995.225555512017,815.131435968091,290.0,,810.0,,,,12261756.0,,,,2.17,38.5735080618592,WB/UNESCO
SOM,2011,0.0,Somalia,2.89,,235.325945610434,1054.36214979093,881.38311305094,250.0,,870.0,,,1.25,12348830.0,,,,1.89,39.380318284448,WB/UNESCO
SOM,2012,0.0,Somalia,1.43,,350.261946720512,1114.8041489283,1002.9322657147,280.0,,1000.0,,,1.376700044,12461160.0,,,,1.43,40.2722730087349,WB/UNESCO
SOM,2013,0.0,Somalia,6.31,,393.398703952979,1197.72166459722,944.404567280324,340.0,1158.31579762123,940.0,,,1.5,12869594.0,,,,6.31,41.2593474250273,WB/UNESCO
SOM,2014,0.0,Somalia,5.45,,429.431656725102,1259.27432882605,1127.71922200338,410.0,1238.73140058642,1120.0,,,1.629999995,13339491.0,,,,5.45,42.3515167236328,WB/UNESCO
SOM,2015,1.0,Somalia,5.45,,445.583080073396,1343.92517439594,1341.38999678728,440.0,1308.10313841611,1340.0,,1.4211317173113,1.75999999,13806963.0,,,,5.45,43.8618107408479,WB/UNESCO
SOM,2016,0.0,Somalia,3.51,,460.928490585175,1384.15517410124,1468.50438474605,450.0,1360.38993743543,1460.0,,1.31484064005925,1.879999995,14348740.0,,,,3.76,45.942842729174,WB/UNESCO
SOM,2017,0.0,Somalia,10.82,,510.939952317726,1527.66029071648,1596.81409178022,500.0,1515.40737990687,1590.0,,2.22346186922926,,14916629.0,,,,10.07,48.3639630032265,WB/UNESCO
SOM,2018,0.0,Somalia,10.24,,509.497273804534,1504.97908203481,1551.52773977473,510.0,1488.27734946503,1540.0,4.00990834307e-06,2.9617976771244,,15452487.0,,,,9.74,50.9506215336872,WB/UNESCO
SOM,2019,0.25,Somalia,18.86,,539.954816211694,1491.29493918405,1548.27250940098,520.0,1476.92997014102,1540.0,5.73281247182e-06,4.28732288122103,2.731400013,16030971.0,,,,18.45,51.6421170703225,WB/UNESCO
SOM,2020,1.0,Somalia,33.07,,518.16113333875,1396.05544674978,1454.26711848855,500.0,1379.38852983152,1450.0,6.12054361034e-06,2.99771462084585,15.02369976,16651191.0,,,,34.77,52.286318011754,WB/UNESCO
SOM,2021,0.0,Somalia,54.49,,549.056994756254,1392.31782053371,1392.31782053371,540.0,1386.5917428156,1390.0,6.75308344309e-06,3.65024449065422,23.87479973,17271431.0,,,,53.74,52.9060649733324,WB/UNESCO
SOM,2022,1.0,Somalia,106.49,,573.141165798229,1387.54753732191,1486.23689665021,570.0,1378.23121192015,1480.0,7.21674775437e-06,2.76215255439452,27.6,17801897.0,,,,106.41,53.5010115886789,WB/UNESCO
SRB,2003,3.23,Serbia,1550.9,,3153.9011312754,13273.6900656327,8022.90215999144,2510.0,12601.1185353473,7980.0,,,,7480591.0,0.46825,,39.6133613586426,0.0,56.8784264526306,WB/UNESCO
SRB,2004,3.52,Serbia,1870.65,,3597.08798057009,14194.3651317933,8715.14952083478,3340.0,13149.8059302074,8640.0,,,23.5,7463157.0,0.28194,,40.9337997436523,0.0,57.3144555999278,WB/UNESCO
SRB,2005,4.56,Serbia,2361.75,,3807.97417321786,15077.5586462578,9397.6009857862,3940.0,13842.6390023499,9290.0,,,26.29999924,7440769.0,0.38621,,44.205249786377,0.0,57.7508909888183,WB/UNESCO
SRB,2006,4.3,Serbia,2483.58,,4492.7136699046,15727.4033683685,10463.3585717243,4280.0,14764.3018313255,10330.0,,,27.2,7411569.0,0.42907,,46.819580078125,0.0,58.1709152910668,WB/UNESCO
SRB,2007,34.02,Serbia,2990.22,25.8493,6081.08765700202,17028.0866985832,11685.3655135932,5000.0,15936.6740518371,11340.0,4.04881000518799,9.97663974761963,33.15,7381579.0,0.55664,1190.39138,47.966869354248,2916.26,58.5577111784378,WB/UNESCO
SRB,2008,32.38,Serbia,3116.55,27.30179,7376.73517910716,17983.2811855695,13122.5721535674,6250.0,16814.3205255798,12770.0,,,35.6,7350222.0,0.64463,1354.72005,48.6653785705566,3049.78,58.8944613226962,WB/UNESCO
SRB,2009,35.96,Serbia,3735.46,27.63834,6414.0448463847,17488.1227241581,13037.9875975621,6680.0,16840.4397708184,12850.0,4.3127498626709,10.4821796417236,38.1,7320807.0,0.78609,1423.86226,49.8496704101562,3678.46,59.1643483956067,WB/UNESCO
SRB,2010,26.42,Serbia,4072.49,29.08181,5970.92660940072,17841.4312599018,13320.0602051636,6500.0,16740.4252156952,13050.0,,,40.9,7291436.0,0.67458,1503.41256,49.0825119018555,3949.19,59.3505550689338,WB/UNESCO
SRB,2011,32.9,Serbia,4820.0,29.19053,7082.2861666075,17986.5840283539,14298.2784694219,6380.0,16719.1297575939,13770.0,4.0735502243042,10.1795701980591,42.2,7236519.0,0.65677,1616.19262,51.5937690734863,4700.73,59.4349187787267,WB/UNESCO
SRB,2012,40.77,Serbia,5912.23,29.1241,6263.04086072815,17993.8147169993,14506.147963061,6310.0,16650.863785723,14050.0,,,48.09999847,7201497.0,0.81922,1635.37121,53.5000305175781,5768.32,59.3468437194824,WB/UNESCO
SRB,2013,34.79,Serbia,5274.97,,7040.41812068781,18163.2047330246,15246.9548612296,6630.0,17091.7534205218,14680.0,,,53.450364175,7166553.0,0.65574,1718.61748,56.3808784484863,5122.53,59.6111068725586,WB/UNESCO
SRB,2014,50.6,Serbia,5069.3,,6886.67809068704,17922.4357685757,15296.1683250053,6450.0,17009.0453929247,14740.0,,,62.0750804639377,7131787.0,0.69287,1822.70033,58.0549697875977,4937.43,59.8779373168945,WB/UNESCO
SRB,2015,51.31,Serbia,4895.14,30.11539,5820.3215576888,18247.8091057968,15546.3082680414,6210.0,17247.681085317,14850.0,,,65.3170254003801,7095383.0,0.77867,2060.14765,58.2876892089844,4657.65,60.1388092041016,WB/UNESCO
SRB,2016,55.65,Serbia,5030.89,28.90675,5982.37030126471,18889.3816415548,16455.4885236331,5920.0,17761.177968636,15580.0,3.50275993347168,8.69299030303955,67.0568413716938,7058322.0,0.80779,2121.8924,62.1369705200195,4888.18,60.3853870034026,WB/UNESCO
SRB,2017,52.18,Serbia,4918.08,29.93024,6548.03653824187,19438.9917129776,17285.4135238265,5810.0,18042.9654716311,16210.0,3.56539011001587,9.25646018981934,70.3308355269141,7020858.0,0.83834,2067.73261,66.4867401123047,4714.4,60.621208190918,WB/UNESCO
SRB,2018,77.86,Serbia,4837.37,,7559.86165747394,20454.225884367,18469.1042989985,6700.0,19161.1233626781,17570.0,3.43663001060486,8.80428028106689,73.360709154564,6982604.0,0.88154,2075.98604,67.1586608886719,4693.51,60.8433609008789,WB/UNESCO
SRB,2019,81.83,Serbia,5062.2,,7755.632986437,21541.1264037184,20587.2567440786,7380.0,20135.9258427143,19530.0,3.45865988731384,8.60459995269775,77.4167736219802,6945235.0,0.84798,2087.27636,67.7898406982422,4809.74,61.0492248535156,WB/UNESCO
SRB,2020,83.57,Serbia,4736.72,,8098.70955668849,21479.0788553347,21013.0562995823,7790.0,20857.8356820402,20400.0,,,78.36804864,6899126.0,0.86478,2149.85336,68.1431121826172,4569.29,61.223201751709,WB/UNESCO
SRB,2021,103.96,Serbia,5275.05,,9680.52798074468,23406.3065657117,23406.3065657117,8890.0,22545.141155114,22550.0,3.14615988731384,7.08668994903565,81.16588116,6834326.0,0.94784,2206.70833,69.1800231933594,4878.41,61.363899230957,WB/UNESCO
SRB,2022,117.24,Serbia,5379.47,,10024.8191112596,24651.8478183529,26142.9143111159,9790.0,23002.982155743,24910.0,3.08255004882812,7.4496898651123,83.53825397,6664449.0,0.91938,2349.67681,69.8046798706055,4938.83,61.9013813540396,WB/UNESCO
SSD,2003,0.0,South Sudan,0.0,,,,,,,,,,,6903127.0,,,,0.0,16.6154472307377,WB/UNESCO
SSD,2004,0.0,South Sudan,0.0,,,,,,,,,,,7233041.0,,,,0.0,16.7569099090725,WB/UNESCO
SSD,2005,0.0,South Sudan,0.0,,,,,,,,,,,7590143.0,,,,0.0,16.8695760318857,WB/UNESCO
SSD,2006,0.0,South Sudan,0.0,,,,,,,,,,,7976526.0,,,,0.0,16.9509881842643,WB/UNESCO
SSD,2007,0.0,South Sudan,0.0,,,,,,,,,,,8388788.0,,,,0.0,16.9986889512954,WB/UNESCO
SSD,2008,0.0,South Sudan,0.0,,1654.21153546555,,2887.37415922692,,,,,,,8817647.0,,,,0.0,17.0301141193955,WB/UNESCO
SSD,2009,0.0,South Sudan,0.0,,1323.22068747862,,2911.04297301702,,,,,,,9243556.0,,,,0.0,17.2937284639317,WB/UNESCO
SSD,2010,0.0,South Sudan,0.0,,1498.27034985194,,2948.05001484216,,,,1.04533007934585,,,9745953.0,,,,0.0,17.535620199576,WB/UNESCO
SSD,2011,0.0,South Sudan,1.62,25.33762,1448.98435006408,,2718.04847850752,770.0,,1560.0,0.962890028953552,3.95070004463196,,10288109.0,,,,1.62,17.7817678106789,WB/UNESCO
SSD,2012,0.0,South Sudan,2.42,,1109.26050083408,,1417.38566439045,800.0,,1360.0,1.57674938085481,,1.5,10756240.0,,,,2.08,18.0321885447664,WB/UNESCO
SSD,2013,0.0,South Sudan,8.96,23.1356,1650.18943353528,,1916.8535588619,1080.0,,1810.0,1.02450001239777,3.22801995277405,2.200000048,11166275.0,,,,8.96,18.2868996493633,WB/UNESCO
SSD,2014,0.0,South Sudan,5.62,24.68398,1242.73450181032,,1372.75618491146,1170.0,,1180.0,1.23246002197266,4.13136005401611,2.599999905,11235073.0,,,,5.62,18.5459183719929,WB/UNESCO
SSD,2015,0.14,South Sudan,5.51,27.60846,1080.14718624765,,1154.88686304107,1050.0,,1010.0,1.46555995941162,3.3249499797821,3.0,11107561.0,,,,5.31,18.8092619601773,WB/UNESCO
SSD,2016,0.0,South Sudan,2.11,50.43606,,,,,,,1.56539228959694,,3.5,10830102.0,,,,2.11,19.0769476614377,WB/UNESCO
SSD,2017,0.0,South Sudan,5.73,31.462,,,,,,,,,4.1,10259154.0,,,,5.23,19.3489927232944,WB/UNESCO
SSD,2018,0.0,South Sudan,9.62,,,,,,,,,,4.800000191,10122977.0,,,,9.62,19.6254143932663,WB/UNESCO
SSD,2019,0.0,South Sudan,8.67,,,,,,,,,,6.671000004,10423384.0,,,,8.46,19.9062299188719,WB/UNESCO
SSD,2020,0.0,South Sudan,14.57,,,,,,,,,,,10698467.0,,,,14.47,20.1914565476286,WB/UNESCO
SSD,2021,0.67,South Sudan,13.09,,,,,,,,,,,10865780.0,,,,14.73,20.4811115270532,WB/UNESCO
SSD,2022,0.0,South Sudan,16.38,,,,,,,,,,,11021177.0,,,,17.29,20.7752121046616,WB/UNESCO
STP,2003,0.0,Sao Tome and Principe,1.77,,663.696211810494,4161.63833167542,2093.50493376787,600.0,,2040.0,3.24692988395691,6.69200992584229,10.1618443069961,153814.0,,,,1.77,56.4128470868097,WB/UNESCO
STP,2004,0.0,Sao Tome and Principe,0.58,,726.560882130444,4202.56186898775,2170.9412191659,690.0,,2110.0,3.23470997810364,5.85359001159668,13.3228526892178,157705.0,,,,0.33,57.8774845467458,WB/UNESCO
STP,2005,0.0,Sao Tome and Principe,0.25,,844.169181884274,4371.49721644128,2329.01423015363,800.0,,2280.0,4.85645008087158,12.1254796981812,13.75949955,161639.0,,,,0.25,59.4188016908917,WB/UNESCO
STP,2006,0.0,Sao Tome and Principe,0.97,,861.970707697664,4644.18044669991,2550.59553999681,910.0,,2600.0,4.27118015289307,14.0842304229736,14.18200016,165638.0,,,,0.97,60.9734167306206,WB/UNESCO
STP,2007,0.0,Sao Tome and Principe,1.31,,878.885791918745,4698.08416961839,2650.10387618864,940.0,,2730.0,6.28682994842529,16.6573505401611,14.5904831987414,169700.0,,,,1.31,62.4779478773056,WB/UNESCO
STP,2008,0.0,Sao Tome and Principe,0.0,,1081.8684584729,4873.1813112046,2801.83579330989,1000.0,4123.9303231814,2800.0,5.5544900894165,18.2486305236816,15.47999954,173793.0,,,,0.0,63.8690133423199,WB/UNESCO
STP,2009,0.0,Sao Tome and Principe,1.78,,1128.28046213305,4919.19529822865,2845.73589386088,1070.0,4240.713106563,2840.0,9.99429035186768,20.5607795715332,16.40999985,177853.0,,,3.92682003974915,1.78,65.0832313370367,WB/UNESCO
STP,2010,0.0,Sao Tome and Principe,2.23,,1045.20958234528,4882.04796466341,2858.56899083428,1090.0,4262.09356154916,2850.0,9.9882698059082,19.3274097442627,18.75,181802.0,,,4.22901010513306,2.23,66.0572200728291,WB/UNESCO
STP,2011,0.0,Sao Tome and Principe,0.0,,1219.80189089671,4876.47315792145,2914.21285695222,1140.0,4384.05947022862,2910.0,8.79410245042467,11.3804157822642,20.16119957,185649.0,,,,0.0,66.7275977610702,WB/UNESCO
STP,2012,0.0,Sao Tome and Principe,0.52,16.12556,1210.7926479817,4919.55294386577,2694.65726770702,1170.0,4378.47118803547,2680.0,6.92846012115479,13.7216196060181,21.57239914,189439.0,,,7.83568000793457,0.52,67.0335889448132,WB/UNESCO
STP,2013,0.0,Sao Tome and Principe,0.16,8.25518,1382.5757842916,5072.11200195866,2945.73664283744,1330.0,4606.64264157912,2980.0,6.68509006500244,18.8296699523926,23.0,193148.0,,,,0.16,67.1306686401367,WB/UNESCO
STP,2014,0.0,Sao Tome and Principe,1.24,9.60057,1489.67633417608,5223.09572886388,3233.3568807314,1440.0,5023.00078913521,3320.0,4.4321699142456,12.3246698379517,24.40999985,196767.0,,,9.24396991729736,1.24,67.2606735229492,WB/UNESCO
STP,2015,0.0,Sao Tome and Principe,1.42,,1298.10946596396,5210.2037755431,3171.50905832741,1400.0,4995.87712055682,3210.0,4.69794988632202,11.2973403930664,25.81999969,200291.0,,,12.8210802078247,1.42,67.3915710449219,WB/UNESCO
STP,2016,0.0,Sao Tome and Principe,1.12,,1434.87018050521,5388.5091334891,3319.54261733278,1420.0,5487.45421052588,3350.0,6.11515998840332,15.9666795730591,28.0,203689.0,,,,0.87,67.5218887329102,WB/UNESCO
STP,2017,0.0,Sao Tome and Principe,0.88,,1555.79477812888,5521.20249597413,3436.31010124694,1440.0,5493.78229510921,3430.0,5.87489986419678,18.3999996185303,32.61640167,206970.0,,,,0.88,67.6520004272461,WB/UNESCO
STP,2018,0.0,Sao Tome and Principe,0.86,,1825.59971753966,5674.72379094011,3941.03280858409,1660.0,5576.82922153311,3960.0,5.62454986572266,20.1165409088135,37.99380112,210187.0,,,,0.86,67.7828826904297,WB/UNESCO
STP,2019,0.0,Sao Tome and Principe,2.37,,1935.2931816596,5702.08347071236,4655.48496449805,1810.0,5629.24412562884,4650.0,6.10573891896978,17.5924450901,44.25790024,213392.0,,,,2.37,67.9129943847656,WB/UNESCO
STP,2020,0.0,Sao Tome and Principe,2.78,,2167.22001796925,5742.94724858826,5144.53560286014,2030.0,5737.11588399956,5200.0,5.02931173372591,16.1259357979116,51.55469894,217435.0,,,,2.78,68.0436706542969,WB/UNESCO
STP,2021,0.0,Sao Tome and Principe,2.96,,2362.58827248102,5732.69456061536,5732.69456061536,2220.0,5762.53946357945,5760.0,5.53985041124283,16.5841912023207,54.94950104,221961.0,,,,3.96,68.1738967895508,WB/UNESCO
STP,2022,0.0,Sao Tome and Principe,3.8,,2389.73729784737,5632.13890715047,6032.7249522726,2820.0,7241.82077368423,7150.0,5.19392101712613,17.086328518452,58.56779861,226305.0,,,,4.37,68.3720919798341,WB/UNESCO
SUR,2003,0.0,Suriname,3.4,,2516.10404020956,17383.5015505612,8551.63742848713,2120.0,,8280.0,,,4.71987539528956,506414.0,,,,3.4,66.7404073281911,WB/UNESCO
SUR,2004,0.0,Suriname,4.58,,2887.7721728844,18585.5170864176,9388.81890804295,2710.0,,9060.0,,,6.0760478144456,513923.0,,,,4.58,66.743604713168,WB/UNESCO
SUR,2005,0.8,Suriname,4.82,,3453.42865937765,19220.2839696605,10013.9196134473,3190.0,,9830.0,,,6.40308628759062,519313.0,,,,4.82,66.7321826490881,WB/UNESCO
SUR,2006,0.0,Suriname,5.22,,5002.65798695759,20113.6707547695,10802.5481846053,3880.0,,10580.0,,,9.49960041,524997.0,,,,5.22,66.6967982269052,WB/UNESCO
SUR,2007,1.0,Suriname,9.35,,5530.17615638309,20902.1391589279,11530.1565503856,4860.0,,11520.0,,,14.11,531016.0,,,,8.6,66.6433180134835,WB/UNESCO
SUR,2008,0.0,Suriname,4.37,,6576.08546307249,21515.8119551093,12097.3491160966,6090.0,,12170.0,,,21.05999947,537245.0,,,,4.37,66.5776961831642,WB/UNESCO
SUR,2009,0.0,Suriname,5.53,,7129.5768626291,21906.4105447498,12392.9333584679,6700.0,,12410.0,,,31.36,543568.0,,,,4.28,66.5058869102882,WB/UNESCO
SUR,2010,0.0,Suriname,4.66,,7943.60482816915,22772.4754543689,13039.4491193839,7330.0,,12730.0,,,31.59,549923.0,,,,3.06,66.4338443691967,WB/UNESCO
SUR,2011,0.0,Suriname,4.21,,7949.88867218383,23829.5332856393,13926.2226223035,7620.0,,13100.0,,,32.0,556269.0,,,,4.21,66.3675227342307,WB/UNESCO
SUR,2012,0.03,Suriname,9.51,,8851.24050668908,24193.8412373922,15184.9254680409,8220.0,,14600.0,,,34.68119812,562633.0,,,,9.51,66.3132562693376,WB/UNESCO
SUR,2013,0.0,Suriname,16.37,,9043.19281529222,24624.0219854601,16172.6961959961,8610.0,,15760.0,,,37.40000153,569020.0,,,,15.37,66.2683575134509,WB/UNESCO
SUR,2014,0.0,Suriname,8.45,,9108.18905406764,24414.3554759734,16597.5853539637,8900.0,,16370.0,,,40.08000183,575373.0,,,,7.45,66.2249266178037,WB/UNESCO
SUR,2015,0.25,Suriname,13.2,,8813.61705392067,23327.5252497447,16543.5743051372,8550.0,,16500.0,5.53479610522553,11.3765989907288,42.76380157,581627.0,,,,13.08,66.1828815074718,WB/UNESCO
SUR,2016,0.0,Suriname,22.14,,5644.2061057532,21950.4122148625,14475.3069644921,6660.0,,13740.0,5.64051904970974,16.0754186091418,45.40000153,587757.0,,,,20.84,66.1426466980469,WB/UNESCO
SUR,2017,0.17,Suriname,14.67,,6049.52128553675,22070.5137570835,17567.6802396432,5700.0,,15620.0,5.45861311514349,17.3235780033042,48.94520187,593713.0,,,,14.47,66.1046467051207,WB/UNESCO
SUR,2018,0.0,Suriname,17.48,,6665.74180472239,22938.5353715545,17855.4787141437,5730.0,,16110.0,4.92259355761269,14.7241725175527,55.10210037,599513.0,,,,15.83,66.0693060442846,WB/UNESCO
SUR,2019,1.18,Suriname,19.98,,6629.66775248603,22966.7405999124,19771.5473885151,6000.0,,17840.0,6.77857289012664,15.2769886363636,62.03350067,605768.0,,,5.26435130947432,18.58,66.0370492311305,WB/UNESCO
SUR,2020,1.82,Suriname,19.85,,4755.39221710693,19091.3617184226,16946.8942361914,4710.0,,15030.0,4.58425708265782,13.9423454559736,,612317.0,,,5.30574712643678,18.38,66.00830078125,WB/UNESCO
SUR,2021,0.92,Suriname,24.92,,5029.84838543953,18458.234999681,18458.234999681,4490.0,16194.1092547873,16190.0,4.13154972947739,11.7829457364341,,617896.0,,,8.45416298008342,25.22,65.9853973388672,WB/UNESCO
SUR,2022,0.4,Suriname,13.33,,6084.43876736445,18742.5873760369,20075.6544534114,5040.0,,18460.0,3.43460841988051,10.9554367201426,,623164.0,,,5.02487384130847,13.38,65.8985443115234,WB/UNESCO
SVK,2003,27.77,Slovakia,2145.43,19.65736,6283.15169311309,20721.7128107535,14088.2610150529,4890.0,21996.6696766411,13400.0,4.23699998855591,10.579270362854,43.04,5373374.0,0.56511,1790.43354,34.5505905151367,2107.26,55.7386007222942,WB/UNESCO
SVK,2004,34.87,Slovakia,2280.44,23.41223,7996.74076556872,21842.9563752621,15165.8836134619,6520.0,23397.0848188747,14580.0,4.11747980117798,10.7206401824951,52.89,5372280.0,0.50263,1993.83051,36.6599617004395,2250.91,55.5843833415875,WB/UNESCO
SVK,2005,22.95,Slovakia,2502.81,21.00133,9087.20357002472,23257.1758521642,16570.2574196157,8490.0,25256.7733187528,16150.0,3.77565002441406,9.64748954772949,55.19,5372807.0,0.49537,2031.13681,40.7710609436035,2470.43,55.4189847597721,WB/UNESCO
SVK,2006,24.69,Slovakia,2594.59,23.67552,10629.1782325838,25331.8740217421,18905.7195772335,10090.0,27134.1379579328,18380.0,3.70850992202759,9.71280002593994,56.08,5373054.0,0.47498,2190.13371,45.0326881408691,2548.88,55.2464278407442,WB/UNESCO
SVK,2007,26.95,Slovakia,2829.29,21.80985,14330.2064943926,28064.2457264668,21232.2703380662,12280.0,29777.5429177431,20640.0,3.52223992347717,9.80428028106689,61.8,5374622.0,0.44734,2297.64491,50.5563583374023,2769.93,55.0707354484001,WB/UNESCO
SVK,2008,32.88,Slovakia,3317.19,21.52906,17973.8436435514,29544.090596762,23714.1353570991,15130.0,31251.0868831504,23290.0,3.52339005470276,9.65705966949463,66.05,5379233.0,0.4616,2340.90823,54.1637115478516,3243.86,54.895930446636,WB/UNESCO
SVK,2009,27.07,Slovakia,3119.94,19.7819,16586.7527805228,27880.4111227638,23077.3712084636,16220.0,29628.0362736524,22950.0,4.00893020629883,9.2721700668335,70.0,5386406.0,0.47302,2469.7369,56.7700996398926,3036.69,54.7260356993483,WB/UNESCO
SVK,2010,32.96,Slovakia,3566.62,19.62595,16899.448680529,29745.9196662166,25381.7112298749,17370.0,30902.7717231021,24840.0,4.04704999923706,9.85927963256836,75.71,5391428.0,0.60583,2817.3661,58.0442390441895,3473.56,54.5650740704331,WB/UNESCO
SVK,2011,26.58,Slovakia,3824.54,23.37085,18469.4354316836,30468.8257049455,26201.6502820886,17560.0,30876.4565308598,25290.0,3.90686988830566,9.57921028137207,74.4399971746757,5398384.0,0.65398,2840.91952,57.1524887084961,3745.76,54.4167387988534,WB/UNESCO
SVK,2012,24.93,Slovakia,4189.34,23.97934,17516.9691054078,30894.3118010926,27022.7747321382,17830.0,31513.2175695412,26550.0,3.85490989685059,9.6274995803833,76.7099901181121,5407579.0,0.79377,2827.14865,57.0384407043457,4097.25,54.2764528316182,WB/UNESCO
SVK,2013,34.07,Slovakia,4390.13,23.66714,18312.7805149823,31078.1848215695,28075.4326236719,18280.0,31824.5964594913,27850.0,4.06078004837036,9.87994956970215,77.8826,5413393.0,0.8184,2723.15005,55.253978729248,4247.53,54.1384024098892,WB/UNESCO
SVK,2014,21.17,Slovakia,4941.0,22.99878,18770.9289896545,31888.805351531,29108.072180194,18380.0,32510.4522593533,28770.0,4.20446014404297,10.016900062561,79.9843017656729,5418649.0,0.87462,2723.67121,53.8843002319336,4798.34,54.0029125499893,WB/UNESCO
SVK,2015,34.09,Slovakia,5066.29,29.909,16442.0760860018,33507.7913603774,30147.9903672541,17800.0,33616.7491510062,29400.0,4.56416988372803,10.3434495925903,77.6346820339875,5423801.0,1.15366,2658.90096,52.7206687927246,4905.86,53.8700628001622,WB/UNESCO
SVK,2016,51.32,Slovakia,5485.35,21.29603,16636.0769133073,34116.4502039273,29867.9803390081,16900.0,34035.1648252213,29080.0,3.88375997543335,9.49580001831055,80.475857275668,5430798.0,0.78513,2609.14992,50.3014488220215,5291.75,53.7399327086517,WB/UNESCO
SVK,2017,46.94,Slovakia,5691.88,,17645.5298716761,35042.7858925618,30245.7825869756,16710.0,35073.2213740141,29690.0,3.91876006126404,9.85027980804443,81.6256675172655,5439232.0,0.88153,2803.05136,49.1256103515625,5464.05,53.6126018237016,WB/UNESCO
SVK,2018,74.38,Slovakia,5237.95,,19573.3717031314,36415.7920529507,31509.8187291635,18460.0,36323.3043957619,31000.0,3.93534994125366,9.92531967163086,80.4489224826099,5446771.0,0.83184,3003.38839,47.8138313293457,4974.73,53.4881496935559,WB/UNESCO
SVK,2019,68.93,Slovakia,5845.98,,19406.0589683582,37194.2104548698,33985.6758419661,19230.0,36710.2210364448,33160.0,4.26779985427856,10.4993095397949,82.8536605021784,5454147.0,0.82138,3116.82472,48.1902389526367,5499.66,53.3666558664583,WB/UNESCO
SVK,2020,73.01,Slovakia,5671.55,,19735.4858280801,36201.4863805533,35327.9439165588,19420.0,36150.4783357452,35000.0,4.720290184021,10.607569694519,89.92090413,5458827.0,0.88944,3167.43232,48.3790016174316,5161.36,53.2481998906526,WB/UNESCO
SVK,2021,125.93,Slovakia,5844.28,,22123.3342114545,38330.302743447,38330.302743447,21010.0,37222.7918644122,37220.0,4.71766996383667,10.5073795318603,88.92560523,5447247.0,0.90093,3211.13115,50.7342491149902,5150.0,53.1901479870605,WB/UNESCO
SVK,2022,119.16,Slovakia,5390.39,,21317.7943982363,38648.9855746919,41529.408474315,21890.0,36061.3649421849,40360.0,4.65688991546631,10.8280897140503,89.06766196,5431752.0,0.97686,3387.47411,52.4959106445312,5067.03,53.1902831072528,WB/UNESCO
SVN,2003,47.28,Slovenia,2165.76,22.32808,14711.674874253,32833.9045969454,20915.5593835145,12510.0,33595.4139528574,20690.0,5.75657987594604,12.0988101959228,31.8547930120441,1995733.0,1.25957,1895.25158,69.6047668457031,2148.58,50.7553842628349,WB/UNESCO
SVN,2004,45.1,Slovenia,1935.95,22.66374,17103.8297783905,34304.5565023331,22587.7819716494,15490.0,34756.9296946914,22270.0,5.68693017959595,12.122260093689,40.81,1997012.0,1.38062,2021.91495,73.348876953125,1918.44,50.7124410611224,WB/UNESCO
SVN,2005,36.14,Slovenia,2363.2,22.02685,17969.7095907161,35565.0427189638,23682.3710849153,18180.0,35738.9899026564,23460.0,5.64437007904053,12.0989799499512,46.81,2000474.0,1.42797,2634.49569,81.2728118896484,2331.3,50.648781400021,WB/UNESCO
SVN,2006,37.21,Slovenia,2387.62,21.76796,19563.005059144,37546.4956078863,25571.066947369,19710.0,37478.3513939289,25250.0,5.62207984924316,12.3009099960327,54.01,2006868.0,1.54569,2928.65083,85.2738876342773,2355.5,50.5672552816963,WB/UNESCO
SVN,2007,43.75,Slovenia,2750.26,23.30836,23725.1596001515,40002.7018991991,27468.038850682,21710.0,39767.0552262204,26830.0,5.13660001754761,11.8118295669556,56.74,2018122.0,1.43261,3115.13903,87.2651672363281,2696.54,50.4707127083144,WB/UNESCO
SVN,2008,47.74,Slovenia,3048.87,23.29824,27461.9764165315,41286.3462491223,29460.9414243515,24530.0,40573.7359991109,28690.0,5.13438987731934,11.3648595809937,58.0,2021316.0,1.63465,3477.77233,88.5987091064453,2984.34,50.3620036820409,WB/UNESCO
SVN,2009,40.51,Slovenia,3231.92,24.25137,24501.7897290425,37809.1735513927,27228.6387025436,24260.0,38272.0282012629,26770.0,5.62079000473022,11.2416896820068,64.0,2039669.0,1.83331,3671.25911,87.96533203125,3153.62,50.2439782050416,WB/UNESCO
SVN,2010,50.05,Slovenia,3230.1,24.04664,23329.8417691156,38063.314683572,27579.428605763,24370.0,37731.5817043534,27210.0,5.59362983703613,11.0278196334839,70.0,2048583.0,2.06914,3770.38211,90.2514877319336,3143.3,50.1194862794826,WB/UNESCO
SVN,2011,51.71,Slovenia,3661.52,24.19965,24940.6284841605,38233.2905622851,28715.6339954963,24340.0,37519.8175105469,28320.0,5.58290004730225,10.8593997955322,67.3399948092396,2052843.0,2.4311,4287.95887,87.1887130737305,3554.32,49.9463818748723,WB/UNESCO
SVN,2012,57.75,Slovenia,3561.91,21.23822,22442.1417859955,37040.7082746106,28786.7105517686,23010.0,36031.2237194182,28340.0,5.6702299118042,11.3390598297119,68.3499745287825,2057159.0,2.58339,4330.67354,89.0215606689453,3445.48,49.7619476318359,WB/UNESCO
SVN,2013,36.07,Slovenia,3573.94,20.53375,23236.9655321695,36685.7496645094,29634.0657611471,23040.0,35942.4306457215,29240.0,5.46767997741699,9.47187042236328,72.6756,2059953.0,2.59426,4236.51087,87.8572082519531,3472.87,50.0466580754027,WB/UNESCO
SVN,2014,57.79,Slovenia,3516.41,19.76357,24013.0682060959,37662.2559898098,30571.9753019832,23400.0,37327.9124624671,30300.0,5.34328985214233,10.5688896179199,71.5862515855601,2061980.0,2.38854,4166.88131,84.3780288696289,3375.52,50.983470916748,WB/UNESCO
SVN,2015,37.84,Slovenia,3602.54,19.86943,20697.2748530619,38534.6437425951,31336.2043858881,22080.0,37765.9814188999,30390.0,4.95528984069824,10.0119800567627,73.0986599745829,2063531.0,2.21611,3836.54008,82.1997833251953,3503.69,53.6612160294144,WB/UNESCO
SVN,2016,65.75,Slovenia,3440.93,19.74007,21447.8377796036,39674.8931561968,33575.1775435757,21610.0,39342.3586426084,32800.0,4.84419012069702,10.3266496658325,75.4985042610791,2065042.0,2.02922,3939.83347,79.4747467041016,3360.12,53.647274017334,WB/UNESCO
SVN,2017,54.87,Slovenia,3502.91,,23303.077705959,41700.651085028,36180.0384547624,22040.0,41548.5217361821,35640.0,4.82381010055542,10.8128595352173,78.8854263554775,2066388.0,1.88219,4510.81305,79.2703475952148,3373.97,55.2451133728027,WB/UNESCO
SVN,2018,48.21,Slovenia,3390.46,,25888.0481065655,43369.221946981,38620.2045436305,24510.0,43346.9811035721,38180.0,4.97948980331421,11.3020401000977,79.7499765956562,2073894.0,1.96365,4880.49036,77.3015975952148,3237.85,55.1913430955675,WB/UNESCO
SVN,2019,56.0,Slovenia,3765.7,,25814.1687167572,44577.9418583069,42373.2506369279,25900.0,44623.6685115141,41860.0,4.93479013442993,11.2711896896362,83.1083578026717,2088385.0,2.05725,5060.56961,76.4720077514648,3531.2,55.4523277282715,WB/UNESCO
SVN,2020,71.97,Slovenia,3964.77,,25392.0651093612,42471.5228031277,41767.2579899957,25380.0,43087.7105986643,41690.0,5.41901016235352,10.4621200561523,86.60130109,2102419.0,2.15559,5187.16109,75.8166809082031,3692.85,55.384391784668,WB/UNESCO
SVN,2021,84.63,Slovenia,4471.29,,29192.8401933019,45922.6632600134,45922.6632600134,28320.0,45510.267969437,45510.0,5.39167022705078,10.8063201904297,89.00399524,2108079.0,2.13847,5235.17998,82.2400436401367,4058.0,55.3046289429588,WB/UNESCO
SVN,2022,92.26,Slovenia,4073.69,,28360.3041467268,47058.8865960028,52322.1405997493,29590.0,45105.0682699673,51460.0,5.28065013885498,11.0809497833252,88.91248552,2112076.0,2.1,5370.37458,82.3922576904297,3741.92,55.3377817873563,WB/UNESCO
SWE,2003,300.22,Sweden,14968.22,28.86776,37292.2419727801,50072.4736462925,31787.3765638123,32690.0,51040.109727513,32330.0,6.79678010940552,12.8338298797607,79.13,8958229.0,3.5823,5389.38189,80.4902877807617,14685.93,84.1954289653543,WB/UNESCO
SWE,2004,278.94,Sweden,15467.25,28.46181,42758.0048564929,51960.5321902953,33804.7015981309,39690.0,52123.9119614376,34000.0,6.6729998588562,12.9132299423218,83.89,8993531.0,3.36628,5434.9691,83.0349807739258,15154.19,84.2670710494849,WB/UNESCO
SWE,2005,286.3,Sweden,16626.71,27.5075,43378.4077394363,53198.67120001,34198.2228928173,45690.0,53469.9721458902,34670.0,6.51516008377075,12.7313299179077,84.83,9029572.0,3.3641,6103.30894,81.7390899658203,16312.47,84.3499984741211,WB/UNESCO
SWE,2006,346.52,Sweden,16930.72,26.80146,46531.3762240485,55373.9338115393,37671.4935238976,49090.0,56394.6277169996,38660.0,6.37277984619141,12.7120199203491,87.76,9080505.0,3.47963,6159.34885,79.3352279663086,16547.35,84.4553200620359,WB/UNESCO
SWE,2007,357.3,Sweden,16896.47,26.41938,53568.3057787832,56737.3689179302,40812.608451608,52180.0,58458.4432824052,42060.0,6.18673992156982,12.7656803131103,82.01,9148092.0,3.24176,5026.89783,75.3943710327148,16444.85,84.5906875454778,WB/UNESCO
SWE,2008,344.68,Sweden,16772.64,27.00642,55817.1759726485,55777.3973050094,41906.5013377768,55370.0,57718.5483520554,43380.0,6.38263988494873,12.9236297607422,90.0,9219637.0,3.49083,5468.69683,71.158073425293,16376.65,84.7517366727063,WB/UNESCO
SWE,2009,330.5,Sweden,17638.1,28.09298,46707.6425044751,52950.7103332467,40093.8358794687,52390.0,54439.2756800309,41060.0,6.78425979614258,13.1281204223633,91.0,9298515.0,3.41266,5110.718,71.0115814208984,17476.17,84.9341031919813,WB/UNESCO
SWE,2010,310.72,Sweden,17935.11,29.02195,52542.5759090299,55520.4324178534,41951.2525597117,54380.0,57296.2575631492,43190.0,6.56318998336792,13.193790435791,90.0,9378126.0,3.18756,5279.17412,73.0818328857422,17767.95,85.1334228515625,WB/UNESCO
SWE,2011,405.02,Sweden,18466.61,29.07621,60379.4814599322,56846.1368290625,44332.3063486431,56450.0,58023.5974397359,45340.0,6.40655994415283,13.0481300354004,92.7699860554046,9449213.0,3.20686,5172.47477,71.9184112548828,18275.09,85.3600748880524,WB/UNESCO
SWE,2012,410.95,Sweden,19421.58,25.28107,57749.5615420853,56193.3287488246,45206.780102677,58840.0,57288.2637037663,46260.0,7.57456016540527,15.0750799179077,93.1799880065108,9519374.0,3.24636,5196.71759,68.742301940918,19205.78,85.6250668883122,WB/UNESCO
SWE,2013,437.9,Sweden,20023.76,25.42273,60843.9888799369,56353.0856347897,46098.0140634307,61530.0,57379.8422708101,47160.0,7.6465802192688,14.8873195648193,94.7836,9600379.0,3.27557,6717.6193,65.7820892333984,19860.59,85.9249771259894,WB/UNESCO
SWE,2014,526.09,Sweden,21042.01,25.27111,59583.4584491714,57077.6693544196,46841.2010746944,61350.0,58110.8680557597,47820.0,7.62924003601074,15.0450096130371,92.5236065037579,9696110.0,3.12457,6909.46438,64.9541931152344,20762.61,86.2563838747314,WB/UNESCO
SWE,2015,574.2,Sweden,21197.56,24.91335,51188.1652120493,58955.6412361461,48762.7456496975,57900.0,59459.6021461108,49110.0,7.49442005157471,15.186710357666,90.6101966398616,9799186.0,3.24088,6846.13413,66.4283218383789,20900.35,86.6158654081858,WB/UNESCO
SWE,2016,524.46,Sweden,21161.98,24.08663,51703.5088332851,59460.2872722689,50176.3328538836,53850.0,59797.4646490182,50310.0,7.63991022109985,15.4641704559326,89.6509476102355,9923085.0,3.25643,7143.443,68.306037902832,20912.37,87.0,WB/UNESCO
SWE,2017,536.0,Sweden,21174.66,,53210.2233318965,59769.0136237,51386.5907915775,52240.0,60647.4052050656,52120.0,7.63849020004272,15.5369501113892,93.0062669652127,10057698.0,3.39374,7316.6476,70.4342498779297,21054.18,87.237373786911,WB/UNESCO
SWE,2018,611.73,Sweden,21255.37,,54018.4554391861,60124.5711994179,52962.1832555021,54930.0,60986.4752981302,53920.0,7.69825983047485,15.5150499343872,89.2469631588137,10175214.0,3.34602,7425.66896,73.4083786010742,20850.05,87.4737430925296,WB/UNESCO
SWE,2019,585.43,Sweden,21466.94,,51648.9892820514,61070.5243445838,56909.753155728,56100.0,62701.5530293107,58570.0,7.66307020187378,15.7452297210693,94.4934434072202,10278887.0,3.39847,7685.83827,75.1148529052734,20887.94,87.7088420242759,WB/UNESCO
SWE,2020,555.43,Sweden,21766.86,,52568.5726980146,59458.2805291969,57396.2588780383,54590.0,61442.3287577152,59440.0,7.95333003997803,15.3117399215698,94.53943122,10353442.0,3.50181,7754.64384,79.1196365356445,21153.6,87.9424046895699,WB/UNESCO
SWE,2021,590.97,Sweden,22723.69,,60647.5416365347,62190.8526983825,62190.8526983825,59840.0,64541.8238722425,64540.0,7.60224008560181,15.549150466919,94.6703163,10415811.0,3.41565,8159.79705,85.9426193237305,22021.79,88.1741651958315,WB/UNESCO
SWE,2022,630.81,Sweden,22353.75,,54836.8907235124,62544.5002248644,66517.6358713011,61930.0,64526.9249840875,69270.0,7.31909990310669,15.2760496139526,95.00970335,10486941.0,3.47239,8639.24439,83.8976135253906,21514.5,88.4038576504809,WB/UNESCO
SWZ,2003,0.0,Eswatini,6.6,25.51797,2015.21743065251,6578.30152863605,5020.28286274874,1600.0,,4920.0,5.81677007675171,22.0638198852539,2.43707385055863,1066700.0,,,,6.6,22.4312316968119,WB/UNESCO
SWZ,2004,0.0,Eswatini,11.85,26.63646,2525.5640452625,6775.2217412302,5309.60507882251,2020.0,,5310.0,5.40160989761353,21.1040706634521,3.22868507316111,1073159.0,,,5.39188003540039,11.85,22.3077107838089,WB/UNESCO
SWZ,2005,0.0,Eswatini,12.7,23.94046,2871.06877437449,7142.1921864324,5772.68986510213,2880.0,,6100.0,6.48462009429932,20.8918590545654,3.697000027,1079022.0,,,4.7824501991272,13.7,22.2102447619336,WB/UNESCO
SWZ,2006,0.01,Eswatini,10.26,21.31296,2964.95865200682,7584.72030617794,6319.41444311917,3090.0,,6350.0,6.55475997924805,22.7075691223144,3.69653878906882,1084436.0,,,4.6042799949646,11.26,22.1505527018245,WB/UNESCO
SWZ,2007,0.0,Eswatini,6.96,,3109.11097608864,7866.73073455273,6731.95411339232,3250.0,,6810.0,,,4.1,1090705.0,,,,7.29,22.139989967508,WB/UNESCO
SWZ,2008,0.0,Eswatini,9.36,21.55277,2946.8606613746,7926.37961138221,6913.68732695793,3160.0,,6900.0,6.61812019348145,21.8132400512695,6.85,1098091.0,,,,10.69,22.1692008829856,WB/UNESCO
SWZ,2009,0.1,Eswatini,11.94,21.82487,3189.79679956637,7988.59750005303,7010.93312642177,3120.0,,6860.0,6.47135019302368,19.3863792419434,8.94,1105153.0,,,,13.96,22.2343865624794,WB/UNESCO
SWZ,2010,0.0,Eswatini,20.5,16.56769,3922.74039390733,8245.64153332215,7324.46393061903,3260.0,,6940.0,6.11837005615234,18.2830295562744,11.04,1111650.0,,,,21.87,22.3330792067471,WB/UNESCO
SWZ,2011,0.0,Eswatini,20.81,12.83894,4225.06049411911,8350.89190932865,7570.9966142438,3620.0,,7100.0,6.86432981491089,22.3339290618896,18.13,1117833.0,,,7.02840092827937,21.18,22.4634753665393,WB/UNESCO
SWZ,2012,0.17,Eswatini,15.62,,4224.54789174487,8645.84478287802,7760.32280456285,4010.0,,7240.0,5.59328219778155,21.4377595434245,20.78179932,1123863.0,,,,16.91,22.6237715926065,WB/UNESCO
SWZ,2013,1.0,Eswatini,17.34,,3949.94310039907,8951.05749805891,8231.15139767951,4120.0,9245.25707616996,7870.0,5.08461029694871,17.2339964069829,24.70000076,1129990.0,,,6.43545771863543,19.03,22.8121644356992,WB/UNESCO
SWZ,2014,1.0,Eswatini,10.71,13.33282,3771.07228381938,9084.49405780635,8365.743287389,3890.0,9233.59730072951,8000.0,7.28094005584717,24.7954406738281,25.0,1136299.0,,,,11.15,23.026850446568,WB/UNESCO
SWZ,2015,0.0,Eswatini,15.25,,3419.82276559528,9186.65344720515,8391.07006084602,3540.0,9580.33704251319,8050.0,5.35494723006471,16.4153878428853,25.64299965,1142813.0,0.27807,137.91577,,15.97,23.2660261759632,WB/UNESCO
SWZ,2016,0.0,Eswatini,18.78,,3238.17611961364,9402.50834103681,8484.12117278345,3270.0,9681.14099609339,8020.0,5.43355309210979,16.5549111270287,28.56999969,1149507.0,,,,17.98,23.5278881746356,WB/UNESCO
SWZ,2017,0.01,Eswatini,28.79,,3853.09956569679,9660.55161538086,8584.31100767837,3290.0,9630.91776868442,8020.0,6.177914116856,18.6662750914785,35.33160019,1158195.0,,,,29.07,23.8052004963161,WB/UNESCO
SWZ,2018,0.07,Eswatini,29.4,,3972.65450620357,9578.10061089805,8535.25593160454,3460.0,9297.41596439528,7950.0,5.73687354676617,17.2210118266549,39.38100052,1168929.0,,,,28.84,24.0579295404227,WB/UNESCO
SWZ,2019,0.33,Eswatini,33.67,,3913.14577547336,10099.5863118406,9248.32206714455,3680.0,9552.92473831452,8280.0,5.69914824136892,18.5068975878254,43.93389893,1179874.0,,,,33.71,24.3459549517751,WB/UNESCO
SWZ,2020,0.5,Eswatini,36.63,,3466.56936278145,9695.82498058755,9329.30453360939,3430.0,9311.63038845829,8460.0,5.32546270122803,15.8905396021243,49.01300049,1192729.0,,,,35.2,24.6652798922192,WB/UNESCO
SWZ,2021,0.58,Eswatini,39.75,,3984.00229174306,9990.43491951205,9990.43491951205,3620.0,9237.01564522606,9240.0,5.28714899285221,15.340870018605,53.99530029,1206593.0,,,,38.27,25.0156180525173,WB/UNESCO
SWZ,2022,0.75,Eswatini,43.19,,3894.1620089869,9927.60567008139,10633.7069148254,3650.0,9160.66080107451,9790.0,5.57274175738511,16.620931006141,57.34370041,1218917.0,,,,43.57,25.396682918542,WB/UNESCO
SYC,2003,0.0,Seychelles,9.6,,9070.28460757013,18825.2206936189,14141.723004571,8000.0,17754.2286553089,13330.0,5.05177021026611,12.0431995391846,14.5925043169492,82781.0,0.38707,,,9.6,43.0049328648162,WB/UNESCO
SYC,2004,0.17,Seychelles,5.04,,10827.671636033,18356.4711447212,14160.4071687108,9870.0,18557.7157017518,14310.0,,,24.2721392249906,82475.0,0.32574,,,5.04,42.9237756892027,WB/UNESCO
SYC,2005,0.0,Seychelles,4.91,,11802.1118276833,19917.1194534221,15846.0514028252,11850.0,20124.7630530757,16000.0,,,25.4132681462836,82858.0,0.28393,146.54162,,4.91,42.8510349075107,WB/UNESCO
SYC,2006,0.0,Seychelles,8.76,17.89537,12782.9938926475,21341.8597526003,17503.1964982755,13380.0,21554.5598217559,17670.0,4.48331022262573,10.9545202255249,34.95197117065,84600.0,,,,8.76,42.7880431397027,WB/UNESCO
SYC,2007,1.88,Seychelles,12.34,,12669.3026687222,23117.8555224771,19473.4206745995,12890.0,21597.0583510795,18190.0,,,38.38,85033.0,,,,12.17,42.7361330057413,WB/UNESCO
SYC,2008,0.0,Seychelles,10.65,,11265.4376270005,21990.3685269705,18880.5748555784,11520.0,20232.6534208088,17360.0,,,40.44,86956.0,,,,10.65,42.696637125589,WB/UNESCO
SYC,2009,0.63,Seychelles,6.56,,9747.09180546291,21361.1307875284,18453.44107322,10310.0,19979.1714305656,17260.0,,,,87298.0,,,,6.56,42.6708881192085,WB/UNESCO
SYC,2010,0.13,Seychelles,12.83,,10934.79494629,21708.7554506566,18981.6586497241,10160.0,20518.9490975257,17940.0,,,41.0,89770.0,,,,12.83,42.660307244583,WB/UNESCO
SYC,2011,0.17,Seychelles,9.7,,12110.0937461973,24406.4129764105,21780.7075576057,11150.0,22711.0794750396,20270.0,3.62995004653931,10.3683004379272,43.16400146,87441.0,,,2.91756715035505,9.7,42.6739844860866,WB/UNESCO
SYC,2012,0.0,Seychelles,10.0,1.69234,12337.1554669388,24919.955210328,22263.822159947,12540.0,24846.4496130956,22200.0,2.54216003417969,6.77966976165771,47.07600021,88303.0,,,1.55593589544111,9.62,42.7261758463169,WB/UNESCO
SYC,2013,0.17,Seychelles,16.91,1.35168,14821.2921476077,24770.6514591794,22487.2497747,12350.0,23238.5281488627,21100.0,3.61840009689331,9.53662967681885,50.40000153,89949.0,,,3.50154479917611,15.53,42.815069634181,WB/UNESCO
SYC,2014,0.0,Seychelles,9.64,1.12681,15188.1902175113,25379.4180707013,24984.526915426,13340.0,23783.538147887,23400.0,3.95247006416321,11.8409996032715,51.25469971,91359.0,,,7.29119296649992,9.64,42.9386256186342,WB/UNESCO
SYC,2015,0.0,Seychelles,19.11,,15333.1051727105,27032.2083880002,25435.2289894362,14750.0,25487.7946275638,23960.0,4.91460990905762,15.5924196243286,54.25960159,93419.0,,,16.4973007303906,18.47,43.094803568632,WB/UNESCO
SYC,2016,0.0,Seychelles,12.2,21.63562,16566.9946042294,29905.1347389952,28811.3970334958,15630.0,27902.8381442009,26810.0,4.0213098526001,11.6648302078247,56.51470184,94677.0,0.2017,,25.6358902463449,12.2,43.2815632531296,WB/UNESCO
SYC,2017,0.38,Seychelles,11.95,,17480.3651911372,31595.6680570505,30674.6487335442,16180.0,29499.0036575403,28610.0,3.34617325657655,10.2598304003339,62.55310059,95843.0,,,42.2082018927445,12.01,43.4968644410824,WB/UNESCO
SYC,2018,0.17,Seychelles,11.02,,18440.2340460932,32841.4242467381,32091.2988657346,17620.0,31249.0869413283,30560.0,3.59446940668662,10.5146202166016,69.23660278,96762.0,,,38.8581314878893,10.57,43.7386669014459,WB/UNESCO
SYC,2019,0.28,Seychelles,11.12,,19141.5118743615,34346.0708923483,34219.061370118,18700.0,32951.58314817,32850.0,3.5588555711461,11.130556515303,76.63420105,97625.0,,,41.2970430107527,10.62,44.0049304031754,WB/UNESCO
SYC,2020,0.0,Seychelles,30.3,,14041.4754074575,30056.1994300968,31055.9442055039,15400.0,28915.6164206257,29950.0,4.18704837049316,9.16800507042633,79.25170135,98462.0,,,26.934264107039,26.55,44.2936147152263,WB/UNESCO
SYC,2021,0.1,Seychelles,21.79,,14982.9111487767,29979.8272686091,29979.8272686091,14890.0,28598.4509599883,28600.0,4.86547351368626,10.4837460475179,81.99530029,99258.0,,,26.8701526144608,19.69,44.6026796065539,WB/UNESCO
SYC,2022,0.48,Seychelles,20.24,,16682.6990711785,27275.6883819803,29215.6725189214,14390.0,27561.9668998523,28290.0,3.65858904774836,10.6487628679669,84.83380127,119878.0,,,13.930414075936,21.64,44.9108209981157,WB/UNESCO
SYR,2003,0.0,Syria,104.24,22.30566,1220.179077256,8351.46523749691,,1120.0,,,6.48086023330688,19.8554000854492,3.39797261356623,17889296.0,,,13.2320003509522,101.9,53.1024010548332,WB/UNESCO
SYR,2004,0.0,Syria,135.8,24.82162,1368.11263904001,8710.00892967907,,1260.0,,,5.37147998809815,17.1453990936279,4.32159377785571,18336875.0,,,15.2420597076416,137.47,53.5,WB/UNESCO
SYR,2005,0.0,Syria,145.5,,1533.90017615946,9016.72035122178,,1390.0,,,,,5.648099899,18814091.0,,,18.2976398468018,144.5,53.8227202374695,WB/UNESCO
SYR,2006,1.25,Syria,134.43,19.84422,1718.78469956591,9074.77248149943,,1520.0,,,5.27966022491455,20.0484790802002,7.832600117,19637022.0,,,20.8499908447266,134.26,54.059770380523,WB/UNESCO
SYR,2007,0.0,Syria,154.12,21.33539,1937.61199094087,9017.08718303559,,1670.0,,,4.86469984054565,18.9259300231934,11.5,20884125.0,,,21.3354091644287,155.03,54.2883969431774,WB/UNESCO
SYR,2008,0.0,Syria,202.05,24.94433,2429.1247629459,9093.12956891463,,1950.0,,,4.59525012969971,20.0407905578613,14.0,21636564.0,,,21.8033008575439,202.05,54.5858464394493,WB/UNESCO
SYR,2009,0.0,Syria,158.98,24.22278,2462.20127278738,9481.56997895749,,2250.0,,,5.13012981414795,19.1840496063232,17.3,21976969.0,,,22.903039932251,154.51,55.0293653833552,WB/UNESCO
SYR,2010,0.5,Syria,232.2,,2730.61487784917,9749.57445219825,,2480.0,,,,,20.7,22482421.0,,,24.7345008850098,228.67,55.6962002889119,WB/UNESCO
SYR,2011,0.0,Syria,267.35,,2952.14372909443,9854.03380162757,,2600.0,,,,,22.5,22878098.0,,,24.5282592773438,263.16,58.4817704183521,WB/UNESCO
SYR,2012,0.0,Syria,300.7,,1897.66115018696,7296.32886794228,,1980.0,,,,,24.30010033,22759763.0,,,28.8359394073486,300.35,65.0896662830335,WB/UNESCO
SYR,2013,0.25,Syria,247.36,,985.892669221634,5648.60213025874,,1270.0,,,,,26.20000076,21666917.0,,,31.4127197265625,241.66,73.0620491886137,WB/UNESCO
SYR,2014,1.0,Syria,236.44,,1060.59105887433,5414.37509688242,,1070.0,,,,,28.09000015,20273659.0,,,44.4609794616699,231.53,76.0,WB/UNESCO
SYR,2015,0.0,Syria,269.4,,847.731545352582,5414.83905242808,,900.0,,,,,29.97979927,19424618.0,0.01942,83.04849,47.8358993530273,260.88,75.7529067188542,WB/UNESCO
SYR,2016,0.0,Syria,277.7,,656.349017520952,5128.91822862296,,750.0,,,,,31.8696003,19193834.0,,,43.7606582641602,272.13,75.15400963398,WB/UNESCO
SYR,2017,0.42,Syria,258.29,,851.501972646386,5083.65173888422,3265.07016871603,720.0,,3150.0,,,32.70000076,19224668.0,,,,250.17,74.5395596323392,WB/UNESCO
SYR,2018,0.0,Syria,308.59,,1098.06667935023,5061.49399424562,3455.89168825346,810.0,,3330.0,,,33.77000046,19577845.0,,,,300.74,74.0612602381775,WB/UNESCO
SYR,2019,0.0,Syria,345.94,,1109.53933821464,4928.02885412028,3502.17536117799,970.0,,3370.0,,,,20353534.0,,,,332.84,73.8248788261986,WB/UNESCO
SYR,2020,0.54,Syria,475.52,,593.911771822527,4810.61072632598,3878.42802993832,820.0,,3720.0,,,,21049429.0,,,,480.36,73.4125031102512,WB/UNESCO
SYR,2021,0.33,Syria,543.34,,688.566109726934,4765.52911357702,4765.52911357702,730.0,4598.68303205814,4600.0,,,,21628839.0,,,,538.61,73.0125007629395,WB/UNESCO
SYR,2022,1.9,Syria,584.3,,1056.78264718197,4579.43973633341,4905.15252202552,720.0,,4740.0,,,,22462173.0,0.04217,139.93785,,584.87,72.6124992370605,WB/UNESCO
TCD,2003,0.0,Chad,4.54,,289.087621122168,1878.58578618822,1377.7465956477,210.0,2145.59163555071,1210.0,,,0.320308555366775,9487833.0,,,0.942139983177185,4.54,21.7207031172239,WB/UNESCO
TCD,2004,0.0,Chad,11.52,17.58674,445.850767157087,2400.97004978207,1808.21202175821,330.0,,1600.0,1.59294998645782,11.0319004058838,0.360920107034467,9920036.0,,,1.20975995063782,11.52,21.7377792120134,WB/UNESCO
TCD,2005,0.0,Chad,9.04,18.73033,838.092107712557,2705.81650832729,2101.69135977726,510.0,2398.50373554173,1850.0,1.30189001560211,14.6728200912476,0.399257700084004,10328092.0,,,1.4159699678421,9.04,21.7519046977973,WB/UNESCO
TCD,2006,0.0,Chad,9.91,,906.897260572747,2596.03235455456,2078.6016703773,630.0,2389.12555721388,1820.0,,,0.581045764229641,10706424.0,,,,9.91,21.7629797848529,WB/UNESCO
TCD,2007,0.0,Chad,4.32,,980.483531485103,2613.47387385767,2149.25986043836,820.0,2460.47445839123,1910.0,,,0.847224520710968,11081660.0,,,,4.32,21.7709046834576,WB/UNESCO
TCD,2008,0.0,Chad,6.21,,1166.36883453841,2601.36125803883,2180.51680425434,910.0,2506.64200610552,1910.0,,,1.19,11476296.0,,,1.95048999786377,4.88,21.7755796038887,WB/UNESCO
TCD,2009,0.0,Chad,9.3,12.37664,1035.63719694254,2474.70758352529,2087.14718680647,1020.0,2442.68435576158,2020.0,1.74366998672485,8.82818031311035,1.5,11893754.0,,,2.01651000976562,8.05,21.7784396568755,WB/UNESCO
TCD,2010,0.0,Chad,3.84,19.75874,1141.80069268412,2717.40540181819,2319.68883177376,1150.0,2848.74353777436,2260.0,1.50397002696991,8.1192798614502,1.700000048,12312575.0,,,2.0962732183809,3.84,21.8472378191095,WB/UNESCO
TCD,2011,0.0,Chad,7.06,16.28402,1308.1421872538,2741.0708339941,2388.16512149441,1190.0,2903.07181693386,2340.0,1.64717996120453,10.0832595825195,1.899999976,12754997.0,,,2.21312898390939,7.06,21.9558736797638,WB/UNESCO
TCD,2012,0.0,Chad,4.56,30.25849,1354.34344701937,2886.27474563619,2435.1240819184,1310.0,3097.22777377212,2390.0,1.52493000030518,9.21240997314453,2.099999905,13210998.0,,,,4.56,22.1061904148178,WB/UNESCO
TCD,2013,0.0,Chad,5.01,31.70084,1304.88742971475,2864.11301407361,2110.24705136988,1310.0,2966.01567504616,2040.0,2.06696009635925,12.4614601135254,2.5,13691079.0,,,,5.08,22.2975929852391,WB/UNESCO
TCD,2014,0.0,Chad,8.66,,1278.78981422494,2820.67795066663,2133.18441198787,1260.0,2817.45923322006,2060.0,2.32031229563021,,2.900000095,14188678.0,,,3.38820626861646,8.66,22.5294513486009,WB/UNESCO
TCD,2015,0.0,Chad,9.36,,993.990730610869,2822.57929900014,2377.51137185751,1130.0,2729.966307829,2320.0,2.34283149521162,,3.5,14647621.0,,,3.22750677590433,8.61,22.8011258828974,WB/UNESCO
TCD,2016,0.08,Chad,10.64,,861.831767630746,2622.59780844501,2120.08751553857,940.0,2437.17157660182,2090.0,2.38847586229946,,5.800000191,15114655.0,0.23294,56.72121,,10.64,23.1119734707179,WB/UNESCO
TCD,2017,0.23,Chad,15.12,,854.46120040098,2496.26213643158,2097.14425483604,830.0,2361.8964821862,2080.0,1.8390200138092,16.3627490997314,6.351900101,15622759.0,,,,15.12,23.461349471105,WB/UNESCO
TCD,2018,0.0,Chad,16.89,,948.656629871231,2552.37036387707,2227.81335372611,890.0,2507.01805824984,2200.0,2.25947501392013,,6.956299782,16156531.0,,,,15.77,23.8486084924975,WB/UNESCO
TCD,2019,0.0,Chad,14.33,,893.336441643325,2604.53153661789,2351.65339767739,930.0,2512.29466183358,2350.0,2.37245795383591,14.2137900389947,7.618199825,16685223.0,,,,16.32,24.2731047386633,WB/UNESCO
TCD,2020,0.0,Chad,13.56,,866.947814890409,2513.02922729305,2185.99034173537,890.0,2310.81832782203,2180.0,2.73960390423748,11.6715060004173,8.343099594,17224679.0,,,4.39665967267065,18.49,24.7341921795416,WB/UNESCO
TCD,2021,0.25,Chad,24.68,,946.358500208374,2435.07274651099,2435.07274651099,890.0,2424.13965284585,2420.0,2.01648998260498,15.4477100372315,9.653699875,17828273.0,,,,27.43,25.2312246423075,WB/UNESCO
TCD,2022,0.0,Chad,28.87,,966.036468278568,2449.48251052296,2623.702025997,920.0,2521.28362003261,2510.0,2.6016118897064,16.7226097517041,11.17029953,18455316.0,,,,37.07,25.7635558629694,WB/UNESCO
TGO,2003,0.0,Togo,26.0,,579.728195854724,2407.5857838237,1551.05235511945,510.0,2436.12236146568,1540.0,2.35525989532471,27.7564296722412,1.2,5154112.0,,25.90716,,26.0,34.4513989657696,WB/UNESCO
TGO,2004,0.0,Togo,24.1,,604.311329116751,2326.60102463281,1539.1852660207,570.0,2324.79483065995,1520.0,2.20198011398315,21.8306903839111,1.5,5281320.0,,24.36325,,24.1,34.9007435603688,WB/UNESCO
TGO,2005,1.92,Togo,24.98,,595.200212014134,2164.01599552728,1476.5135470266,590.0,2116.00735903082,1460.0,2.23748993873596,17.6780796051025,1.799999952,5413154.0,,32.23686,,24.98,35.3487650305291,WB/UNESCO
TGO,2006,0.0,Togo,29.75,,596.249203137762,2158.94393995769,1518.47941634917,600.0,2089.10363484339,1500.0,2.43236994743347,17.2866497039795,2.0,5569664.0,,22.97503,4.9507098197937,29.75,35.795057579151,WB/UNESCO
TGO,2007,0.0,Togo,29.79,21.43496,654.083697666439,2067.21836135015,1493.35648222524,610.0,2014.44965282731,1480.0,2.48604011535644,18.15452003479,2.200000048,5748443.0,,35.399,5.5628399848938,29.45,36.2392154091353,WB/UNESCO
TGO,2008,0.0,Togo,43.83,20.10267,771.351190404751,2082.64201553182,1533.4858334353,680.0,2070.68177957078,1530.0,2.38472008705139,19.2456607818604,2.400000095,5936138.0,,,,43.75,36.6808327233827,WB/UNESCO
TGO,2009,0.2,Togo,42.37,14.44607,770.172869777254,2126.4413192509,1575.39318666193,760.0,2123.31448311498,1570.0,2.76807999610901,19.3719806671143,2.599999905,6130946.0,,,,42.37,37.1195037247939,WB/UNESCO
TGO,2010,0.5,Togo,48.88,16.73141,750.323421086121,2181.59889262038,1635.89932934195,790.0,2155.27698650913,1630.0,2.95976996421814,19.6157608032227,3.0,6325788.0,0.16962,33.17308,8.90678270945479,49.88,37.5545882975638,WB/UNESCO
TGO,2011,0.0,Togo,48.88,16.02238,834.14671980279,2246.56204522679,1719.36817084931,850.0,2335.658329864,1790.0,3.07750010490417,16.9037895202637,3.5,6500582.0,,33.30328,9.66968081043628,48.55,37.9872305648732,WB/UNESCO
TGO,2012,0.0,Togo,44.02,18.3499,813.611525037432,2333.19276737886,1755.85027326292,840.0,2328.95504349905,1760.0,3.37651991844177,17.6804294586182,4.0,6653718.0,0.15973,34.58561,10.7079137745625,43.95,38.4194359598204,WB/UNESCO
TGO,2013,0.0,Togo,56.57,22.20916,885.698522723929,2416.37805101152,1838.12921973277,890.0,2415.80797005825,1850.0,3.17475008964539,15.4976797103882,4.5,6798848.0,,,10.8397865677878,55.77,38.8516767884103,WB/UNESCO
TGO,2014,0.0,Togo,75.07,21.68921,921.539748631461,2501.43253092917,1942.14838585312,910.0,2514.97968229617,1960.0,3.4237699508667,15.63267993927,5.699999809,6937644.0,0.19074,36.81025,10.5384945175632,75.07,39.2839506458368,WB/UNESCO
TGO,2015,0.0,Togo,69.89,17.32638,813.894676975085,2588.27260980499,2036.94563630408,910.0,2664.56782926314,2090.0,3.71096992492676,16.2116394042969,7.119999886,7071502.0,,34.96857,10.8146472215817,68.55,39.7162551272934,WB/UNESCO
TGO,2016,0.65,Togo,67.17,17.9328,843.114204338675,2648.90084835076,2109.39271418563,870.0,2647.69385492265,2120.0,3.6624801158905,15.9913101196289,11.31000042,7200884.0,,31.14208,12.0913340463942,65.19,40.1485878279739,WB/UNESCO
TGO,2017,0.4,Togo,66.29,17.74125,872.076408845752,2708.61122396846,2184.16434341899,850.0,2696.0444067167,2190.0,3.76526999473572,23.1400394439697,12.3602249692905,7324386.0,,37.49789,12.3068653432672,68.04,40.5809463430719,WB/UNESCO
TGO,2018,0.25,Togo,85.31,,942.480774393154,2787.56398409759,2288.9476039266,920.0,2777.55727326973,2300.0,4.09162998199463,21.7690906524658,15.5,7458206.0,,46.47372,12.9031599603185,82.36,41.013328267781,WB/UNESCO
TGO,2019,1.08,Togo,90.69,,917.718016777619,2862.62661160331,2459.85658494292,950.0,2857.90765727291,2470.0,4.20164196626882,19.2347839695385,20.72730064,7619925.0,,45.29645,13.1551472123617,99.49,41.445731197295,WB/UNESCO
TGO,2020,1.01,Togo,90.22,,961.219781201934,2861.29796240513,2653.96061995284,970.0,2874.77283950165,2670.0,4.08528017372931,18.1434528739699,29.02370071,7788054.0,,44.10873,14.9029897765252,109.88,41.8781527268075,WB/UNESCO
TGO,2021,1.2,Togo,107.38,,1076.29520076949,2952.09730066985,2952.09730066985,1040.0,2958.54108406877,2960.0,4.22702442483079,17.4534236455191,30.33839989,7936176.0,,43.68693,,123.02,42.3105904515122,WB/UNESCO
TGO,2022,0.63,Togo,134.74,,1071.61539220759,3086.40878742334,3305.92970304109,1130.0,3106.58688231032,3310.0,3.77811083266775,14.4758197870089,35.60749817,8068616.0,,43.2285,,152.62,42.7332327975627,WB/UNESCO
THA,2003,3.63,Thailand,2370.8,,2347.54001286066,13288.7481561137,8824.06945002031,2170.0,,8460.0,3.72561001777649,20.8663501739502,9.29902723805965,64868166.0,0.24534,280.52762,41.1551513671875,2363.46,35.4270354382579,WB/UNESCO
THA,2004,6.07,Thailand,2795.66,20.61293,2641.56268717857,13998.521730812,9545.3381381686,2520.0,,9130.0,4.03088998794556,21.457670211792,10.6773033237281,65452047.0,0.23828,,42.1445999145508,2789.18,36.785516284484,WB/UNESCO
THA,2005,8.88,Thailand,3666.24,21.68546,2867.70383436062,14459.825626203,10169.0453610801,2770.0,,9710.0,3.93859004974365,20.5468196868896,15.0260043588909,66017420.0,0.21889,311.93079,44.3367195129395,3650.66,38.1301594392881,WB/UNESCO
THA,2006,5.75,Thailand,4425.92,23.7406,3331.32043511773,15052.6955101059,10912.4427926958,3070.0,,10510.0,4.05038022994995,22.0027904510498,17.1607147169285,66567687.0,0.23271,,44.1761817932129,4390.81,39.4424037014582,WB/UNESCO
THA,2007,11.18,Thailand,4728.42,,3918.52817434581,15744.3652449147,11723.0995583744,3480.0,,11320.0,3.60314989089966,18.4846706390381,20.03,67102394.0,0.2008,320.05038,47.55419921875,4683.97,40.7036878697821,WB/UNESCO
THA,2008,12.36,Thailand,5490.98,21.176,4309.13509292986,15893.5084947968,12062.1598747558,3900.0,,11620.0,3.50850009918213,18.1628494262695,18.2,67619830.0,0.20331,,46.3521308898926,5446.94,41.8954507430475,WB/UNESCO
THA,2009,10.68,Thailand,6046.99,19.31806,4135.43986952819,15667.6047343164,11964.0529468916,4060.0,,11540.0,3.86193990707398,18.1783008575439,20.1,68121080.0,0.23455,324.12834,46.2023391723633,5976.5,42.9991311200422,WB/UNESCO
THA,2010,12.43,Thailand,6801.56,16.50964,4973.86288823778,16732.187029014,12932.263344023,4490.0,,12390.0,3.50846004486084,16.222620010376,22.4,68579447.0,,,46.3783774485726,6726.08,44.0018736622496,WB/UNESCO
THA,2011,18.54,Thailand,7243.97,14.91674,5373.6232832898,16768.1688542486,13227.454108915,4840.0,,12910.0,4.80556011199951,22.6302394866943,23.669925618731,69007208.0,0.36146,528.55687,52.7332765596589,7151.18,44.8048723557374,WB/UNESCO
THA,2012,27.24,Thailand,7563.51,14.41514,5725.52802835463,17871.5786477565,14616.6497925392,5400.0,,13950.0,4.53672981262207,21.3967990875244,26.46,69436098.0,,,50.7403100613359,7386.85,45.373565813715,WB/UNESCO
THA,2013,15.92,Thailand,7580.72,15.55332,6018.08244729255,18244.4071505088,15215.9492506383,5580.0,,14240.0,4.12401008605957,19.1255207061768,28.94,69845114.0,0.44163,773.81018,49.6879408184566,7347.29,45.8321343847773,WB/UNESCO
THA,2014,19.84,Thailand,8203.92,,5801.1978916205,18326.604873747,15365.3175402829,5620.0,,14570.0,3.91917751852112,20.5354099009901,34.8860535783465,70216367.0,0.47988,941.80061,49.9091820021394,7985.88,46.3138799467897,WB/UNESCO
THA,2015,42.65,Thailand,8535.21,,5688.85335397884,18814.0408554566,15791.1714762207,5560.0,,14980.0,3.86397622727286,20.6230990291262,39.3161267365004,70540795.0,0.61609,844.08077,45.713134717198,8242.71,46.9521043776171,WB/UNESCO
THA,2016,29.59,Thailand,9584.81,,5833.57715617098,19372.7128024107,16671.2506902144,5550.0,,15890.0,3.76761756770937,19.8021649855908,47.5049656215909,70859841.0,0.77829,1179.07394,49.3227291503798,9263.53,47.8801095551247,WB/UNESCO
THA,2017,32.27,Thailand,11108.45,,6413.09182530343,20096.8605455164,17573.339815536,5800.0,,16790.0,3.46532147640365,18.3623674307219,52.8919293439676,71160187.0,1.00165,1315.74983,47.427491541895,10703.28,49.2311973571777,WB/UNESCO
THA,2018,39.05,Thailand,12784.69,,7099.77650081458,20882.1707419576,18876.2208766741,6430.0,,17960.0,3.19769395901619,17.1662098360656,56.8174809301456,71376079.0,1.11375,1712.15367,46.1667791174286,12223.64,54.5843734741211,WB/UNESCO
THA,2019,49.92,Thailand,13620.48,,7605.69657797759,21280.1504518601,19963.3918407099,7070.0,,19270.0,3.02221411183282,17.0142333333333,66.6524194587528,71522271.0,1.14317,1744.16222,44.9880040072053,12304.3,55.9266166687012,WB/UNESCO
THA,2020,43.84,Thailand,14020.33,,6983.03412836245,19950.2844063147,19156.5820127644,6910.0,,18780.0,3.15314171737183,15.431959375,77.84374066,71641484.0,1.32818,2018.34788,42.5900878816865,13335.96,57.2358779907227,WB/UNESCO
THA,2021,59.77,Thailand,16705.46,,7055.18760721422,20236.9760408784,20236.9760408784,7100.0,19572.218556723,19570.0,2.98212428478268,14.691722834279,85.26956666,71727332.0,1.20822,1695.79586,43.4690405127808,15679.41,58.5087776184082,WB/UNESCO
THA,2022,145.36,Thailand,18490.53,,6910.00995211206,20768.4800093577,22245.6387597542,7220.0,,21560.0,2.61187022798634,14.6416516129032,87.97724503,71735329.0,1.15902,1863.07585,43.29484965617,17363.34,59.742374420166,WB/UNESCO
TJK,2003,0.0,Tajikistan,32.72,7.7825,233.58124845289,1736.64039749855,1395.64684231545,210.0,4013.79029877183,1330.0,2.42078995704651,12.7082395553589,0.0645837771508553,6658575.0,0.06885,,18.3057403564453,32.72,26.5331204386766,WB/UNESCO
TJK,2004,0.0,Tajikistan,40.65,5.35162,305.745158587502,1878.28696227255,1550.07202045109,260.0,4526.93047236351,1510.0,2.77203011512756,13.709659576416,0.0774799071356825,6790547.0,0.06697,,19.5840606689453,40.65,26.5327772632159,WB/UNESCO
TJK,2005,0.0,Tajikistan,33.19,7.38621,333.927150941684,1965.30020458256,1672.73374994938,370.0,5719.53526537792,1920.0,3.51213002204895,15.3397302627563,0.298690023682825,6924720.0,0.0957,,20.1519508361816,33.36,26.5324878262051,WB/UNESCO
TJK,2006,0.0,Tajikistan,29.99,6.52913,401.018403316427,2063.288508243,1810.2912569837,460.0,5515.22579363962,2210.0,3.40350008010864,15.8465700149536,3.77240620666448,7057566.0,0.10732,,21.302490234375,29.74,26.5321180842215,WB/UNESCO
TJK,2007,0.0,Tajikistan,33.13,7.53539,516.997210618914,2181.89798056536,1966.22189882683,570.0,5260.06872344277,2500.0,3.41326999664307,16.8224906921387,7.19761951797855,7194477.0,0.06778,,22.2864494323731,33.13,26.5315339938424,WB/UNESCO
TJK,2008,0.0,Tajikistan,33.79,14.24787,703.327375898643,2308.09430040334,2120.01845697449,730.0,5968.7954011554,2730.0,3.45983004570007,17.2426700592041,8.78,7338403.0,0.06983,,22.7512302398682,34.87,26.5306015116451,WB/UNESCO
TJK,2009,0.0,Tajikistan,23.55,11.98067,664.795655734657,2349.50030269416,2171.36091640667,790.0,5923.71405715605,2600.0,4.0983099937439,17.3597393035889,10.07,7490230.0,0.08577,,22.5239295959473,23.55,26.529186594207,WB/UNESCO
TJK,2010,1.0,Tajikistan,41.34,10.07537,737.338883219356,2449.27358745359,2291.07823624245,910.0,5445.83165703206,2830.0,4.00675010681152,15.4921998977661,11.55000019,7652141.0,0.08914,,22.8308906555176,41.17,26.5274312963978,WB/UNESCO
TJK,2011,0.0,Tajikistan,40.86,8.3976,833.601978202852,2572.48074895498,2455.97278263399,1000.0,5815.31845616361,3130.0,3.93511009216309,16.2078094482422,13.02999973,7824785.0,0.12148,,22.3199405670166,39.86,26.4792213439941,WB/UNESCO
TJK,2012,0.0,Tajikistan,48.19,11.18098,952.452819695469,2700.09546037358,2679.0692960897,1130.0,6091.22283687966,3420.0,4.01803016662598,16.2496795654297,14.51000023,8014084.0,0.11432,,22.6923599243164,45.8,26.4102249145508,WB/UNESCO
TJK,2013,0.0,Tajikistan,56.84,,1028.19704279396,2828.38542075147,2918.56048007357,1300.0,7118.17357428653,3840.0,5.29397617900035,17.3689571897652,16.0,8216724.0,0.11851,,22.6164398193359,55.7,26.4883155822754,WB/UNESCO
TJK,2014,0.0,Tajikistan,39.48,,1081.54402932039,2943.08867917317,3151.72452793203,1320.0,7611.80762984398,3910.0,5.59398898966753,17.7963839111665,17.48999977,8425552.0,0.11624,,24.2260093688965,39.56,26.5633735656738,WB/UNESCO
TJK,2015,0.0,Tajikistan,55.8,9.94552,956.916310930656,3041.44479553257,2975.47097476092,1230.0,7875.90198239666,3520.0,4.96774005889893,16.3986701965332,18.97999954,8643840.0,0.1034,,26.0669097900391,55.86,26.478832244873,WB/UNESCO
TJK,2016,0.0,Tajikistan,50.89,,788.710481734485,3169.9667820524,2913.85679547445,1090.0,7095.71164200241,3370.0,5.73094142576332,17.038363448912,20.46999931,8865631.0,0.10622,,28.5179100036621,50.72,26.3718509674072,WB/UNESCO
TJK,2017,0.0,Tajikistan,57.68,,829.45714764957,3312.71202243506,3017.00314887354,1000.0,6990.78972465866,3460.0,5.54471764262202,18.1411503054245,21.95999908,9085946.0,0.10957,,30.2374706268311,56.85,26.2731513977051,WB/UNESCO
TJK,2018,0.0,Tajikistan,59.57,,834.288404578801,3479.69235966041,3069.10385079592,1000.0,8012.41772165226,3550.0,5.38508736377556,15.8886226898467,32.59999847,9307333.0,0.09401,,,56.88,26.2338752746582,WB/UNESCO
TJK,2019,0.0,Tajikistan,86.2,,871.022372934846,3649.88375518646,3459.97365083434,1050.0,7736.17981800557,4010.0,5.48427628435415,18.2282385687441,22.68630028,9529966.0,0.09367,,,88.2,26.1300735473633,WB/UNESCO
TJK,2020,0.5,Tajikistan,116.83,,834.311715460625,3724.7489591466,3653.95976759112,1030.0,6928.36191097367,4270.0,5.13516829187823,17.2974230795463,27.54409981,9749310.0,0.08969,,34.6676458195911,118.36,26.1925442328719,WB/UNESCO
TJK,2021,0.04,Tajikistan,129.47,,896.748053372182,3985.91247611219,3985.91247611219,1130.0,4798.05412633622,4800.0,4.38253082077599,15.0433161381905,36.70560074,9966908.0,,,37.4220713871838,131.4,26.1991525151375,WB/UNESCO
TJK,2022,0.25,Tajikistan,110.17,,1052.17949484894,4213.75618362687,4513.4597158968,1360.0,8310.55529610808,5990.0,5.39829770599001,18.3473626996201,48.91429901,10182222.0,,,37.2834392884446,107.75,26.1957126615618,WB/UNESCO
TKM,2003,0.0,Turkmenistan,3.95,,1228.94870289404,5154.7509814614,4535.47371898036,940.0,,4480.0,,,0.425182631884743,4863865.0,,,,3.95,46.7000007629395,WB/UNESCO
TKM,2004,0.0,Turkmenistan,4.5,,1379.23009682692,5309.64539382487,4797.38725992738,1240.0,,4720.0,,,0.754053982724623,4958093.0,,,,4.5,46.7375427392139,WB/UNESCO
TKM,2005,0.0,Turkmenistan,3.18,,1604.01618452312,5889.84657742616,5488.46917079432,1500.0,,5110.0,,,0.997300029,5052257.0,,,,3.18,46.7728683922582,WB/UNESCO
TKM,2006,0.0,Turkmenistan,3.84,,1996.59310717308,6415.71290854977,6162.86625938699,1770.0,,5790.0,,,1.3195731180963,5147105.0,,,,3.84,46.8060040482349,WB/UNESCO
TKM,2007,0.0,Turkmenistan,4.87,,2414.96071986964,6993.52911567076,6899.91598114132,2160.0,,6700.0,,,1.40636068812023,5244046.0,,,,4.87,46.8369760333063,WB/UNESCO
TKM,2008,0.0,Turkmenistan,1.58,,3605.50395120549,7870.0271753063,7914.2843912559,2800.0,,7490.0,,,1.75,5345029.0,,,,1.58,46.8658106736347,WB/UNESCO
TKM,2009,0.01,Turkmenistan,3.84,,3707.97850699617,8186.87833253045,8283.69641252629,3260.0,,7770.0,,,1.950000048,5451592.0,,,,3.84,46.8925342953825,WB/UNESCO
TKM,2010,0.0,Turkmenistan,6.88,,4058.53937000739,8758.89686680508,8970.18417647633,3720.0,,8220.0,,,3.0,5564356.0,,,,6.88,46.9171732247121,WB/UNESCO
TKM,2011,0.0,Turkmenistan,12.23,,5143.61929334647,9837.56345513458,10282.7266190528,4300.0,,9290.0,,,5.0,5683417.0,,,,12.23,46.9397537877858,WB/UNESCO
TKM,2012,0.0,Turkmenistan,12.67,9.22805,6053.8748468749,10689.3537347285,11035.451277853,5040.0,,9990.0,3.04924988746643,20.7955093383789,7.195799828,5808546.0,,,,12.67,46.9603023107661,WB/UNESCO
TKM,2013,0.0,Turkmenistan,5.85,,6599.64529055481,11516.3741234527,11722.8086272577,5880.0,,10700.0,,,9.600000381,5939341.0,,,,5.85,46.9788451198152,WB/UNESCO
TKM,2014,0.0,Turkmenistan,18.89,,7164.14536184006,12423.9246417745,12476.5344358387,6480.0,,11350.0,,,12.19999981,6075283.0,,,7.00093637977294,18.89,46.9954085410955,WB/UNESCO
TKM,2015,0.0,Turkmenistan,6.2,,5759.497903834,12926.6637306966,12714.8137240363,6300.0,,11970.0,,,14.99680042,6215770.0,0.11,,,6.2,47.0100189007695,WB/UNESCO
TKM,2016,0.0,Turkmenistan,2.98,,5238.00827202546,13420.3849717471,12919.371222426,5890.0,,12580.0,,,17.99029922,6360041.0,0.16,,,2.98,47.0227025249994,WB/UNESCO
TKM,2017,0.0,Turkmenistan,7.93,,5125.54920055808,13963.4045877295,13278.4030353381,5250.0,,12730.0,,,,6507061.0,0.09,,,7.93,47.0334857399476,WB/UNESCO
TKM,2018,0.0,Turkmenistan,4.94,,3911.98557297865,14499.1684377606,14368.4621432532,4690.0,,13760.0,,,,6655524.0,0.08,,,3.94,47.0423948717765,WB/UNESCO
TKM,2019,0.0,Turkmenistan,2.72,,4365.1152919542,15080.9034007693,15389.2461090476,4350.0,,14400.0,3.12054991722107,23.0102500915527,,6803944.0,0.11,,11.0507708201956,3.68,47.0494562466485,WB/UNESCO
TKM,2020,0.0,Turkmenistan,5.5,,3935.37749365223,15630.9145192529,14971.3322055898,4180.0,,14690.0,3.76267004013061,27.9983997344971,,6949912.0,0.13,,12.4085702576356,6.73,47.0546961907259,WB/UNESCO
TKM,2021,0.0,Turkmenistan,12.44,,3713.20113171765,16259.8700051884,16259.8700051884,4160.0,15904.4030688318,15900.0,3.8489100933075,29.0834503173828,,7092043.0,0.1,,14.5425982703266,13.81,47.0581410301711,WB/UNESCO
TKM,2022,0.0,Turkmenistan,21.92,,5198.18947409551,16943.6046037141,18148.7189785918,4490.0,,17740.0,3.58004999160767,28.6807193756104,,7230193.0,0.14,,16.7316012007071,20.08,47.0592103414926,WB/UNESCO
TLS,2003,0.0,Timor-Leste,1.67,,534.901153697657,3264.94647161828,1355.18642803335,690.0,3252.39196394028,1830.0,,,,916878.0,,,,1.67,25.2611540807581,WB/UNESCO
TLS,2004,0.0,Timor-Leste,1.0,,474.420767344689,3234.97583674338,1378.85409869129,820.0,3403.88710900831,2130.0,,,,929074.0,,,,1.0,25.7040830077802,WB/UNESCO
TLS,2005,0.0,Timor-Leste,2.03,,487.464555404292,3263.94446005573,1434.82197811862,970.0,4165.55456963467,2620.0,,,0.0990317678179026,948311.0,,,,2.03,26.3097308948751,WB/UNESCO
TLS,2006,0.0,Timor-Leste,3.87,,464.667001844159,3038.9523176563,1377.11345211625,1360.0,5772.05698628319,3950.0,,,0.5,976597.0,,,,3.87,27.121697883382,WB/UNESCO
TLS,2007,0.0,Timor-Leste,3.29,,540.154584237662,3256.56980118129,1515.70896665177,1900.0,7649.90666635545,5500.0,,,1.0,1004889.0,,,,3.0,28.0011655196859,WB/UNESCO
TLS,2008,0.0,Timor-Leste,1.28,,628.153219252849,3530.88217479074,1675.0456947678,3040.0,11114.4288669167,8430.0,8.67014980316162,7.09053993225098,1.5,1032429.0,,,,1.28,28.8076745459306,WB/UNESCO
TLS,2009,0.0,Timor-Leste,1.63,8.13707,686.579295832381,3792.35831612987,1810.1860579657,2370.0,8484.33814110743,6280.0,12.9024801254272,10.5861196517944,2.0,1058782.0,,,16.5156002044678,1.63,29.4007657042596,WB/UNESCO
TLS,2010,0.0,Timor-Leste,1.1,10.43287,813.060177250597,4047.24940614314,1955.32939332397,2870.0,10185.9566428101,7370.0,11.1065797805786,9.15421009063721,3.0,1084679.0,,,17.7029094696045,1.1,29.6398840020416,WB/UNESCO
TLS,2011,0.0,Timor-Leste,3.06,19.79091,939.045241112693,4189.79978481015,2065.96056012268,3740.0,12261.3904201671,9080.0,10.1935195922852,7.65089988708496,4.0,1110207.0,,,,3.06,29.633352306451,WB/UNESCO
TLS,2012,0.0,Timor-Leste,6.0,14.2412,1022.61903188429,4297.91482449132,2386.13589971758,3570.0,10435.3715078504,8880.0,7.16214990615845,5.53769016265869,7.0,1134885.0,,,,6.0,29.6136082349605,WB/UNESCO
TLS,2013,0.0,Timor-Leste,6.29,3.924,1204.56841532931,4340.27839503511,2566.03070650416,3190.0,9351.52049472075,7630.0,5.66632986068726,5.89317989349365,11.0,1158695.0,,,,6.29,29.5836906253246,WB/UNESCO
TLS,2014,0.0,Timor-Leste,11.84,4.11131,1224.74957758801,4445.35926887033,2859.86061637696,2700.0,7464.88904206827,6590.0,7.51430988311768,6.77287006378174,17.5,1181903.0,,,,11.59,29.5463092024041,WB/UNESCO
TLS,2015,0.0,Timor-Leste,9.32,,1319.59297370991,4467.80007184896,3107.57190164098,2180.0,6239.04154911716,5450.0,8.46706962585449,8.63696956634521,18.60000038,1205131.0,,,,9.32,29.5043315008419,WB/UNESCO
TLS,2016,0.0,Timor-Leste,8.56,,1335.54390089814,4515.422459894,3390.76221557073,1730.0,4951.22117530397,4590.0,8.12837982177734,7.24691009521484,21.20000076,1228312.0,,,,8.56,29.4462907628171,WB/UNESCO
TLS,2017,0.0,Timor-Leste,14.67,,1266.17767952941,4290.02709296562,3463.11730297031,1780.0,4884.16145732854,4930.0,7.17093992233276,8.21769046783447,24.20000076,1251703.0,,,,15.0,29.3600996787092,WB/UNESCO
TLS,2018,0.0,Timor-Leste,15.79,,1219.46598597604,4188.84099191337,3561.28770455766,1790.0,4702.23336396397,5120.0,6.848060131073,8.00562953948975,27.60000038,1275959.0,,,,15.46,29.248617510057,WB/UNESCO
TLS,2019,0.0,Timor-Leste,14.47,,1562.36458881813,5103.14964292207,4556.61428089164,2180.0,5721.49222517119,6430.0,4.17968913742937,6.86969221637237,28.00460052,1300945.0,,,,13.35,29.1148755245217,WB/UNESCO
TLS,2020,0.0,Timor-Leste,11.77,,1630.86935439232,6594.8817078452,6132.08288218058,2040.0,4682.68352899548,6720.0,3.65287360437751,6.95663710899488,32.01269913,1326053.0,,,,10.88,28.9619049897647,WB/UNESCO
TLS,2021,0.0,Timor-Leste,16.86,,2684.92673717299,6825.0458085995,6825.0458085995,2050.0,6521.39562534875,6520.0,2.97389404101318,7.47076980255183,35.04199982,1350139.0,,,,14.32,28.7927371734472,WB/UNESCO
TLS,2022,0.0,Timor-Leste,13.94,,2343.24955542816,5348.49182701353,5728.90346523347,1820.0,5333.70530479914,5460.0,,,,1369295.0,,,,12.31,28.5857292288968,WB/UNESCO
TON,2003,0.0,Tonga,1.59,,1936.04104012389,6054.65554234045,4231.45362872246,1870.0,5908.59947423336,4250.0,4.15951013565063,18.619119644165,2.98581736750435,104464.0,,,6.82398986816406,1.59,23.0943621775072,WB/UNESCO
TON,2004,0.0,Tonga,3.13,21.71697,2195.44890047673,5901.21343135785,4235.12041306542,2050.0,5602.25735962215,4280.0,3.91376996040344,19.0971698760986,3.95237389457043,105071.0,,,,2.8,23.1191794451059,WB/UNESCO
TON,2005,0.0,Tonga,0.68,,2477.72620144825,5829.1173260211,4314.54719819334,2290.0,5344.82210957615,4300.0,,,4.907800198,105671.0,,,,0.68,23.1473956500293,WB/UNESCO
TON,2006,0.0,Tonga,4.66,,2750.34778600857,5671.64079163565,4327.4466189103,2560.0,5492.09964691904,4400.0,,,5.853899956,106253.0,,,,4.66,23.1801421282521,WB/UNESCO
TON,2007,0.0,Tonga,1.76,,2797.06560109144,5507.35733894364,4315.94450561382,2720.0,4930.04629708001,4380.0,,,7.179900169,106726.0,,,,1.76,23.2239976577967,WB/UNESCO
TON,2008,0.0,Tonga,0.46,,3218.45303993196,5759.30612501464,4600.34882846455,3130.0,5698.09430212138,4680.0,,,8.11076994380395,107020.0,,,,0.46,23.2889000757567,WB/UNESCO
TON,2009,0.2,Tonga,2.39,,2914.23774004564,5454.57394388907,4383.8113025242,3090.0,5027.91713194072,4520.0,,,10.0,107203.0,,,,2.39,23.3612068183251,WB/UNESCO
TON,2010,0.0,Tonga,1.28,,3416.08356601207,5489.45367019062,4465.46049994671,3270.0,5207.25364313787,4610.0,,,16.0,107400.0,,,,1.28,23.4243619099178,WB/UNESCO
TON,2011,0.0,Tonga,1.95,,3849.99375750134,5848.19312009382,4855.42923652355,3660.0,5651.78927003721,5000.0,,,25.0,107570.0,,,,1.95,23.46075468367,WB/UNESCO
TON,2012,0.0,Tonga,1.83,,4384.17058724217,5908.02400699798,4996.4446085193,4130.0,5703.05790548863,5140.0,,,30.0,107460.0,,,,1.83,23.4589062635692,WB/UNESCO
TON,2013,0.2,Tonga,1.63,,4219.24670113014,5952.45690447913,5119.6947531512,4330.0,5724.60614634717,5250.0,,,32.75400162,107078.0,,,,1.63,23.4170795020344,WB/UNESCO
TON,2014,0.0,Tonga,0.88,,4136.59010898445,6097.65041861635,5335.91583827385,4360.0,5589.00794142552,5370.0,,,35.95439911,106609.0,,,,0.88,23.3431040935971,WB/UNESCO
TON,2015,0.0,Tonga,2.88,,4123.90347238813,6195.43302733786,5471.79686968515,4220.0,5825.79562401956,5530.0,,,38.65129852,106095.0,,,,2.88,23.2434422818439,WB/UNESCO
TON,2016,0.0,Tonga,3.34,,3987.98618837043,6639.98719699561,5920.1573872483,4280.0,6876.47572095532,6010.0,,,39.95000076,105524.0,,,,3.34,23.1277038505921,WB/UNESCO
TON,2017,0.0,Tonga,7.89,,4365.92929788648,6863.54796430087,6229.07019926381,4450.0,7127.21094997671,6480.0,4.63626808288478,11.0781454120686,46.20080185,105356.0,,,,7.89,22.9711300654966,WB/UNESCO
TON,2018,0.0,Tonga,5.82,,4675.04776047973,6885.98490469718,6392.60068547144,4650.0,7038.99225645409,6700.0,4.71514397196975,11.278447720785,48.80789948,105567.0,,,,6.73,22.7017138925547,WB/UNESCO
TON,2019,0.0,Tonga,4.69,,4788.83350468584,6859.71739851786,6473.32046564939,4980.0,7316.11600711395,6890.0,4.86170396202671,12.9959424034927,51.56299973,105669.0,,,,4.69,22.3288155626206,WB/UNESCO
TON,2020,0.0,Tonga,9.24,,4792.35872413906,6981.30436453629,6676.65061142853,5210.0,7322.11702002551,7150.0,5.04883511346915,10.7315486486999,54.47370148,105704.0,,,21.2782986508118,5.9,21.8766206823411,WB/UNESCO
TON,2021,0.0,Tonga,3.67,,4922.8015864044,6930.06482518663,6930.06482518663,5240.0,7278.7960891559,7280.0,5.162544372426,10.1174321653832,57.549,105490.0,,,,3.67,21.258003897665,WB/UNESCO
TON,2022,0.83,Tonga,4.63,,5298.01942454298,6811.48234641523,7295.94922827877,5390.0,7010.42124852999,7630.0,5.31016278046634,9.76537216828479,61.60739899,105042.0,,,,4.22,21.147219451842,WB/UNESCO
TTO,2003,1.25,Trinidad and Tobago,120.38,,8445.04653518298,24910.823196152,18742.6419218363,7740.0,,17610.0,3.13660001754761,13.9100704193115,25.9717641091609,1338709.0,0.11501,,8.70431995391846,117.38,55.7188050758235,WB/UNESCO
TTO,2004,1.9,Trinidad and Tobago,132.38,,9871.03419820086,26757.9075601429,20673.7458450885,9300.0,,20060.0,,,27.0242700782714,1345380.0,0.11441,,11.8308000564575,131.21,55.5711241312409,WB/UNESCO
TTO,2005,2.0,Trinidad and Tobago,174.55,,12346.4373094075,29536.4394101096,23536.0268720459,11200.0,,22370.0,,,28.97669983,1294494.0,0.11431,,,173.55,55.3898955519853,WB/UNESCO
TTO,2006,0.98,Trinidad and Tobago,130.66,,14152.6607422113,33348.7507470886,27393.3505462883,13320.0,,25970.0,,,30.00370026,1297944.0,0.07233,,,129.66,55.1782455797922,WB/UNESCO
TTO,2007,0.4,Trinidad and Tobago,169.38,,16606.675360681,34793.6457521105,29354.5290095962,15060.0,,28040.0,,,32.3,1303188.0,0.05922,,,168.46,54.9393004563973,WB/UNESCO
TTO,2008,0.0,Trinidad and Tobago,161.74,,21298.9945258063,35825.3333456362,30807.2848509051,17420.0,,29450.0,,,34.8,1308587.0,0.03072,,,160.25,54.6761864235364,WB/UNESCO
TTO,2009,2.87,Trinidad and Tobago,208.35,,14634.0565003912,34212.2683057008,29601.6194469547,16330.0,,28030.0,,,44.3,1310106.0,0.05665,,,208.02,54.3920297229449,WB/UNESCO
TTO,2010,4.75,Trinidad and Tobago,212.36,,16815.424737361,35145.1253639062,30778.3127360239,16590.0,,29280.0,4.21155458844183,12.9033102202913,48.5,1317714.0,0.04771,,,210.36,54.0899565963587,WB/UNESCO
TTO,2011,1.83,Trinidad and Tobago,221.34,,19151.0870229722,34769.7620251376,31077.796969852,15060.0,,27630.0,3.85078840215008,11.1150541951613,55.2,1328019.0,0.04024,,,219.87,53.9253615474727,WB/UNESCO
TTO,2012,2.5,Trinidad and Tobago,205.67,,20332.1389531925,36903.6898574094,31883.2297483766,17960.0,,29190.0,3.57398000577018,11.2732949708338,57.5,1335194.0,0.04155,,,206.29,53.9254053431618,WB/UNESCO
TTO,2013,3.0,Trinidad and Tobago,158.81,,21304.9777496628,37994.0686480473,31746.2052441651,20110.0,,30000.0,3.75275872925405,11.7303844582749,59.90000153,1340557.0,0.0541,,,159.71,53.9255789963372,WB/UNESCO
TTO,2014,4.78,Trinidad and Tobago,242.35,,21908.3014555644,39248.6570516023,32026.5300957073,20620.0,,30150.0,3.59013796983043,10.5093876319068,62.40000153,1345343.0,0.07657,,,239.09,53.9259699537793,WB/UNESCO
TTO,2015,1.68,Trinidad and Tobago,151.67,,19887.2327716498,38963.9641783011,29825.4628753017,20650.0,,29560.0,4.42459330779419,12.3070447486926,65.09999847,1349667.0,0.08051,,,150.3,53.926665238022,WB/UNESCO
TTO,2016,4.75,Trinidad and Tobago,206.67,,17449.1538801956,35914.9901970983,28231.6820670092,17870.0,,27720.0,4.21428227509361,11.7850028841985,67.80000305,1353895.0,0.08662,,,207.38,53.9277523084951,WB/UNESCO
TTO,2017,6.14,Trinidad and Tobago,221.4,,17566.0999700656,34095.9899256152,28484.2557157494,16930.0,,28540.0,3.3293687903123,9.88690577318633,70.59999847,1356633.0,0.08587,496.90234,,219.4,53.9293186833833,WB/UNESCO
TTO,2018,4.18,Trinidad and Tobago,233.13,,17571.498737278,33710.0178540008,28673.2413951653,16800.0,,27830.0,3.47141762674052,10.6522780521634,72.76029968,1359193.0,0.08371,543.60048,,238.95,53.9314518934907,WB/UNESCO
TTO,2019,2.74,Trinidad and Tobago,241.49,,17212.6128892163,33748.7060849924,29315.8054064667,17240.0,,28560.0,3.55386116245268,10.4561041957235,74.98670197,1363985.0,0.06007,459.95724,,238.17,53.9342394732739,WB/UNESCO
TTO,2020,5.33,Trinidad and Tobago,246.75,,15283.6270531554,30720.8876936042,26731.3556410029,15040.0,,25380.0,4.22041988372803,11.7162704467773,77.28130341,1366725.0,0.06455,604.73029,,243.44,53.9377689584806,WB/UNESCO
TTO,2021,2.88,Trinidad and Tobago,264.04,,17712.5674104655,30482.1201798631,30482.1201798631,16310.0,29989.2079968468,29990.0,3.04397988319397,10.0265197753906,84.36576986,1367558.0,0.05445,539.19183,,266.0,53.9421278853848,WB/UNESCO
TTO,2022,3.77,Trinidad and Tobago,261.85,,20750.5202434652,30784.1112580356,32973.632075038,16100.0,,28550.0,2.81801009178162,10.4055900573731,81.69760132,1365805.0,0.05039,492.71552,,255.09,53.9474037904998,WB/UNESCO
TUN,2003,0.75,Tunisia,1072.75,24.41378,2725.8643148859,9752.02442335824,7098.4235615744,2420.0,9777.09539157798,6840.0,6.81675004959106,27.684289932251,6.49084579532797,10071632.0,0.65044,,25.9742908477783,1066.12,64.6055972687544,WB/UNESCO
TUN,2004,1.0,Tunisia,1354.71,26.63196,3067.41936376975,10263.8055422408,7671.84535971287,2860.0,10235.0791908009,7370.0,6.72078990936279,27.8338108062744,8.52881775162591,10166163.0,0.73095,,28.3220500946045,1344.7,64.9272741461338,WB/UNESCO
TUN,2005,3.15,Tunisia,1721.41,24.13942,3146.8260743927,10529.1598956845,8116.95489931216,3120.0,10387.6634455,7720.0,6.4515700340271,26.6956901550293,9.655099869,10255472.0,0.71195,,30.4263496398926,1704.36,65.2340901739004,WB/UNESCO
TUN,2006,2.33,Tunisia,1988.14,24.25454,3322.56933570096,10983.9221903991,8728.65712554879,3290.0,10896.6139520358,8350.0,6.43879985809326,26.8613090515137,12.98639965,10346410.0,0.67729,,31.5884609222412,1968.93,65.5209809651521,WB/UNESCO
TUN,2007,2.25,Tunisia,2309.4,24.59128,3726.91672935667,11613.9247511428,9479.35063896638,3490.0,11386.1560961832,9010.0,6.46451997756958,26.4286308288574,17.1,10441702.0,0.6654,1078.62762,32.1416816711426,2271.06,65.8000030517578,WB/UNESCO
TUN,2008,1.01,Tunisia,2767.78,24.99928,4255.05008019523,11990.1962371716,9975.02232090707,3820.0,11746.463303307,9450.0,6.27157020568848,25.2586708068848,27.53,10542635.0,0.63933,1208.60937,33.5827484130859,2721.2,66.0676053984361,WB/UNESCO
TUN,2009,2.19,Tunisia,3227.47,27.02453,4080.09032448781,12229.7752536693,10237.0889995528,4020.0,11951.1078727734,9760.0,6.528480052948,25.2620105743408,34.07,10650681.0,0.70644,1480.83462,35.3081817626953,3175.0,66.3362197875977,WB/UNESCO
TUN,2010,9.8,Tunisia,3459.9,28.17329,4291.86120891575,12458.2710366551,10555.0887029771,4140.0,12749.6442905116,10080.0,5.96306991577148,24.846830368042,36.8,10765980.0,0.65806,1375.49899,36.0425300598145,3412.95,66.6280059814453,WB/UNESCO
TUN,2011,4.54,Tunisia,3699.17,,4420.64772206537,12068.7136257667,10435.9956675373,4060.0,12191.1581999472,9970.0,,,39.1,10886035.0,0.67458,1420.37634,35.942798614502,3644.66,66.9191886197857,WB/UNESCO
TUN,2012,7.62,Tunisia,3800.66,28.12726,4297.26782454273,12436.3958115735,10614.531301194,4250.0,12442.4525733253,10190.0,5.95086002349854,20.9910106658936,41.4416008,11009647.0,0.64937,1614.44868,36.0693092346191,3733.67,67.2098922729492,WB/UNESCO
TUN,2013,2.11,Tunisia,4230.52,,4369.79345826358,12587.9950645596,10671.569727457,4300.0,12232.5568610116,10220.0,,,43.79999924,11141361.0,0.637,1781.88853,34.2130088806152,4176.17,67.4999542236328,WB/UNESCO
TUN,2014,11.45,Tunisia,4528.82,,4458.97895464547,12824.0028914441,10946.8935757638,4310.0,12554.0483635567,10580.0,,,46.15999985,11274288.0,0.61988,1795.0618,33.7252311706543,4473.86,67.7524643379101,WB/UNESCO
TUN,2015,9.29,Tunisia,4873.17,23.93817,4014.94773686432,12802.7917211433,10782.5438382441,4130.0,12679.009256362,10500.0,6.22044992446899,22.665340423584,46.4999943435776,11402264.0,0.59413,1774.94539,33.373851776123,4790.14,67.8807907104492,WB/UNESCO
TUN,2016,12.86,Tunisia,5415.09,,3847.80354448809,12803.8797371543,10993.6638464522,3930.0,12793.6775835544,10760.0,,,49.5999948415756,11528674.0,0.56539,1969.10018,31.2128105163574,5316.45,68.0623356528248,WB/UNESCO
TUN,2017,11.34,Tunisia,5614.15,,3619.03247319953,12955.4014814241,11288.7800135085,3700.0,12684.0531369697,11020.0,,,55.5001550633671,11650498.0,0.69953,1919.04269,30.9277496337891,5818.15,68.2877807617188,WB/UNESCO
TUN,2018,14.21,Tunisia,5558.13,,3628.10366464236,13163.1952230357,11841.4061980603,3700.0,12681.5335908274,11550.0,,,64.1908102327387,11765514.0,0.71645,1789.95356,30.9594707489014,5100.72,68.5485240272509,WB/UNESCO
TUN,2019,19.49,Tunisia,5205.26,,3528.87213306798,13243.9024233246,12494.7905733455,3590.0,12710.2988494891,12170.0,6.17373240410185,17.6466772041561,66.6999983024144,11875081.0,0.74658,1726.2166,31.4410896301269,5046.47,68.8206382576031,WB/UNESCO
TUN,2020,15.71,Tunisia,4955.74,,3548.65363663803,11955.5983698479,11918.066205483,3270.0,11744.6281159181,11530.0,7.26507545467782,20.8134754153382,68.55639648,11974057.0,,1644.57277,32.5181999206543,4851.93,69.1043166438476,WB/UNESCO
TUN,2021,20.61,Tunisia,5122.21,,3906.93926319391,12444.3264026887,12444.3264026887,3640.0,12119.1334870598,12120.0,6.67984656240779,19.7515155624873,68.31552226,12048622.0,,1610.3428,33.2740287780762,4958.99,69.3997523770568,WB/UNESCO
TUN,2022,22.86,Tunisia,5730.03,,3707.29283414381,12712.22345453,13616.380720945,3890.0,11848.7768613507,13260.0,6.8049896073928,19.9702624772082,,12119334.0,,1703.91532,37.1276893615723,5501.68,69.707138648303,WB/UNESCO
TUR,2003,61.83,Turkey,13376.28,32.44209,4649.63668068586,15255.7177960689,9475.23842234984,3860.0,,9310.0,,,12.33,67831730.0,0.46532,484.24236,29.7210502624512,13328.67,61.5845060653258,WB/UNESCO
TUR,2004,73.62,Turkey,15871.77,27.89069,5979.6054216148,16583.8837094062,10760.7760827021,5170.0,,10610.0,,,14.58,68592617.0,0.49713,496.59332,30.7662506103516,15815.19,62.4388481173262,WB/UNESCO
TUR,2005,87.12,Turkey,17647.28,,7331.85429430255,17902.5966004487,11803.3604424476,6710.0,,11680.0,,,15.46,69329557.0,0.56381,567.50023,33.2225189208984,17567.87,63.3302470273874,WB/UNESCO
TUR,2006,112.64,Turkey,19421.02,31.89635,7990.08251407245,18972.0089563632,13558.2183381713,7780.0,,13410.0,,,18.24,70045349.0,0.55292,612.17385,37.3102416992188,19233.96,64.2873893939536,WB/UNESCO
TUR,2007,124.82,Turkey,21483.68,,9766.91734545294,19909.083519675,14951.6862376319,8930.0,,14810.0,,,28.63,70158112.0,0.68616,705.52013,39.3874015808105,21310.74,65.3389618154687,WB/UNESCO
TUR,2008,146.7,Turkey,21787.66,,10913.4079047769,19839.5845462269,16141.6888074925,9830.0,,15980.0,,,34.37,71051678.0,0.68741,742.74528,40.7729606628418,21554.79,66.513650890377,WB/UNESCO
TUR,2009,147.88,Turkey,24758.42,,9076.92472236977,18612.1925231905,15551.64150166,9610.0,,15370.0,,,36.4,72039206.0,0.80363,801.95239,46.9404602050781,24237.19,67.8401432171223,WB/UNESCO
TUR,2010,142.64,Turkey,26145.4,,10698.9699409757,19897.4464836887,17468.1996643291,10460.0,,17320.0,,,39.82,73142150.0,0.79369,882.50416,56.7506217956543,25490.49,69.3471253941487,WB/UNESCO
TUR,2011,143.32,Turkey,26838.73,,11373.6355760885,21760.4291923634,19717.2438317111,11260.0,,19550.0,4.22150993347168,12.8658599853516,43.065710430925,74223629.0,0.79393,977.26304,61.516300201416,26110.64,71.0028723528334,WB/UNESCO
TUR,2012,164.33,Turkey,27961.75,,11776.7593362033,22517.7148287875,20739.2725488506,11950.0,,20580.0,4.38721990585327,12.8528900146484,45.13,75175827.0,0.82595,1100.18611,70.1044998168945,27089.09,73.7788680234324,WB/UNESCO
TUR,2013,179.83,Turkey,30007.39,,12635.5570016068,24117.3121099839,22475.2909778388,12640.0,,22270.0,4.34479999542236,12.8919696807861,46.25,76147624.0,0.81206,1175.90164,79.6469573974609,29125.39,78.5218368384696,WB/UNESCO
TUR,2014,179.3,Turkey,30611.18,,12209.3862327674,24888.8521742576,24192.537613837,12670.0,,23980.0,4.41256999969482,13.5273504257202,51.0373665521645,77181884.0,0.8564,1163.53689,86.9976806640625,29587.09,83.6024850744433,WB/UNESCO
TUR,2015,219.2,Turkey,32539.53,,11064.6494504662,25984.8027306177,25896.983315375,12080.0,,25610.0,4.30550003051758,13.2618503570557,53.7449791423583,78218479.0,0.96732,1136.18026,95.5645065307617,31418.18,87.2167107972537,WB/UNESCO
TUR,2016,250.82,Turkey,34932.25,,10984.3643169061,26489.6436816046,26730.7599731835,11350.0,,26450.0,4.62773990631104,13.6914596557617,58.3477340145685,79277962.0,1.11979,1263.789,103.71558380127,33734.0,88.1020958581776,WB/UNESCO
TUR,2017,392.6,Turkey,33087.1,,10756.3877677883,28194.688309381,28353.5406410966,11140.0,,28000.0,4.32369995117188,13.2585802078247,64.6846176835371,80312698.0,1.17632,1420.59574,110.534072875977,32262.33,88.0320472717286,WB/UNESCO
TUR,2018,473.12,Turkey,33902.25,,9684.11819884721,28780.3036458151,28640.3401839802,10760.0,,28240.0,4.29729986190796,12.5308599472046,71.0427608433809,81407204.0,1.27093,1585.08328,115.462463378906,32298.1,88.1655749576173,WB/UNESCO
TUR,2019,481.0,Turkey,37976.86,,9395.23378001368,28741.0535082701,29016.4555653445,9970.0,,28570.0,4.44776010513306,12.523699760437,73.9767022871511,82579440.0,1.3196,1737.57621,117.005470275879,37204.76,88.6618152857124,WB/UNESCO
TUR,2020,582.53,Turkey,40923.32,,8798.11791709313,28976.7179161611,29209.3308866883,9330.0,,28870.0,4.03382015228271,11.6336297988892,77.6695605,83384680.0,1.36748,1964.65668,118.883682250977,40758.58,88.9303114965222,WB/UNESCO
TUR,2021,813.47,Turkey,47600.4,,9981.76398411336,32105.5474400506,32105.5474400506,10230.0,31664.5608585267,31660.0,3.53787994384766,11.3091802597046,81.40843745,84147318.0,1.40209,2209.69913,125.763786315918,46843.54,89.1762048153239,WB/UNESCO
TUR,2022,1154.58,Turkey,52657.73,,10897.8397861365,33520.8111384208,39919.1608756567,10870.0,,39520.0,3.09571003913879,11.3262901306152,83.43716576,84979913.0,1.32342,2478.67633,127.577972412109,49827.29,89.0381164550781,WB/UNESCO
TUV,2003,0.0,Tuvalu,0.6,,2020.10103886055,3998.4360743816,2794.4111300536,2610.0,,4200.0,,,6.9,9695.0,,,,0.6,47.4986511586165,WB/UNESCO
TUV,2004,0.0,Tuvalu,0.61,,2330.77403351989,3874.58266822844,2780.66949131648,3380.0,,4610.0,,,7.6,9816.0,,,,0.61,48.4012126478499,WB/UNESCO
TUV,2005,0.0,Tuvalu,0.0,,2298.44257265761,3682.89175926232,2725.9719495166,3800.0,,4580.0,,,8.300000191,9940.0,,,,0.0,49.4209790930126,WB/UNESCO
TUV,2006,0.0,Tuvalu,1.27,,2413.97836453913,3687.77123312778,2813.75949930555,3900.0,,4540.0,,,9.100000381,10056.0,,,,1.27,50.5229861226256,WB/UNESCO
TUV,2007,0.0,Tuvalu,0.37,,2803.75365477849,3893.64259975408,3051.32649853732,4650.0,,5310.0,,,10.0,10182.0,,,,0.37,51.6722693652096,WB/UNESCO
TUV,2008,0.0,Tuvalu,0.33,,3062.00125965971,4093.92473951632,3270.09564528196,4790.0,,5230.0,,,11.19999981,10321.0,,,,0.33,52.8338644492855,WB/UNESCO
TUV,2009,0.0,Tuvalu,0.25,,2662.42865634448,3812.13929570827,3063.79554172977,4890.0,,5290.0,,,12.80000019,10461.0,,,,0.25,53.9728070033742,WB/UNESCO
TUV,2010,0.0,Tuvalu,0.0,,3054.96154183353,3664.45034598789,2980.89013172358,4460.0,,4730.0,,,14.60000038,10614.0,,,,0.0,55.0541326559964,WB/UNESCO
TUV,2011,0.0,Tuvalu,0.0,,3679.5325726267,3879.3490996995,3220.80763247096,4740.0,,4760.0,,,16.5,10780.0,,,,0.0,56.0428770356731,WB/UNESCO
TUV,2012,0.0,Tuvalu,0.04,,3558.89749224226,3715.60046956613,3142.30137040503,4460.0,,4090.0,,,18.70000076,10934.0,,,,0.04,56.8964903305448,WB/UNESCO
TUV,2013,0.0,Tuvalu,0.33,,3524.00277634143,3833.48955456181,3297.17571646453,5580.0,,5040.0,,,21.20000076,11001.0,,,,0.33,57.6314336806359,WB/UNESCO
TUV,2014,0.0,Tuvalu,1.13,,3518.13249227107,3903.4345149878,3415.80717526846,4790.0,,4510.0,,,24.10000038,10984.0,,,,1.13,58.2999596618832,WB/UNESCO
TUV,2015,0.0,Tuvalu,1.09,,3352.66722400181,4277.7146690273,3778.07098101223,5650.0,,5850.0,,,27.29999924,10963.0,,,,1.09,58.9148502652344,WB/UNESCO
TUV,2016,0.05,Tuvalu,0.41,,3779.15293916285,4495.57215692486,4008.21476384305,5390.0,,5840.0,,,31.0,10930.0,,,,0.41,59.4744768348285,WB/UNESCO
TUV,2017,0.0,Tuvalu,0.65,,4166.79162422818,4668.54376684727,4236.97583280304,5320.0,,5870.0,,,35.20000076,10869.0,,,,0.65,59.9531274910912,WB/UNESCO
TUV,2018,0.0,Tuvalu,0.48,,4467.21144027065,4785.23289965077,4442.36859909198,6230.0,,6430.0,,,,10751.0,,,,0.48,60.5596409590777,WB/UNESCO
TUV,2019,0.0,Tuvalu,0.12,,5058.85266607659,5515.89953720794,5205.1977197179,6860.0,,6960.0,,,,10581.0,,,,0.12,61.2406529218636,WB/UNESCO
TUV,2020,0.0,Tuvalu,0.39,,5029.57159284173,5442.36321121293,5204.86656424048,6920.0,,7060.0,14.5482776139014,11.0038506340268,,10399.0,,,,0.39,61.9212610534937,WB/UNESCO
TUV,2021,0.0,Tuvalu,0.06,,6042.51983141155,5551.80841999248,5551.80841999248,7460.0,7442.69343335926,7440.0,15.5155119679441,13.270222607687,,10194.0,,,,0.06,62.6098296425994,WB/UNESCO
TUV,2022,0.0,Tuvalu,0.52,,5414.74642912412,5044.53984578911,5403.33289042089,7460.0,,7450.0,13.7621912480198,12.9273762256588,,9992.0,,,,1.43,63.3065768081154,WB/UNESCO
TWN,2003,60.19,Taiwan,16175.91,,14066.0,,,,,,,,,22562663.0,,,,,,DGBAS Taiwan (supplemental; non-WB coverage)
TWN,2004,58.27,Taiwan,19029.35,,15317.0,,,,,,,,,22646836.0,,,,,,DGBAS Taiwan (supplemental; non-WB coverage)
TWN,2005,72.1,Taiwan,22693.02,,16456.0,,,,,,,,,22729753.0,,,,,,DGBAS Taiwan (supplemental; non-WB coverage)
TWN,2006,118.53,Taiwan,25690.09,,16934.0,,,,,,,,,22823455.0,,,,,,DGBAS Taiwan (supplemental; non-WB coverage)
TWN,2007,162.93,Taiwan,27842.34,,17757.0,,,,,,,,,22917444.0,,,,,,DGBAS Taiwan (supplemental; non-WB coverage)
TWN,2008,221.84,Taiwan,29623.21,,18081.0,,,,,,,,,22997696.0,,,,,,DGBAS Taiwan (supplemental; non-WB coverage)
TWN,2009,233.11,Taiwan,31837.31,,16933.0,,,,,,,,,23078402.0,,,,,,DGBAS Taiwan (supplemental; non-WB coverage)
TWN,2010,242.75,Taiwan,33323.87,,19197.0,,,,,,,,,23140948.0,,,,,,DGBAS Taiwan (supplemental; non-WB coverage)
TWN,2011,306.98,Taiwan,34840.54,,20866.0,,,,,,,,,23193518.0,,,,,,DGBAS Taiwan (supplemental; non-WB coverage)
TWN,2012,305.26,Taiwan,33655.04,,21295.0,,,,,,,,,23270367.0,,,,,,DGBAS Taiwan (supplemental; non-WB coverage)
TWN,2013,297.28,Taiwan,33264.62,,21973.0,,,,,,,,,23344670.0,,,,,,DGBAS Taiwan (supplemental; non-WB coverage)
TWN,2014,297.8,Taiwan,32327.79,,22874.0,,,,,,,,,23403635.0,,,,,,DGBAS Taiwan (supplemental; non-WB coverage)
TWN,2015,370.29,Taiwan,30028.7,,22780.0,,,,,,,,,23462914.0,,,,,,DGBAS Taiwan (supplemental; non-WB coverage)
TWN,2016,273.13,Taiwan,28805.85,,23091.0,,,,,,,,,23515945.0,,,,,,DGBAS Taiwan (supplemental; non-WB coverage)
TWN,2017,290.29,Taiwan,27411.5,,25121.0,,,,,,,,,23555522.0,,,,,,DGBAS Taiwan (supplemental; non-WB coverage)
TWN,2018,251.29,Taiwan,26808.93,,25901.0,,,,,,,,,23580080.0,,,,,,DGBAS Taiwan (supplemental; non-WB coverage)
TWN,2019,302.56,Taiwan,28103.88,,25998.0,,,,,,,,,23596027.0,,,,,,DGBAS Taiwan (supplemental; non-WB coverage)
TWN,2020,270.32,Taiwan,28214.61,,28705.0,,,,,,,,,23582179.0,,,,,,DGBAS Taiwan (supplemental; non-WB coverage)
TWN,2021,357.33,Taiwan,31279.06,,33111.0,,,,,,,,,23468275.0,,,,,,DGBAS Taiwan (supplemental; non-WB coverage)
TWN,2022,571.33,Taiwan,32349.9,,32827.0,,,,,,,,,23319977.0,,,,,,DGBAS Taiwan (supplemental; non-WB coverage)
TZA,2003,0.78,Tanzania,169.1,,422.18359375,2059.83740234375,1379.45776367188,430.0,1967.92028808594,1360.0,,,0.676962856510303,37089555.0,,,0.897960007190704,169.1,23.5202087261949,WB/UNESCO
TZA,2004,1.1,Tanzania,192.25,18.6881,450.385284423828,2155.24145507813,1482.162109375,460.0,2038.20080566406,1460.0,3.56245994567871,19.492639541626,0.87757497099259,38109668.0,,,1.21524000167847,192.0,24.0832469119457,WB/UNESCO
TZA,2005,0.83,Tanzania,218.52,21.67976,483.334869384766,2253.09326171875,1598.03747558594,490.0,2158.25415039063,1570.0,3.54747009277344,18.1431407928467,1.100000024,39182076.0,,,1.42771995067596,213.91,24.7061884538741,WB/UNESCO
TZA,2006,3.12,Tanzania,281.75,24.23784,475.746734619141,2334.1044921875,1706.54846191406,510.0,2298.46630859375,1710.0,3.00991988182068,15.0150699615478,1.299999952,40294902.0,,,,274.22,25.3741033202009,WB/UNESCO
TZA,2007,0.63,Tanzania,309.05,25.82277,543.198303222656,2423.61596679688,1820.00134277344,530.0,2330.703125,1800.0,4.0334300994873,19.4492301940918,1.6,41435512.0,0.33462,,1.46310997009277,304.77,26.0720614791471,WB/UNESCO
TZA,2008,2.02,Tanzania,298.69,29.85023,675.977233886719,2493.25927734375,1908.37353515625,590.0,2338.0673828125,1890.0,4.18591022491455,18.9404697418213,1.899999976,42570728.0,,,,293.88,26.7851328989335,WB/UNESCO
TZA,2009,1.43,Tanzania,312.61,33.77568,693.823547363281,2560.81103515625,1972.16784667969,660.0,2434.94580078125,1950.0,3.96075010299683,17.6823406219482,2.400000095,43633982.0,,,,308.47,27.498387547781,WB/UNESCO
TZA,2010,4.48,Tanzania,362.54,28.29679,736.530151367188,2654.80346679688,2069.40185546875,720.0,2512.62109375,2030.0,4.54169988632202,19.8020191192627,2.900000095,44758488.0,0.37307,36.24107,2.13913621753427,360.24,28.1968953939105,WB/UNESCO
TZA,2011,2.15,Tanzania,401.13,,775.392761230469,2779.70776367188,2211.466796875,760.0,2612.91455078125,2170.0,4.57789905920015,17.6182433145382,3.200000048,46029367.0,,,,394.12,28.865726405543,WB/UNESCO
TZA,2012,1.56,Tanzania,393.1,,861.969909667969,2822.4853515625,2083.48486328125,810.0,2673.5009765625,2050.0,4.22964300342458,16.878735196451,3.950000048,47374260.0,,,3.96461947161333,386.8,29.4878764597911,WB/UNESCO
TZA,2013,0.91,Tanzania,401.29,,963.05712890625,2924.86328125,2176.21655273438,880.0,2817.93139648438,2140.0,4.63769446369719,19.1151921301851,4.400000095,48824128.0,0.51456,19.31703,3.67337417645482,394.85,30.0725108782502,WB/UNESCO
TZA,2014,5.13,Tanzania,530.03,21.39933,1022.74841308594,3027.56909179688,2221.1796875,970.0,2931.28442382813,2200.0,3.38488006591797,17.2971000671387,7.0,50351512.0,,,,526.43,30.6443077170742,WB/UNESCO
TZA,2015,4.37,Tanzania,538.35,,939.127319335938,3111.44458007813,2317.27978515625,970.0,3007.03881835938,2280.0,4.19486548285076,17.6345504974681,10.0,52020962.0,,,3.98361077132501,529.46,31.2061566592472,WB/UNESCO
TZA,2016,2.55,Tanzania,562.74,,953.0107421875,3214.24682617188,2434.69995117188,960.0,3135.880859375,2390.0,4.10196721791864,17.2042319575026,13.5042328468919,53824013.0,,,3.72893939925404,554.47,31.7577303242916,WB/UNESCO
TZA,2017,3.21,Tanzania,616.07,,986.674011230469,3318.28833007813,2472.4931640625,960.0,3191.79956054688,2430.0,4.43052005767822,24.3965396881104,14.46339989,55652890.0,,,4.78205361153138,607.42,32.2987013317296,WB/UNESCO
TZA,2018,6.47,Tanzania,627.21,,1023.10626220703,3392.68872070313,2727.88012695313,1010.0,3389.12866210938,2700.0,3.69962000846863,20.504940032959,15.49069977,57437145.0,,,4.27996511118124,626.73,32.8287423010834,WB/UNESCO
TZA,2019,8.18,Tanzania,790.66,,1063.32250976563,3484.63256835938,2981.87451171875,1050.0,3437.80249023438,2930.0,3.59683638888648,14.2921084679586,16.59090042,59174891.0,,,2.85588898826608,779.75,33.3475258518752,WB/UNESCO
TZA,2020,6.57,Tanzania,889.34,,1117.41528320313,3449.82153320313,3290.60986328125,1060.0,3384.37890625,3230.0,3.23097255920833,13.6285579909749,19.48139954,60972798.0,,,7.18188265775187,915.83,33.8547246036273,WB/UNESCO
TZA,2021,9.45,Tanzania,997.15,,1159.85656738281,3493.0830078125,3493.0830078125,1130.0,3434.17211914063,3430.0,3.11515335288784,13.5370081069869,22.87540054,62830412.0,,,3.59164319762461,1031.55,34.3500111758619,WB/UNESCO
TZA,2022,16.05,Tanzania,1171.41,,1207.52062988281,3546.98095703125,3799.26000976563,1210.0,3477.46337890625,3730.0,3.2382450375764,14.3321092964105,26.86059952,64711821.0,,,5.32159018874409,1203.29,34.8234736377147,WB/UNESCO
UGA,2003,0.92,Uganda,138.04,,250.71543664681,1649.1482601448,1320.23991630021,250.0,1610.28981728337,1300.0,,,0.464849840113968,26352124.0,0.25612,,3.77904009819031,137.45,12.5904136719317,WB/UNESCO
UGA,2004,2.33,Uganda,211.67,11.86568,292.38185796262,1709.36159216857,1405.24288439992,280.0,1678.04748753597,1380.0,4.95237016677856,20.3083400726318,0.719970679914031,27154515.0,0.26056,,3.65948009490967,210.61,13.1221118400615,WB/UNESCO
UGA,2005,2.25,Uganda,220.28,,330.405402707025,1765.03788457066,1496.50947834835,310.0,1723.12725827165,1470.0,,,1.742200017,27963289.0,0.21514,,,218.89,13.7907239496723,WB/UNESCO
UGA,2006,6.43,Uganda,208.81,,346.518255310647,1898.97915280479,1659.72529097731,350.0,1851.36664890896,1630.0,,,2.52940011,28794003.0,0.30033,,3.56147003173828,207.61,14.5851520274647,WB/UNESCO
UGA,2007,0.77,Uganda,279.53,,401.389130865581,1999.0624896434,1794.5351887397,380.0,1975.61399094866,1770.0,,,3.67196535074744,29653430.0,0.38821,,,279.8,15.494298100139,WB/UNESCO
UGA,2008,4.36,Uganda,254.51,,472.842681495852,2110.10049271503,1930.70869511004,430.0,2078.0294176082,1910.0,,,3.880000114,30539553.0,0.32632,,3.80542993545532,252.26,16.5070641943955,WB/UNESCO
UGA,2009,3.66,Uganda,310.08,,798.947089938247,2188.29916246327,2014.60879444121,550.0,2218.37685880955,1980.0,,,4.099999905,31451151.0,0.25547,,4.19193983078003,305.02,17.6123523369348,WB/UNESCO
UGA,2010,7.06,Uganda,407.42,13.30047,823.488144282,2244.60595194584,2091.55963138496,680.0,2263.0091866055,2060.0,1.72739994525909,10.1048898696899,4.300000191,32390802.0,0.3599,39.56548,3.9166100025177,404.55,18.7990645544572,WB/UNESCO
UGA,2011,4.46,Uganda,416.4,10.56436,835.620060555838,2384.4653273154,2267.72270357093,860.0,2368.74181372544,2230.0,2.29890990257263,13.6113700866699,4.599999905,33354543.0,,,4.37658023834229,415.1,20.0561028736631,WB/UNESCO
UGA,2012,7.0,Uganda,451.08,13.7023,795.222867553127,2405.09455932767,2031.94669538814,830.0,2387.66453725984,1990.0,1.79746997356415,11.4518995285034,4.800000191,34337438.0,,,3.74987006187439,447.17,21.372369321253,WB/UNESCO
UGA,2013,7.84,Uganda,472.09,16.15545,818.285427416713,2420.88808087266,2044.88182485845,810.0,2434.43697115781,2000.0,1.87114000320435,11.7431201934815,5.099999905,35337042.0,,,,466.3,22.7367659239271,WB/UNESCO
UGA,2014,7.57,Uganda,510.01,16.29501,896.054795546394,2470.50380909598,2134.00916281741,830.0,2520.89115665641,2090.0,1.91472005844116,11.7049102783203,5.400000095,36395539.0,0.14265,28.67676,4.61899995803833,505.03,24.1938503391826,WB/UNESCO
UGA,2015,6.02,Uganda,609.18,,862.934610355811,2520.0201028843,2189.96485919003,850.0,2512.4096344897,2150.0,2.32152009010315,13.2200803756714,5.699999809,37531446.0,,,,600.26,24.9777856560427,WB/UNESCO
UGA,2016,9.56,Uganda,604.59,,752.696571725656,2554.22769062073,2165.29759404413,810.0,2614.96202900961,2130.0,2.13789010047913,12.4691696166992,5.9,38799152.0,,,,592.23,25.6953567134098,WB/UNESCO
UGA,2017,7.3,Uganda,652.78,,765.218332297361,2543.84754394956,2157.95747503369,760.0,2563.13874351477,2110.0,2.25362992286682,12.1973304748535,7.417900085,40177388.0,,,,635.99,26.4139260579546,WB/UNESCO
UGA,2018,7.88,Uganda,685.5,,792.16570022814,2613.87976413963,2312.05752813495,770.0,2535.55024560588,2250.0,2.13052010536194,11.2536497116089,9.326299667,41565831.0,,,,661.62,27.1280475018884,WB/UNESCO
UGA,2019,8.42,Uganda,802.04,,822.171150036357,2689.41009144919,2441.37445233821,810.0,2661.41329843638,2380.0,2.30828081242322,8.89710752279272,11.72579956,42999637.0,,,,791.88,27.8369781799403,WB/UNESCO
UGA,2020,11.78,Uganda,920.53,,845.766463890124,2678.00907202293,2532.21950102069,820.0,2642.86712473613,2480.0,2.57222181308255,8.52880465495882,7.4,44457152.0,,,,926.63,28.5399752271502,WB/UNESCO
UGA,2021,13.15,Uganda,1207.57,,882.791717542504,2684.92035939744,2684.92035939744,860.0,2626.20232222023,2630.0,2.63593612308533,8.21456053372555,10.0,45910930.0,,,,1211.34,29.2362957789022,WB/UNESCO
UGA,2022,17.83,Uganda,1244.0,,963.067314117178,2724.90609568409,2918.71512173871,930.0,2681.57438443134,2860.0,2.56105027176925,8.48236433206127,9.636899948,47312719.0,,,,1250.03,29.9251969709665,WB/UNESCO
UKR,2003,0.01,Ukraine,5911.63,30.8986,1076.48156738281,13342.8798828125,5764.01123046875,970.0,6660.408203125,5490.0,5.4001898765564,14.4195203781128,3.14812758815439,48315136.0,1.07166,,60.2553215026855,5832.85,67.419679868405,WB/UNESCO
UKR,2004,3.15,Ukraine,5962.46,31.73469,1401.01806640625,15021.06640625,6663.46728515625,1250.0,7217.1142578125,6370.0,5.12376022338867,12.7817497253418,3.4894778812677,47979507.0,1.04392,,63.4407501220703,5885.73,67.5970968423685,WB/UNESCO
UKR,2005,2.2,Ukraine,6117.24,29.47957,1875.33508300781,15610.5732421875,7142.10693359375,1530.0,9008.0,6820.0,5.84819984436035,13.7386503219604,3.749799967,47585556.0,0.99518,,66.8898620605469,6022.79,67.8136046317755,WB/UNESCO
UKR,2006,1.37,Ukraine,5425.57,30.49106,2366.494140625,16901.5078125,7971.1962890625,1930.0,10673.8291015625,7550.0,5.97945976257324,13.9232301712036,4.50612456357379,47278694.0,0.91403,1451.9222,71.939811706543,5348.64,68.0293347798948,WB/UNESCO
UKR,2007,1.87,Ukraine,5484.41,30.07421,3160.32763671875,18374.013671875,8900.4443359375,2560.0,12969.2978515625,8500.0,5.90244007110596,14.036190032959,6.55,47062798.0,0.81869,1430.03134,76.2627563476562,5368.44,68.2102322372037,WB/UNESCO
UKR,2008,1.33,Ukraine,5953.06,31.53146,4017.806640625,18883.986328125,9323.72265625,3170.0,14065.466796875,8840.0,6.15242004394531,13.5578298568726,11.0,46819175.0,0.80991,1404.84115,79.7325210571289,5796.91,68.3752085755346,WB/UNESCO
UKR,2009,5.76,Ukraine,5673.58,32.39608,2607.08764648438,16092.7958984375,7994.61572265625,2810.0,10595.275390625,7550.0,7.05074977874756,15.05482006073,17.9,46623731.0,0.82596,1324.32376,82.4992523193359,5472.02,68.5251442249547,WB/UNESCO
UKR,2010,5.67,Ukraine,6069.02,,3039.63232421875,16811.794921875,8453.2998046875,2990.0,11735.3955078125,8140.0,,,23.3,46456003.0,0.80278,1306.70104,81.9082510858655,5895.71,68.637397133357,WB/UNESCO
UKR,2011,8.21,Ukraine,6319.59,34.40325,3656.69799804688,17783.95703125,9126.6083984375,3100.0,12983.451171875,8680.0,5.93769979476929,13.4843196868897,28.7082628400713,46307853.0,0.7109,1237.47634,84.7981059629784,6166.02,68.7234299826222,WB/UNESCO
UKR,2012,2.17,Ukraine,6659.32,32.41283,3951.34228515625,17848.740234375,9552.314453125,3600.0,14170.251953125,9450.0,6.44267988204956,13.6655197143555,35.27,46210056.0,0.72363,1210.04567,83.8798999891598,6471.57,68.8241983107739,WB/UNESCO
UKR,2013,1.86,Ukraine,7355.95,31.86929,4129.89697265625,17889.091796875,10903.8251953125,3900.0,14405.2734375,10740.0,6.41987991333008,13.867639541626,40.954128997,46126770.0,0.733,1139.62164,81.5320112568844,7161.36,68.9326288082226,WB/UNESCO
UKR,2014,6.83,Ukraine,7282.92,31.51813,3054.908203125,16978.8125,10493.7451171875,3500.0,13619.9306640625,10370.0,5.87491989135742,13.1213502883911,46.2359754571651,45972380.0,0.65034,1002.50854,83.7842174613245,6992.01,69.0554339301313,WB/UNESCO
UKR,2015,7.73,Ukraine,7534.41,,2094.47387695313,15403.7099609375,9921.833984375,2760.0,12836.31640625,10340.0,5.33951727495092,12.4049319402434,48.8846436813218,45784896.0,0.61477,1005.99722,76.8646556476929,7186.44,69.1587317201337,WB/UNESCO
UKR,2016,2.5,Ukraine,7962.38,30.4587,2158.46118164063,15856.8125,10864.6572265625,2330.0,12987.18359375,10980.0,5.00976991653442,12.2832899093628,53.0009695981884,45616832.0,0.48339,1037.24086,77.0398374695438,7441.45,69.2102241609089,WB/UNESCO
UKR,2017,9.52,Ukraine,9161.78,24.99049,2604.28759765625,16310.3603515625,11536.0810546875,2330.0,13934.85546875,11700.0,5.41706991195679,12.9999399185181,58.8894794459775,45436041.0,0.44878,994.07744,80.1990246943391,8390.3,69.2633108489282,WB/UNESCO
UKR,2018,9.02,Ukraine,10355.29,,3059.0517578125,16978.984375,12554.8486328125,2720.0,14558.2744140625,12680.0,5.3199200630188,12.6901998519897,62.5531553933869,45208907.0,0.47113,988.07663,81.4946716210446,9591.79,69.3157992777909,WB/UNESCO
UKR,2019,94.49,Ukraine,13299.64,,3619.86157226563,17636.5546875,14217.486328125,3270.0,15209.904296875,14390.0,5.44129991531372,13.1106300354004,70.1248442995263,44957458.0,0.43384,880.55411,84.48135621115,13766.38,69.3527648708735,WB/UNESCO
UKR,2020,108.62,Ukraine,14058.8,,3709.76928710938,17092.5390625,15541.02734375,3530.0,15741.771484375,15880.0,5.38230991363525,11.803279876709,75.03790912,44680014.0,0.40318,846.24846,82.1345992180731,15062.95,69.3839100516745,WB/UNESCO
UKR,2021,88.49,Ukraine,15133.9,,4775.94580078125,17846.408203125,17846.408203125,4060.0,17328.275390625,17330.0,5.14010000228882,12.6954898834228,79.21829353,44298640.0,0.38478,774.07275,75.9079435107907,15639.81,69.4027032653896,WB/UNESCO
UKR,2022,89.07,Ukraine,13205.56,,4199.6708984375,13787.12109375,14767.73046875,3930.0,14556.2236328125,15540.0,,,80.47429657,41048766.0,0.32673,586.07925,,14645.92,69.42345912103,WB/UNESCO
URY,2003,1.11,Uruguay,282.74,25.9395,3671.12329256883,16694.4326030244,10303.2337503292,4300.0,14809.8651699306,9880.0,2.0682098865509,6.83626985549927,15.9371367159756,3281186.0,,,41.7629699707031,281.74,91.6260094228609,WB/UNESCO
URY,2004,1.83,Uruguay,308.34,24.29814,4168.66065438387,17519.3729926744,11103.1125899779,4180.0,15301.7327735616,10620.0,2.49954009056091,8.60923957824707,17.0630983403661,3283148.0,,,42.7656097412109,306.42,91.8009434091917,WB/UNESCO
URY,2005,11.37,Uruguay,353.36,21.83285,5284.25677987129,18811.3124755641,12295.7003114879,4770.0,16231.5949716331,11940.0,2.71476006507873,9.47097015380859,20.0881895579305,3285771.0,0.46031,,44.3836708068848,345.69,92.0812710048572,WB/UNESCO
URY,2006,4.0,Uruguay,363.5,22.00231,6001.33294783172,19560.0743506382,13179.3881134802,5470.0,16747.4818656784,12890.0,2.85664010047913,9.84121036529541,29.39999962,3289506.0,0.36385,,45.3399810791016,357.38,92.4845482788191,WB/UNESCO
URY,2007,9.67,Uruguay,386.57,,7222.05403645877,20803.885306175,14397.2249659123,6510.0,17949.3716655449,14080.0,,,34.0,3295153.0,0.42159,,50.3921318054199,378.86,92.9603688038713,WB/UNESCO
URY,2008,8.67,Uruguay,441.63,,9423.96562595893,22249.3750934425,15694.2354114223,7930.0,18949.8241569366,15240.0,,,39.3,3302177.0,0.37442,433.22906,51.0627593994141,430.23,93.45975578621,WB/UNESCO
URY,2009,5.88,Uruguay,483.83,,9881.39573127081,23138.0733091496,16421.7696324495,9140.0,20111.8661605329,15900.0,,,41.8,3310091.0,0.40239,565.96314,50.9438095092773,474.57,93.9337324320314,WB/UNESCO
URY,2010,10.28,Uruguay,500.67,,12641.0576849008,24879.8256003219,17872.5369677084,10930.0,21878.56771748,17230.0,,,46.4,3318580.0,0.32882,637.83958,51.8884303512712,484.56,94.3333219475319,WB/UNESCO
URY,2011,9.31,Uruguay,577.09,26.83334,15132.2675725587,26099.3116487704,19135.3636964186,12730.0,23041.7426104858,18520.0,4.14937019348145,15.1625499725342,51.4046610563616,3326825.0,0.32962,628.67776,52.5558159999377,556.44,94.6036824756941,WB/UNESCO
URY,2012,10.68,Uruguay,584.87,,16259.5940814256,26953.2709026389,19495.4223660846,14230.0,22726.4554711505,18110.0,4.09353338283242,17.6779278193166,54.453768680746,3335401.0,0.30808,647.29155,54.7069093768187,566.81,94.7606597546186,WB/UNESCO
URY,2013,10.71,Uruguay,596.79,,18335.2594772322,28119.4726887432,20661.3793411187,16480.0,24522.1557507497,19630.0,4.23893022537231,14.3704700469971,57.69,3345337.0,0.29118,651.49701,59.9512588300598,575.46,94.8844735142936,WB/UNESCO
URY,2014,17.91,Uruguay,740.37,,18322.4276767157,28935.086486757,21867.8112276315,17140.0,25017.8935351645,20540.0,4.26735019683838,14.4442701339722,61.4624951684405,3356334.0,0.31707,664.34395,59.826704311423,723.18,94.9897821210514,WB/UNESCO
URY,2015,16.91,Uruguay,697.03,,17125.9016800298,28941.6184540581,22168.6114189676,17070.0,25506.558568142,21230.0,4.20636987686157,14.7243003845215,64.5707870971624,3368017.0,0.35109,687.09204,57.7897211461691,681.61,95.0800002298303,WB/UNESCO
URY,2016,16.46,Uruguay,856.64,25.11407,17009.7584207276,29332.5561568815,22840.5507069805,16490.0,26932.8692212189,21780.0,4.36420011520386,14.7101402282715,66.40000153,3379283.0,0.37391,739.46982,59.6462945758069,826.47,95.1585424955685,WB/UNESCO
URY,2017,17.7,Uruguay,802.09,24.79632,19184.6626114272,29762.4220666605,23606.6429970705,16720.0,27196.5083398816,22320.0,4.41787004470825,14.8612604141235,70.3223543994698,3388438.0,0.44052,756.67885,59.7518904286933,788.03,95.2288235732042,WB/UNESCO
URY,2018,20.5,Uruguay,926.32,,19249.9404677501,29757.9276055415,24386.4948473952,17700.0,27151.1410984805,23020.0,4.60361003875732,15.1723299026489,80.7268428795854,3394534.0,0.50484,787.06548,60.2781342968002,889.49,95.2942581176758,WB/UNESCO
URY,2019,20.34,Uruguay,995.1,,18315.7350377437,30010.5628834294,25782.6937211734,18390.0,27612.001455322,24520.0,4.62834978103638,15.1325101852417,83.3515337667548,3397206.0,0.56805,803.42212,61.9644279466795,957.34,95.3479309082031,WB/UNESCO
URY,2020,26.53,Uruguay,980.26,,15757.5341990356,27788.1749600196,25725.2559304608,16130.0,25372.3607763167,24340.0,4.55217981338501,13.8836097717285,85.47100067,3398968.0,0.67606,820.55725,64.9332150107214,961.47,95.3997650146484,WB/UNESCO
URY,2021,31.29,Uruguay,1189.05,,17881.8119616753,29431.8738833361,29431.8738833361,16220.0,26476.420202711,26480.0,4.46211004257202,14.7678899765015,87.64440155,3396695.0,0.61467,845.8214,75.1713873701582,1185.78,95.4497146606445,WB/UNESCO
URY,2022,37.44,Uruguay,1057.66,,21009.2883798725,30840.0709827676,33033.5719368346,18050.0,27504.5582121803,29990.0,4.4795298576355,14.933629989624,89.87304314,3390913.0,0.62206,880.30452,76.3977408357972,1076.04,95.4977416992188,WB/UNESCO
USA,2003,10112.98,United States,336490.55,,39490.3023903176,56505.4468784112,39490.3023903176,39770.0,56285.4034457468,39780.0,,,61.6971171244207,290107933.0,2.55014,3851.4654,,332537.09,79.7773350255284,WB/UNESCO
USA,2004,10250.97,United States,360328.73,,41724.6411982614,58139.0820195229,41724.6411982614,43520.0,57881.2564215503,42080.0,,,64.7582564759896,292805298.0,2.48685,3710.14634,,356185.76,79.9960936968363,WB/UNESCO
USA,2005,11188.65,United States,390402.56,,44123.3996470026,59612.3907215559,44123.3996470026,46190.0,59228.6443506456,44570.0,,,67.9681015,295516599.0,2.50192,3635.29099,80.6348266601562,385012.19,80.1961581748464,WB/UNESCO
USA,2006,11686.18,United States,394240.08,,46301.9876485519,60684.3399832539,46301.9876485519,47850.0,60733.0217558634,47160.0,,,68.93119812,298379912.0,2.54545,3674.19384,,387807.75,80.3713066436159,WB/UNESCO
USA,2007,11832.25,United States,396306.1,,48050.227412195,61314.4520816367,48050.227412195,48530.0,60585.3928216239,48330.0,,,75.0,301231207.0,2.61516,3624.05411,,390236.82,80.5153172872016,WB/UNESCO
USA,2008,12412.45,United States,399273.41,,48570.0594269601,60806.2238713713,48570.0594269601,49110.0,58994.0339257249,48420.0,,,74.0,304093966.0,2.74481,3751.46069,,392570.88,80.6219682896606,WB/UNESCO
USA,2009,13152.01,United States,404007.54,,47194.9500893872,58722.496767251,47194.9500893872,47910.0,57606.4665846599,47060.0,,,71.0,306771529.0,2.7918,3877.89208,,397790.4,80.6850378350499,WB/UNESCO
USA,2010,13745.13,United States,413704.71,,48642.6312088213,59797.0736545937,48642.6312088213,49180.0,59199.8881777233,49080.0,,,71.69,309378227.0,2.71443,3643.92768,,407405.92,80.6997744673366,WB/UNESCO
USA,2011,14578.5,United States,426831.73,,50024.8812320773,60253.2035796719,50024.8812320773,50620.0,59908.3114132278,50870.0,,,69.7294607619268,311839461.0,2.73803,3754.88228,,420413.97,80.6957554256024,WB/UNESCO
USA,2012,15206.41,United States,430163.93,,51708.3940614082,61142.3637034265,51708.3940614082,52610.0,61281.0655787944,52940.0,,,74.7,314339099.0,2.67272,3734.6577,,425174.02,80.6837493386238,WB/UNESCO
USA,2013,15391.2,United States,432033.06,27.22716,53297.3862901595,61966.6621370894,53297.3862901595,53750.0,61775.8998205348,54120.0,,,71.4,316726282.0,2.69591,3815.20951,88.7264175415039,427372.54,80.660889281215,WB/UNESCO
USA,2014,16519.24,United States,434412.33,27.50228,55153.3940182967,63026.8779187814,55153.3940182967,55520.0,63311.585770548,56330.0,,,73.0,319257560.0,2.70882,3915.0339,88.6268692016602,428017.63,80.6242231779766,WB/UNESCO
USA,2015,16650.72,United States,436908.38,,56849.4697923159,64367.7188912582,56849.4697923159,56320.0,64828.146607001,57820.0,4.93064022064209,13.5466499328613,74.5542024462761,321815121.0,2.77328,3949.66371,88.8894119262695,429258.44,80.5707989535091,WB/UNESCO
USA,2016,16419.19,United States,437546.04,,57976.628204291,65025.9855980616,57976.628204291,56830.0,65187.5602163254,58530.0,4.78327989578247,13.1706104278565,85.5444212887222,324353340.0,2.83677,3897.11007,88.8350524902344,431807.73,80.4976645324131,WB/UNESCO
USA,2017,17206.94,United States,440417.99,,60047.7190728307,66164.0320014289,60047.7190728307,58860.0,66481.4601388492,60740.0,5.09296989440918,13.8754997253418,87.2748891687657,326608609.0,2.88315,4020.59227,88.1673889160156,435377.24,80.4018678392891,WB/UNESCO
USA,2018,17195.06,United States,447164.41,,62875.6661382728,67728.4424921024,62875.6661382728,63040.0,68066.4414236489,63570.0,4.89502000808716,13.1474103927612,88.498903165152,328529577.0,2.98956,4322.78826,88.2991790771484,441099.68,80.2804567987377,WB/UNESCO
USA,2019,17526.78,United States,451480.17,,65227.9565911038,69121.4580016741,65227.9565911038,65840.0,69584.1660903967,65910.0,4.95746994018555,13.2726898193359,89.4302848575712,330226227.0,3.14297,4367.20971,87.8887100219727,442656.75,80.1304793353594,WB/UNESCO
USA,2020,17387.51,United States,457586.9,,64465.2971415748,67406.8311325507,64465.2971415748,64630.0,67477.3821250326,64740.0,5.39530992507935,12.1569995880127,90.34470367,331578104.0,3.41788,4567.79267,87.5676574707031,453889.89,79.997451762548,WB/UNESCO
USA,2021,18431.49,United States,472448.44,,71441.2319805947,71441.231980595,71441.231980595,71510.0,71781.5269023386,71780.0,5.42038011550903,11.2926597595215,91.2684021,332100166.0,3.4689,4900.77179,84.8550872802734,471378.18,80.0074765140272,WB/UNESCO
USA,2022,19151.54,United States,457335.25,,78008.6895811877,72828.7430907189,78008.6895811877,77230.0,73445.2526342405,78470.0,,,92.72850037,333996304.0,3.48736,4937.49441,79.361930847168,447538.91,80.0324978239707,WB/UNESCO
UZB,2003,0.0,Uzbekistan,317.17,,394.164028897235,3733.79819347394,3394.10539314526,420.0,,3360.0,,,1.91259517784997,25711259.0,0.26825,592.78249,13.8350601196289,315.43,49.9566881481443,WB/UNESCO
UZB,2004,0.0,Uzbekistan,375.91,,462.171492867885,3962.90117061128,3699.2358348945,460.0,,3690.0,,,2.59372542084924,26029350.0,0.27041,583.10334,13.8527898788452,376.57,50.5696510233382,WB/UNESCO
UZB,2005,0.0,Uzbekistan,349.91,,542.835808692209,4185.63947675734,4029.66165860946,520.0,,4020.0,,,3.34350988825952,26356975.0,0.23741,638.4791,9.84444999694824,347.75,51.0781236333777,WB/UNESCO
UZB,2006,0.0,Uzbekistan,322.62,,649.118167003925,4439.90667205623,4406.27075917245,600.0,,4390.0,,,6.38832196706805,26699043.0,0.22395,571.67593,9.96053028106689,318.62,51.4638817209862,WB/UNESCO
UZB,2007,0.0,Uzbekistan,333.09,,824.028192334768,4792.8290951141,4885.3859152798,760.0,,5060.0,,,7.49060468138629,27076008.0,0.21721,563.73574,9.83143043518066,333.09,51.7087010288873,WB/UNESCO
UZB,2008,0.0,Uzbekistan,306.83,,1074.72928796701,5145.99183378479,5346.43179238495,970.0,,5610.0,,,9.0801145234501,27494774.0,0.19354,587.88058,9.89933967590332,305.25,51.7943572998047,WB/UNESCO
UZB,2009,0.0,Uzbekistan,341.19,,1205.7993547038,5471.82013683888,5720.01501794187,1150.0,,5850.0,,,11.9,27939328.0,0.20315,580.2566,9.8161096572876,339.19,51.6105041503906,WB/UNESCO
UZB,2010,0.0,Uzbekistan,395.01,,1956.78127255673,5794.98037704358,6131.45344264834,1460.0,,6230.0,,,15.89999962,28385506.0,0.1543,551.74753,8.85653237012253,390.69,51.3321647644043,WB/UNESCO
UZB,2011,0.37,Uzbekistan,380.73,,2338.55462817306,6170.84149747534,6663.84139781911,1880.0,,6780.0,,,18.6,28823196.0,0.14877,582.25635,8.58497947573208,373.12,51.3395500183105,WB/UNESCO
UZB,2012,0.42,Uzbekistan,331.89,,2573.95586785056,6525.4971525889,6880.85389531695,2460.0,,6950.0,,,23.60000038,29261903.0,0.15512,520.30903,7.84954008903504,325.89,51.3359680175781,WB/UNESCO
UZB,2013,0.0,Uzbekistan,353.35,,2781.38869470315,6932.93371228586,7244.68983612169,2780.0,,7350.0,5.74191999435425,22.7609691619873,26.79999924,29724065.0,0.155,514.76473,7.97676963416095,344.88,51.1276969909668,WB/UNESCO
UZB,2014,2.2,Uzbekistan,334.27,,3021.00331668049,7344.44304405623,7464.82465708014,3000.0,,7560.0,5.71325016021729,22.9768505096436,35.5,30222994.0,0.15335,508.96456,7.99231869405469,329.34,50.8868713378906,WB/UNESCO
UZB,2015,6.0,Uzbekistan,294.17,,3172.89899391083,7792.23605983713,7696.35949962497,3170.0,,7810.0,5.49444007873535,22.3652591705322,42.79999924,30749346.0,0.16497,504.73687,8.05320814639575,287.05,50.6597328186035,WB/UNESCO
UZB,2016,1.17,Uzbekistan,377.68,,3128.42307170099,8172.9216949615,7861.78630407401,3230.0,,7930.0,5.38089990615845,23.0903301239014,46.79130173,31284568.0,0.17238,512.96908,8.33958377998093,361.81,50.6572189331055,WB/UNESCO
UZB,2017,1.91,Uzbekistan,340.02,,2271.4730109511,8413.29975299494,8106.62280505191,2890.0,,8240.0,4.48249006271362,22.5394592285156,48.6999988524556,31819178.0,0.13212,501.98291,8.64750307019382,336.53,50.6787376403809,WB/UNESCO
UZB,2018,0.92,Uzbekistan,350.52,,1894.09088741408,8742.5491991216,8491.93421125471,2490.0,,8700.0,4.83589298172277,25.8752309179907,55.2000006732722,32373490.0,0.11164,481.96007,9.95855522351711,344.46,50.5814971923828,WB/UNESCO
UZB,2019,1.5,Uzbekistan,772.6,,2128.66067138334,9169.01147508351,8909.36758868309,2240.0,,9000.0,6.29534678547216,28.4183284791714,70.3999986481458,32964701.0,0.10128,422.11189,13.0316667432446,746.14,50.5920104980469,WB/UNESCO
UZB,2020,2.29,Uzbekistan,1259.22,,2087.96374711792,9145.23119844239,8920.32011703083,2090.0,,8940.0,4.44021987915039,17.0601902008057,71.09999824,33586372.0,0.12554,426.4918,15.9720957084892,1101.71,50.7670402526855,WB/UNESCO
UZB,2021,10.93,Uzbekistan,2408.47,,2370.36480555669,9705.60054565692,9705.60054565692,2360.0,9748.33064523764,9750.0,4.13580989837646,15.075309753418,76.59043014,34243696.0,0.11843,523.87885,22.0939011675309,2104.99,50.9269905090332,WB/UNESCO
UZB,2022,7.28,Uzbekistan,2187.4,,2698.60262953369,10091.3877869999,10809.1380396181,2620.0,,10930.0,5.23477171022152,21.8510183445407,83.90000012,34938955.0,0.14297,543.83922,31.701936179599,2091.27,50.9847412109375,WB/UNESCO
VAT,2003,0.0,Vatican City,0.0,,,,,,,,,,,,,,,,,WB/UNESCO
VAT,2004,2.0,Vatican City,4.42,,,,,,,,,,,,,,,,,WB/UNESCO
VAT,2005,0.0,Vatican City,1.0,,,,,,,,,,,,,,,,,WB/UNESCO
VAT,2006,0.0,Vatican City,0.0,,,,,,,,,,,,,,,,,WB/UNESCO
VAT,2007,0.0,Vatican City,0.38,,,,,,,,,,,,,,,,,WB/UNESCO
VAT,2008,0.0,Vatican City,0.5,,,,,,,,,,,,,,,,,WB/UNESCO
VAT,2009,0.0,Vatican City,0.13,,,,,,,,,,,,,,,,,WB/UNESCO
VAT,2010,0.0,Vatican City,1.28,,,,,,,,,,,,,,,,,WB/UNESCO
VAT,2011,0.0,Vatican City,1.76,,,,,,,,,,,,,,,,,WB/UNESCO
VAT,2012,0.0,Vatican City,3.73,,,,,,,,,,,,,,,,,WB/UNESCO
VAT,2013,2.5,Vatican City,2.75,,,,,,,,,,,,,,,,,WB/UNESCO
VAT,2014,0.0,Vatican City,2.12,,,,,,,,,,,,,,,,,WB/UNESCO
VAT,2015,0.0,Vatican City,2.95,,,,,,,,,,,,,,,,,WB/UNESCO
VAT,2016,0.0,Vatican City,1.56,,,,,,,,,,,,,,,,,WB/UNESCO
VAT,2017,0.0,Vatican City,3.18,,,,,,,,,,,,,,,,,WB/UNESCO
VAT,2018,0.0,Vatican City,3.65,,,,,,,,,,,,,,,,,WB/UNESCO
VAT,2019,0.0,Vatican City,3.89,,,,,,,,,,,,,,,,,WB/UNESCO
VAT,2020,0.0,Vatican City,2.83,,,,,,,,,,,,,,,,,WB/UNESCO
VAT,2021,0.0,Vatican City,4.12,,,,,,,,,,,,,,,,,WB/UNESCO
VAT,2022,0.0,Vatican City,2.88,,,,,,,,,,,,,,,,,WB/UNESCO
VCT,2003,0.0,Saint Vincent and the Grenadines,1.83,,4499.61454193342,11475.3312414531,7902.62730877934,4430.0,,7510.0,8.17488956451416,31.4755096435547,6.46227416659743,113141.0,,,,1.83,45.236152710942,WB/UNESCO
VCT,2004,0.0,Saint Vincent and the Grenadines,0.13,,4873.48947742443,11979.907294501,8471.96246272441,4800.0,,7990.0,,,7.37116584201749,112835.0,,,,0.13,45.3517185236482,WB/UNESCO
VCT,2005,0.0,Saint Vincent and the Grenadines,1.0,3.70627,5157.39373878102,12320.0710011077,8985.69686075136,5060.0,,8500.0,6.03082990646362,22.5919895172119,9.19827808234299,112450.0,,,,1.0,45.4681221654846,WB/UNESCO
VCT,2006,0.0,Saint Vincent and the Grenadines,0.7,,5744.8278621257,13233.4068930431,9949.48938771364,5580.0,,9530.0,,,12.0,112014.0,,,,0.7,45.5853616874371,WB/UNESCO
VCT,2007,0.0,Saint Vincent and the Grenadines,1.26,5.72991,6398.19123532172,13732.3622591495,10604.3480232138,6030.0,,10260.0,5.43937015533447,20.0384101867676,16.0,111531.0,,,,1.26,45.7034351404912,WB/UNESCO
VCT,2008,0.0,Saint Vincent and the Grenadines,0.0,,6598.90531450859,13850.3936790063,10901.5648740722,6380.0,,10560.0,,,21.0,111028.0,,,,0.0,45.8223405756329,WB/UNESCO
VCT,2009,0.0,Saint Vincent and the Grenadines,1.13,5.41548,6463.78777336717,13723.7838252622,10868.5350935196,6530.0,,10670.0,5.3761100769043,17.3384990692139,31.0,110508.0,,,,1.13,45.9420760438477,WB/UNESCO
VCT,2010,0.17,Saint Vincent and the Grenadines,1.02,7.01034,6551.96835992405,13175.7230154228,10561.3080302509,6310.0,,10380.0,4.80839014053345,15.4856300354004,33.70000076,109959.0,,,13.4546976354886,1.02,46.0626395961215,WB/UNESCO
VCT,2011,0.0,Saint Vincent and the Grenadines,0.05,,6527.68996854448,13168.8964291743,10773.6144742571,6390.0,,10580.0,,,36.70000076,109349.0,,,20.6017072662919,0.05,46.18402928344,WB/UNESCO
VCT,2012,0.0,Saint Vincent and the Grenadines,0.92,,6713.80768643865,13397.9632982701,10988.5026140095,6720.0,,10930.0,,,40.0,108736.0,,,19.8016733808491,0.92,46.3063114823836,WB/UNESCO
VCT,2013,0.0,Saint Vincent and the Grenadines,2.2,,7072.46737188939,13804.1837951887,11624.8625142076,6980.0,,11570.0,,,43.5,108135.0,,,19.7655115169122,2.2,46.4319347036311,WB/UNESCO
VCT,2014,0.0,Saint Vincent and the Grenadines,1.51,,7168.82875342911,14040.2460690452,12135.5830510291,6860.0,,11630.0,,,47.4,107535.0,,,23.9405403137207,1.18,46.5579930468544,WB/UNESCO
VCT,2015,0.0,Saint Vincent and the Grenadines,0.76,,7353.73556054184,14508.8609465459,12378.842727428,7110.0,,12070.0,4.95614634835429,17.2,49.40000153,106960.0,,,23.6186294555664,0.76,46.6845638727475,WB/UNESCO
VCT,2016,0.0,Saint Vincent and the Grenadines,2.26,,7656.90042881178,15197.7482513352,13493.4773120997,7480.0,,13360.0,5.45265007019043,20.1484107971191,51.5,106349.0,,,23.6683079677708,2.26,46.8116589511271,WB/UNESCO
VCT,2017,0.0,Saint Vincent and the Grenadines,4.25,,7988.04445019298,15533.2212821544,13575.4319769513,7730.0,,13500.0,5.37974977493286,20.197639465332,53.70000076,105663.0,,,25.7215423689679,4.25,46.9392900518098,WB/UNESCO
VCT,2018,0.0,Saint Vincent and the Grenadines,1.22,,8428.12677153069,16139.0661084965,14689.8500710886,8370.0,,14660.0,5.22357988357544,19.8603401184082,56.0,104926.0,,,26.0140359224456,2.02,47.0674689446123,WB/UNESCO
VCT,2019,0.0,Saint Vincent and the Grenadines,5.26,,8740.59425232061,16365.3255785124,15339.5560281064,8700.0,,15310.0,,,59.57630157,104167.0,,,29.6853960093035,4.93,47.1962073993512,WB/UNESCO
VCT,2020,0.88,Saint Vincent and the Grenadines,5.24,,8351.20324040982,15763.7054382539,15336.5987771764,8360.0,,15200.0,5.46376310406546,13.0,63.38100052,103526.0,,,33.6692278624512,3.15,47.3255171858432,WB/UNESCO
VCT,2021,0.0,Saint Vincent and the Grenadines,9.79,,8641.27904024443,16200.8994597845,16200.8994597845,8720.0,15896.3852353078,15900.0,,,68.83339691,102841.0,,,35.7032258064516,5.84,47.4554100739049,WB/UNESCO
VCT,2022,1.0,Saint Vincent and the Grenadines,8.36,,9693.55867833025,16835.023514541,18032.4150562634,9520.0,,17860.0,7.07575034584772,15.2270812769575,74.75479889,102046.0,,,41.4983277591973,6.06,47.585897833353,WB/UNESCO
VEN,2003,7.21,Venezuela,1159.58,,3229.50557082079,,12407.8709074939,3450.0,,12140.0,,,7.49996346522407,25892703.0,,95.45289,39.2063407897949,1150.79,88.522274342774,WB/UNESCO
VEN,2004,4.47,Venezuela,1089.31,,4269.08970872392,,14805.1768287538,4050.0,,14430.0,,,8.40446959241215,26340838.0,,105.25189,41.2058296203613,1067.09,88.5835546444319,WB/UNESCO
VEN,2005,8.98,Venezuela,1293.94,,5432.4854184654,,16545.7702112834,4910.0,,16340.0,,,12.5529979098299,26785804.0,0.18907,122.2736,,1270.99,88.638673298371,WB/UNESCO
VEN,2006,4.73,Venezuela,1384.32,47.32643,6739.38065342218,,18441.1209978979,6040.0,,18360.0,3.66905999183655,,15.2247114771787,27224686.0,0.31742,147.25143,,1357.85,88.6870816028803,WB/UNESCO
VEN,2007,10.08,Venezuela,1388.66,43.48734,8331.62096991844,,20292.172795134,7520.0,,20470.0,3.62732005119324,,20.83,27649363.0,0.2011,164.09665,,1344.84,88.7282308562487,WB/UNESCO
VEN,2008,16.93,Venezuela,1604.42,,11262.4514256759,,21448.2900980433,9260.0,,21490.0,,,25.88,28053696.0,0.23803,188.85344,78.2515029907227,1560.77,88.7615723567652,WB/UNESCO
VEN,2009,13.98,Venezuela,1630.06,22.5991,11596.6021921731,,20633.6838183279,10240.0,,20500.0,6.87467002868652,,32.7,28438298.0,0.24014,184.39061,78.2699203491211,1595.66,88.7865574027187,WB/UNESCO
VEN,2010,11.93,Venezuela,1477.88,,13646.3046622664,,20285.5889051122,11650.0,,20080.0,,,37.37,28813101.0,0.18823,202.71225,,1423.11,88.8026372923982,WB/UNESCO
VEN,2011,11.74,Venezuela,1257.42,,10843.9229703167,,21282.6399697602,11850.0,,20840.0,,,40.22,29185212.0,0.15296,231.7288,,1211.86,88.8079278904659,WB/UNESCO
VEN,2012,16.22,Venezuela,1322.92,,12582.0125686037,,,12480.0,,,,,49.0500830729861,29553826.0,0.2501,295.73383,,1267.92,88.8401868543141,WB/UNESCO
VEN,2013,15.21,Venezuela,1201.84,,8642.37380007027,,,10330.0,,,,,54.90000153,29912198.0,0.31853,364.33159,,1149.4,88.8786817039721,WB/UNESCO
VEN,2014,6.75,Venezuela,1240.06,,7101.15006382986,,,8380.0,,,,,57.0,30254079.0,0.33713,272.27029,,1195.81,88.9163913525251,WB/UNESCO
VEN,2015,10.16,Venezuela,978.48,,4096.61989137473,,,5280.0,,,,,58.0,30573972.0,,246.15054,,935.11,88.9539804079292,WB/UNESCO
VEN,2016,6.89,Venezuela,867.57,,3671.23004093383,,,3680.0,,,,,60.0,30765720.0,,291.69278,,825.38,88.9914428378712,WB/UNESCO
VEN,2017,5.63,Venezuela,882.12,,3791.63262049576,,,2950.0,,,,,,30565323.0,,,,841.59,89.0287726100378,WB/UNESCO
VEN,2018,6.89,Venezuela,707.07,,3421.51341607593,,,2800.0,,,,,,29807592.0,,,,673.96,89.0659636921159,WB/UNESCO
VEN,2019,3.33,Venezuela,755.19,,2523.11527549578,,,2370.0,,,,,49.05009842,28938098.0,,230.87605,,748.22,89.1030100517924,WB/UNESCO
VEN,2020,6.45,Venezuela,716.5,,1506.04169391285,,,1670.0,,,,,72.44110107,28444077.0,,289.59954,,711.85,89.1399056567545,WB/UNESCO
VEN,2021,5.01,Venezuela,672.65,,2004.93572921136,,,1790.0,,,,,74.11219788,28237826.0,,276.3565,,676.82,89.1766444746891,WB/UNESCO
VEN,2022,5.34,Venezuela,512.19,,3155.04190923584,,,2260.0,,,,,75.82180023,28213017.0,,350.37843,,545.0,89.2132204732836,WB/UNESCO
VNM,2003,0.23,Vietnam,300.38,,497.117089249256,5090.28990869885,3239.77125907541,480.0,4416.45295557358,3200.0,,,3.78028081370641,79563777.0,,,9.91792964935303,298.68,26.1745407830283,WB/UNESCO
VNM,2004,1.33,Vietnam,335.7,,565.452284586212,5421.09702829121,3543.09915523223,550.0,4505.66131854343,3490.0,,,7.64240852842363,80338971.0,,,,335.8,26.8021001307977,WB/UNESCO
VNM,2005,0.95,Vietnam,403.83,,710.746759994861,5776.36304451268,3893.66509419393,650.0,5210.80461246791,3840.0,,,12.7399292907031,81088313.0,,,15.8760204315185,402.04,27.4285898187702,WB/UNESCO
VNM,2006,2.08,Vietnam,454.15,,807.756645117054,6098.24495436514,4237.40088097171,740.0,5523.06308694788,4170.0,,,17.2545617186662,82167897.0,,,16.8052501678467,448.77,28.0458290558422,WB/UNESCO
VNM,2007,0.11,Vietnam,520.22,,925.640338348717,6418.54381402878,4580.79431119247,860.0,5599.07110394513,4480.0,,,20.7554447679753,83633375.0,,,18.9504508972168,515.42,28.6456370509099,WB/UNESCO
VNM,2008,0.59,Vietnam,785.39,22.16482,1163.83195772873,6659.13561432065,4844.06704734456,1000.0,5857.15472939186,4730.0,4.8867301940918,18.0012397766113,23.92,85175788.0,,,20.0552005767822,778.51,29.2198330128693,WB/UNESCO
VNM,2009,1.52,Vietnam,886.15,13.64026,1226.16976051536,6914.33863589545,5060.73212272276,1120.0,6140.03820037957,4890.0,4.81650018692017,15.1887102127075,26.55,86460018.0,,,21.5007190704346,807.32,29.7581347355675,WB/UNESCO
VNM,2010,1.81,Vietnam,1099.63,14.48051,1683.16182443979,7274.73310698016,5389.21956976062,1370.0,6740.88352382344,5220.0,4.04594993591309,17.0566692352295,30.65,87455152.0,,,23.9250975429329,1096.3,30.2504027258526,WB/UNESCO
VNM,2011,1.23,Vietnam,1220.53,15.73494,1950.92504174913,7652.61895672271,5786.12348870721,1630.0,7076.84936873339,5620.0,3.7802300453186,17.8112697601318,35.07,88468314.0,0.14955,,25.8674734818525,1209.26,30.6996041680996,WB/UNESCO
VNM,2012,3.07,Vietnam,1559.95,14.82523,2185.11767654291,7979.86828926858,6376.79765706172,1980.0,7721.88625231596,6170.0,4.40817022323608,18.7849903106689,36.79999924,89510356.0,,,25.7487091222031,1536.51,31.1222779403029,WB/UNESCO
VNM,2013,4.01,Vietnam,1881.36,15.00896,2359.51736472828,8324.19871250047,6758.40433634749,2200.0,8059.22690971101,6530.0,4.52833986282349,18.515510559082,38.5,90573104.0,0.29932,684.84168,25.6249412769592,1863.37,31.5334201724543,WB/UNESCO
VNM,2014,4.54,Vietnam,1943.68,,2546.38464459903,8751.88280634375,7296.8794808738,2390.0,8588.04938042066,7020.0,3.54012312110584,16.8122897465781,41.0,91679578.0,,,31.3306389293887,1906.87,31.9480269945454,WB/UNESCO
VNM,2015,4.68,Vietnam,2223.04,,2577.56885340113,9248.02396069622,7671.5819778084,2460.0,8836.79575319053,7280.0,3.41660449674943,15.0167530601057,45.0,92823254.0,0.35629,681.68167,29.7250797402999,2156.65,32.3810945365679,WB/UNESCO
VNM,2016,7.56,Vietnam,3021.1,,2735.0604380416,9743.1882231455,8374.50684516118,2560.0,9477.0904655313,7910.0,3.46906995773315,15.6049003601074,53.0,94000117.0,,,29.0811980839409,2943.45,32.8476189285136,WB/UNESCO
VNM,2017,9.97,Vietnam,3279.05,,2956.10992127753,10290.5487142244,9169.73192052855,2680.0,10040.5739923581,8620.0,3.41865686539527,15.4742966457626,58.1400000036297,95176977.0,0.41895,707.70007,25.9526307046456,3216.09,33.3625963003742,WB/UNESCO
VNM,2018,19.43,Vietnam,4301.7,,3222.31003125366,10936.8937859558,10009.9714756006,3020.0,10732.1169895767,9500.0,3.29537010192871,16.0908699035644,69.8479286837965,96237319.0,,,,4102.19,33.9410227821412,WB/UNESCO
VNM,2019,11.64,Vietnam,6113.19,,3440.90025375434,11628.6139147451,11029.2732083963,3290.0,11446.3659445497,10480.0,3.08499832693462,15.571949049475,68.6615802057338,97173776.0,0.41652,754.61752,30.2241191864014,5684.2,34.6239134999511,WB/UNESCO
VNM,2020,18.68,Vietnam,8265.78,,3534.03953482647,11851.3965685649,11609.3177276423,3400.0,11666.9147806544,11110.0,3.21652900152514,14.4718812047317,70.30000012,98079191.0,,,,7751.05,35.5706676299742,WB/UNESCO
VNM,2021,35.28,Vietnam,9651.04,,3704.1935590038,12048.9019935536,12048.9019935536,3540.0,11432.4693951341,11430.0,2.94517488804327,14.8174866627149,74.20999985,98935098.0,0.42494,767.88667,41.9554971195048,8978.42,36.6540656426603,WB/UNESCO
VNM,2022,50.56,Vietnam,10530.19,,4147.69777213621,12979.7638983711,13902.9499867089,3980.0,12370.465508286,13230.0,2.88738689372749,15.4493443908999,78.58999918,99680655.0,,,44.7536854027422,9672.57,37.5478515625,WB/UNESCO
VUT,2003,0.0,Vanuatu,6.53,,1566.51396790858,3372.77297249271,2357.15018525969,1350.0,3283.49077261005,2260.0,8.44151020050049,44.8017997741699,3.90329584542948,200746.0,,,4.86402988433838,6.53,22.4641372404641,WB/UNESCO
VUT,2004,0.0,Vanuatu,10.81,,1774.31867585894,3422.60817759375,2456.30122134335,1580.0,3385.24246458979,2350.0,,,4.74660261917533,205711.0,,,4.87792015075684,10.81,22.7291073078871,WB/UNESCO
VUT,2005,0.0,Vanuatu,13.23,,1873.99142640619,3517.84619857461,2603.80990994661,1770.0,3369.53330107552,2450.0,,,5.082300186,210760.0,,,,12.23,23.0020186653551,WB/UNESCO
VUT,2006,0.0,Vanuatu,5.68,,2034.79289624351,3724.24741699945,2841.59072916746,1980.0,3641.02051168697,2730.0,,,5.850599766,215923.0,,,,5.68,23.2888338847199,WB/UNESCO
VUT,2007,0.0,Vanuatu,2.61,,2333.70506748914,3738.66656241804,2929.87660239337,2080.0,4073.83221969069,2810.0,,,6.800000191,221276.0,,,,2.61,23.5955155378332,WB/UNESCO
VUT,2008,0.0,Vanuatu,4.15,5.85659,2603.60883136724,3850.27902468628,3075.4792705922,2430.0,4047.67282730686,3070.0,5.95150995254517,21.4056301116943,7.26911992337492,226896.0,,,,4.15,23.9280261965467,WB/UNESCO
VUT,2009,0.0,Vanuatu,5.89,,2546.38324565986,3867.75799280135,3108.49598496447,2500.0,3961.69661497971,3010.0,5.16051006317139,18.7231502532959,7.5,232731.0,,,,5.89,24.2861753285463,WB/UNESCO
VUT,2010,0.0,Vanuatu,7.08,,2815.18828985779,3825.75653571613,3112.1065444861,2580.0,3933.19052612245,3020.0,,,8.0,238248.0,,,,7.08,24.742504119873,WB/UNESCO
VUT,2011,0.0,Vanuatu,7.94,,3163.1861645138,3861.18223002309,3205.72469174867,2790.0,3871.47669348565,3140.0,,,9.199999809,243474.0,,,,7.94,24.7861634049013,WB/UNESCO
VUT,2012,0.0,Vanuatu,6.51,,3004.78416664293,3815.41895246816,3226.71834639152,2840.0,3851.47984777861,3060.0,,,10.59799957,248883.0,,,,6.51,24.8183551383933,WB/UNESCO
VUT,2013,0.0,Vanuatu,7.85,,3392.56675091682,3748.76509025679,3224.30439587764,3160.0,3931.28554504131,3220.0,,,11.30000019,254482.0,,,,7.85,24.8407362750263,WB/UNESCO
VUT,2014,0.0,Vanuatu,8.33,,3378.36411965135,3779.64941165998,3307.48563368372,3330.0,3962.62559411423,3390.0,5.17257022857666,22.1906108856201,18.79999924,260240.0,,,,8.33,24.8549637694775,WB/UNESCO
VUT,2015,0.0,Vanuatu,10.55,,3214.41948587141,3825.81231400229,3378.95151983524,3400.0,3957.65539753378,3470.0,5.39081001281738,12.7067003250122,22.35140038,266101.0,,,,10.55,24.8626945764242,WB/UNESCO
VUT,2016,0.0,Vanuatu,13.13,,3339.83436471043,3877.08354643548,3456.77546016875,3390.0,3954.78993457073,3570.0,7.67742589514444,12.4892469656623,,272087.0,,,,13.13,24.8654875642873,WB/UNESCO
VUT,2017,0.0,Vanuatu,10.47,,3585.31798081216,3947.67824193203,3582.74831340905,3550.0,3824.65487655965,3770.0,4.53353023529053,12.2079801559448,,278507.0,,,,10.47,24.7644441456437,WB/UNESCO
VUT,2018,0.0,Vanuatu,8.45,,3626.18862522473,3951.18453122592,3668.080208179,3910.0,3880.60271578454,4000.0,8.60634669948001,20.1321514093338,,285259.0,,,,8.45,24.2729727045038,WB/UNESCO
VUT,2019,0.0,Vanuatu,10.24,,3635.62344878185,3986.65620021472,3762.09421920705,4120.0,3720.28714578628,4190.0,1.77407002449036,4.45529985427856,,291985.0,,,,9.85,23.5024668917075,WB/UNESCO
VUT,2020,0.0,Vanuatu,11.54,,3404.30359167624,3671.97390565303,3511.73441840856,3740.0,4001.44915702415,3840.0,2.17358994483948,5.0110502243042,,298858.0,,,,11.29,22.4186852094794,WB/UNESCO
VUT,2021,0.4,Vanuatu,17.87,,3576.13770954363,3546.08021896872,3546.08021896872,3990.0,4081.67811729372,4080.0,10.1102406419734,20.0074506183817,,305868.0,,,,17.05,22.2501822422475,WB/UNESCO
VUT,2022,0.0,Vanuatu,14.7,,3679.53524327491,3658.51871182046,3918.73096260725,4340.0,4101.49598283251,4530.0,10.7033456499063,20.9390999125074,,313046.0,,,,12.63,22.2541249733107,WB/UNESCO
WSM,2003,0.0,Samoa,4.82,,1798.12429714048,5426.13899111084,3792.19847658136,1570.0,,3520.0,,,2.79963044878076,185430.0,,,,4.82,21.7806875309864,WB/UNESCO
WSM,2004,0.0,Samoa,4.85,,2189.26042607992,5569.06081180669,3996.74463566355,1850.0,,3720.0,,,3.07552941044897,186249.0,,,,4.85,21.5282844040566,WB/UNESCO
WSM,2005,0.0,Samoa,4.59,,2550.04221437511,5915.6475736791,4378.59443154122,2240.0,,4060.0,,,3.35259211246829,186978.0,,,,4.59,21.2352904191687,WB/UNESCO
WSM,2006,0.0,Samoa,11.88,,2663.29135939532,6018.2480546697,4591.90702527429,2470.0,,4270.0,,,4.46917387320954,187709.0,,,,11.88,20.9567957063672,WB/UNESCO
WSM,2007,0.0,Samoa,4.61,,3038.61904093377,6014.046762066,4713.02123355991,2660.0,,4410.0,,,4.75,188753.0,,,,4.61,20.6944481303605,WB/UNESCO
WSM,2008,0.0,Samoa,3.63,,3373.60639884263,6183.55546849942,4939.2255833917,2970.0,,4630.0,5.11659002304077,16.06422996521,5.031599998,190107.0,,,,3.63,20.4038457706991,WB/UNESCO
WSM,2009,0.0,Samoa,5.38,,3279.18269477295,6104.90962936041,4906.48254279553,3160.0,5617.18167968853,4670.0,,,6.0,191513.0,,,,4.38,20.1045321482817,WB/UNESCO
WSM,2010,0.0,Samoa,5.65,,3524.2479246203,6428.13508590333,5229.04191182037,3430.0,5665.76236173044,5080.0,,8.81721854285157,7.0,193023.0,,,,5.65,19.8302101862085,WB/UNESCO
WSM,2011,0.0,Samoa,5.65,,3821.50678264479,6617.61889509588,5494.24063118213,3570.0,6259.83330860016,5290.0,4.77426341839114,11.0349444370063,11.0,194713.0,,,,5.65,19.6174273708146,WB/UNESCO
WSM,2012,0.0,Samoa,2.51,,3934.60320799981,6312.76944621145,5338.73979303202,3590.0,6041.50366353362,5150.0,4.89170722777607,12.1606493143017,12.92249966,196498.0,,,,2.51,19.478718368689,WB/UNESCO
WSM,2013,0.0,Samoa,4.42,,4023.5254013825,6263.12610411359,5386.90063080106,3750.0,5526.07669440745,5200.0,4.61486064947671,14.6528645368553,15.30000019,198268.0,,,,4.42,19.3865949620667,WB/UNESCO
WSM,2014,0.0,Samoa,10.24,,3982.68080202084,6248.70534550413,5468.10058510176,3830.0,6029.14619234523,5260.0,5.41392159958726,15.0110564505088,21.20000076,200037.0,,,,10.24,19.3126679480432,WB/UNESCO
WSM,2015,0.2,Samoa,10.17,,4084.36083819933,6433.1839621351,5681.77812766143,3970.0,6376.17981162371,5570.0,4.42452121728174,14.6938878250054,,201782.0,,,,10.17,19.2340105383551,WB/UNESCO
WSM,2016,0.0,Samoa,7.37,9.18175,4147.07097674888,6888.18769751001,6141.45089023942,4120.0,6729.29625037618,6010.0,3.98114991188049,13.0389003753662,,203499.0,,,,7.37,19.126462366749,WB/UNESCO
WSM,2017,0.0,Samoa,9.42,,4307.59381964907,6919.90225366914,6280.2150045934,4100.0,6718.7325117578,6100.0,4.18871569584785,15.1697279609632,,205415.0,,,13.2596995097127,9.42,18.9657191879831,WB/UNESCO
WSM,2018,0.0,Samoa,11.8,,4231.81409469194,6805.91709392797,6318.2697728872,4100.0,6904.52286932694,6110.0,4.47214854040471,14.9553826696845,,207582.0,,,14.1633542972529,11.8,18.7241267935467,WB/UNESCO
WSM,2019,0.0,Samoa,8.56,,4351.94234943706,7034.42233036815,6638.1845475197,4270.0,7077.8933386043,6380.0,4.58404753905646,13.434943767859,,209780.0,,,13.5792119039657,10.16,18.4147344481283,WB/UNESCO
WSM,2020,0.0,Samoa,21.41,,4099.59660548583,6746.15667963109,6451.76442222677,4080.0,6902.91420390593,6250.0,4.50316850152178,12.8119491996529,,211944.0,,,17.3303454643177,21.49,18.0516608994722,WB/UNESCO
WSM,2021,0.5,Samoa,23.76,,4021.55934894283,6350.92787033711,6350.92787033711,3990.0,6247.07583177784,6250.0,5.2162847162306,15.3641900398817,,213779.0,,,19.1409681560724,24.01,17.5672426452007,WB/UNESCO
WSM,2022,0.0,Samoa,16.2,,4132.44717734444,6450.19151677842,6908.96157777708,4130.0,6379.27087532451,6740.0,6.15978780645853,13.6002878462442,,215261.0,,,18.5508413272527,15.2,17.5007949951039,WB/UNESCO
XKX,2003,0.0,Kosovo,0.0,,,,,,,,,,,1826434.0,,,,0.0,37.5615508963458,WB/UNESCO
XKX,2004,0.0,Kosovo,0.0,,,,,,,,,,,1822773.0,,,,0.0,37.5923149033726,WB/UNESCO
XKX,2005,0.0,Kosovo,0.0,,,,,,,,,,,1818354.0,,,,0.0,37.627884150598,WB/UNESCO
XKX,2006,0.0,Kosovo,0.0,,,,,,,,,,,1813079.0,,,,0.0,37.6697481182649,WB/UNESCO
XKX,2007,0.0,Kosovo,0.0,,,,,,,,,,,1807094.0,,,,0.0,37.7193962866165,WB/UNESCO
XKX,2008,0.0,Kosovo,57.5,,2889.14677086951,7098.40301909042,6352.65231933107,,7484.06275551237,6650.0,,,,1800858.0,,,,57.5,37.7783181358957,WB/UNESCO
XKX,2009,1.0,Kosovo,99.75,,2805.94692985371,7481.45889832785,6736.76108933456,,7632.82347878335,6850.0,,,,1794681.0,,,,97.98,37.8480031463455,WB/UNESCO
XKX,2010,1.0,Kosovo,113.66,,2987.54523493128,7877.10199850556,7179.22277910225,3130.0,8034.57937865776,7300.0,,,,1788743.0,,,,111.23,37.929940798209,WB/UNESCO
XKX,2011,1.33,Kosovo,106.33,,3538.94809762524,8359.93621479336,7776.47393102774,3400.0,8768.16459996483,7970.0,,,,1791949.0,,,,103.33,38.0255184272137,WB/UNESCO
XKX,2012,0.0,Kosovo,112.95,,3410.65497983011,8431.66232694657,7897.56692777876,3540.0,9004.76800527685,8150.0,,,,1807126.0,,,,108.94,38.2296959226488,WB/UNESCO
XKX,2013,0.0,Kosovo,121.59,,3704.55812411167,8828.27683251638,8090.75939263902,3800.0,9393.52138399207,8280.0,,,,1818119.0,,,,115.3,38.6251749487938,WB/UNESCO
XKX,2014,0.75,Kosovo,115.81,,3902.49322261901,9150.74997293883,8200.47420451574,3900.0,9663.98714325369,8380.0,,,,1812788.0,,,,113.11,39.1938922761744,WB/UNESCO
XKX,2015,0.47,Kosovo,131.94,,3520.62685324451,9824.99105955319,8714.91966356132,3930.0,10073.3097716693,8860.0,,,,1788274.0,,,,129.07,39.917681154075,WB/UNESCO
XKX,2016,2.11,Kosovo,180.01,,3759.44777525332,10434.8888259268,9157.04630742908,3930.0,10791.8336401785,9270.0,,,,1777568.0,,,,171.72,40.7783748317802,WB/UNESCO
XKX,2017,1.0,Kosovo,218.35,,4009.32022064732,10856.2902074239,9380.94007290057,3950.0,11124.8467613605,9570.0,,,83.8935968102791,1791019.0,,,,211.36,41.7578065585746,WB/UNESCO
XKX,2018,1.67,Kosovo,257.91,,4384.18796440547,11188.2244627966,10018.7387080811,4300.0,11426.564894391,10190.0,,,89.4430319734879,1797086.0,,,,233.5,42.8378095837429,WB/UNESCO
XKX,2019,2.4,Kosovo,272.56,,4415.6992744623,11774.1178510908,10861.0531745974,4640.0,12092.813029102,11110.0,,,,1788891.0,,,,249.63,44.0002171565695,WB/UNESCO
XKX,2020,4.94,Kosovo,267.8,,4320.58382547288,11137.5028560404,10532.5054692849,4450.0,11741.4922653826,10790.0,,,,1790151.0,,,,246.85,45.2268625263391,WB/UNESCO
XKX,2021,11.25,Kosovo,306.41,,5269.69946181439,12362.4210181213,12362.4210181213,5140.0,12597.5755757847,12600.0,,,,1786079.0,,,,283.36,46.4995789423362,WB/UNESCO
XKX,2022,10.13,Kosovo,428.36,,5298.1473871027,13022.4627441502,13948.6857891476,5610.0,12557.9664503271,14130.0,,,,1768096.0,,,,386.01,47.8001996538455,WB/UNESCO
YEM,2003,0.0,Yemen,32.51,,548.905883049973,,2844.12977505441,480.0,,2600.0,,,0.604734100431821,21456379.0,,,8.78116989135742,32.51,28.0277061455611,WB/UNESCO
YEM,2004,0.0,Yemen,42.15,,627.632023395762,,2948.84642051971,540.0,,2660.0,,,0.881222988679516,22095167.0,,,8.35861015319824,42.65,28.4506523754813,WB/UNESCO
YEM,2005,0.0,Yemen,48.82,,734.159908450927,,3113.44691087129,620.0,,2810.0,,,1.048599958,22790085.0,,,8.33720016479492,48.82,28.8523786558834,WB/UNESCO
YEM,2006,0.14,Yemen,54.43,,809.713127624703,,3205.30827065749,710.0,,3000.0,,,1.24782404904485,23543083.0,,,8.00743007659912,51.93,29.2379493450977,WB/UNESCO
YEM,2007,0.0,Yemen,48.66,,890.305768114988,,3293.63344193597,780.0,,3090.0,,,5.01,24318082.0,,,9.04864025115967,49.16,29.6091538946366,WB/UNESCO
YEM,2008,1.5,Yemen,60.29,,1071.63583282105,,3369.54629158511,880.0,,3130.0,5.15144014358521,12.489239692688,6.89,25111941.0,,,9.20860004425049,58.79,29.9646637170333,WB/UNESCO
YEM,2009,0.0,Yemen,82.56,,969.243509864478,,3410.6102953791,960.0,,3250.0,,,9.96,25927724.0,,,9.69779014587402,78.96,30.3031502248211,WB/UNESCO
YEM,2010,0.0,Yemen,103.74,,1155.20305261418,,3603.03505652422,1040.0,,3390.0,,,12.35,26754387.0,,,9.26154041290283,102.16,30.6232848305331,WB/UNESCO
YEM,2011,0.0,Yemen,101.93,,1186.47500581215,,3113.38292725279,930.0,,2890.0,,,14.90499973,27582897.0,,,8.80690002441406,99.49,30.9237389467026,WB/UNESCO
YEM,2012,2.0,Yemen,104.86,,1245.05068272078,,3004.92091434025,1080.0,,2870.0,,,17.44650078,28433647.0,,,,103.59,31.2031839858628,WB/UNESCO
YEM,2013,0.0,Yemen,117.18,,1378.75002954928,,3164.32154223615,1230.0,,3020.0,,,20.0,29312952.0,,,,114.61,31.4427187944215,WB/UNESCO
YEM,2014,0.0,Yemen,138.17,,1430.16420964026,,,1250.0,,,,,22.54999924,30226309.0,,,,130.72,31.8626162180918,WB/UNESCO
YEM,2015,0.0,Yemen,105.74,,1362.1738120601,,,1030.0,,,,,24.08539963,31159379.0,,,,102.06,32.3883178702702,WB/UNESCO
YEM,2016,0.0,Yemen,115.12,,975.359417003225,,,970.0,,,,,24.57920074,32109010.0,,,,108.94,32.9512008005236,WB/UNESCO
YEM,2017,0.0,Yemen,123.63,,811.165970405745,,,880.0,,,,,,33090921.0,,,,120.33,33.5586912522175,WB/UNESCO
YEM,2018,0.0,Yemen,140.94,,633.887202451545,,,740.0,,,,,,34085182.0,,,,138.66,34.2106045810864,WB/UNESCO
YEM,2019,0.44,Yemen,210.33,,,,,,,,,,17.49099922,35111408.0,,,,198.71,34.9067561732024,WB/UNESCO
YEM,2020,0.13,Yemen,272.75,,,,,,,,,,,36134863.0,,,,264.59,35.7025604580302,WB/UNESCO
YEM,2021,2.6,Yemen,432.5,,,,,,,,,,,37140230.0,,,,392.24,36.0704951256305,WB/UNESCO
YEM,2022,2.63,Yemen,415.15,,,,,,,,,,,38222876.0,,,,386.81,36.3226310308295,WB/UNESCO
ZAF,2003,104.69,South Africa,4386.63,14.11076,4062.21755993786,11923.1211013633,9138.82823848323,3160.0,10338.237235183,8930.0,4.35209989547729,19.5923004150391,7.00769172611251,48500348.0,0.6765,292.80758,,4352.9,58.3724341232066,WB/UNESCO
ZAF,2004,101.63,South Africa,4966.26,13.32329,5221.46333731721,12341.2102655828,9713.65348476407,4040.0,10825.1004651555,9550.0,4.50897979736328,19.9346294403076,8.4251186825406,48991421.0,0.72681,367.54743,,4942.75,59.0977390950102,WB/UNESCO
ZAF,2005,106.82,South Africa,5276.54,15.05485,5836.87663325127,12861.5633089114,10440.6275146273,5430.0,11318.809398659,10260.0,4.5245099067688,19.9249897003174,7.48854252992921,49490033.0,0.77024,351.38625,,5246.71,59.8241758378997,WB/UNESCO
ZAF,2006,138.64,South Africa,5842.67,12.84803,6077.38293388876,13444.2332126058,11250.1795559368,6120.0,11965.5802936082,11060.0,4.52652978897095,18.0049896240234,7.60713967477381,49998277.0,0.80291,373.41244,,5815.67,60.5276465215157,WB/UNESCO
ZAF,2007,134.69,South Africa,5997.09,13.09539,6591.85535960564,14016.2444716386,12046.6051067457,6440.0,12406.0233573077,11690.0,4.44668006896973,18.0270690917969,8.06537517355504,50528584.0,0.79364,384.41697,,5971.52,61.1840533154988,WB/UNESCO
ZAF,2008,123.93,South Africa,6403.51,13.00968,6184.75474328399,14297.6887802632,12525.2630295392,6490.0,12764.5943721095,12170.0,4.37424993515015,17.9063091278076,8.43,51114599.0,0.80567,381.59248,,6336.53,61.7692983894896,WB/UNESCO
ZAF,2009,138.45,South Africa,7199.52,12.53358,6374.70560042992,13910.7017093394,12261.4115912534,6350.0,12728.7293273131,12010.0,4.76118993759155,18.3062591552734,10.0,51728516.0,0.74993,384.84932,,7117.59,62.2592839131287,WB/UNESCO
ZAF,2010,159.99,South Africa,7697.27,11.87729,7973.47195771517,14164.9958363115,12637.2912221888,6730.0,13157.9311756756,12390.0,5.13496017456055,18.0443706512451,24.0,52344051.0,0.66284,359.80904,,7577.08,62.6299120560569,WB/UNESCO
ZAF,2011,165.72,South Africa,8324.47,11.70836,8646.05571071635,14434.2611456048,13143.1933361097,7620.0,13595.640840711,12840.0,5.28899002075195,18.6622905731201,33.97,52995205.0,0.66753,381.96714,,8241.46,62.850627754452,WB/UNESCO
ZAF,2012,209.92,South Africa,9105.16,11.91283,8076.97678479741,14563.7624041032,12986.7976675307,8220.0,13524.2056567294,12660.0,5.52322006225586,19.6699504852295,41.0,53782567.0,0.66934,400.95517,17.9447234835981,8947.48,62.9616560303263,WB/UNESCO
ZAF,2013,223.22,South Africa,9656.24,12.40889,7331.65467384919,14681.096638957,13369.4382039605,7930.0,13580.7019446257,13050.0,5.35070991516113,18.6965999603271,46.5,54678791.0,0.6633,430.44849,18.6088225305342,9548.07,63.0524024097034,WB/UNESCO
ZAF,2014,211.91,South Africa,10323.83,12.18509,6856.73137092522,14643.3384782936,13358.9417186608,7230.0,13467.1915459848,13030.0,5.48977994918823,18.9891605377197,49.0,55594838.0,0.70987,427.63838,18.4813356370067,10086.81,63.1352327065742,WB/UNESCO
ZAF,2015,253.73,South Africa,11148.43,12.54746,6112.27382485974,14541.6748613669,13397.5234813346,6450.0,13458.6185904138,13090.0,5.48285007476807,18.6993503570557,51.91910172,56723537.0,0.73147,466.56084,19.0332949537661,10888.74,63.2096349937231,WB/UNESCO
ZAF,2016,254.11,South Africa,12184.62,,5651.20585165749,14501.2807823402,13519.3235102376,5880.0,13444.9955328931,13170.0,5.4442400932312,18.0487403869629,54.0,57259551.0,0.74992,481.99586,18.9292980324153,11955.09,63.2750973439347,WB/UNESCO
ZAF,2017,343.83,South Africa,13020.27,14.36148,6618.33508255701,14573.5980840004,13738.4385854596,5850.0,13631.7848906654,13360.0,5.59868001937866,18.7192897796631,56.16740036,57635162.0,0.76257,516.53674,21.0902909603212,12809.68,63.3311078299936,WB/UNESCO
ZAF,2018,303.84,South Africa,13477.1,15.25153,6914.1780318076,14553.5615668957,13347.3634826038,6250.0,13547.4165863059,12970.0,5.64401006698608,18.90159034729,62.40000153,58613001.0,0.68586,500.79079,22.3515425184231,13232.48,63.3771545246841,WB/UNESCO
ZAF,2019,366.57,South Africa,15148.36,,6533.71121032856,14352.6698709871,13361.4851289112,6570.0,13540.9819153958,13030.0,5.91159009933472,19.605770111084,69.69689941,59587885.0,0.61304,479.86558,22.2442465104023,14690.16,63.4127255007908,WB/UNESCO
ZAF,2020,360.63,South Africa,15744.73,,5580.60383075189,13250.5666594456,12671.0862436851,5930.0,12840.6273492356,12460.0,6.17067003250122,19.6557006835938,72.1128006,60562381.0,0.60296,459.98774,22.6148742572009,15308.72,63.4373088310982,WB/UNESCO
ZAF,2021,359.37,South Africa,16092.63,,6828.75624590017,13681.9548144813,13681.9548144813,6320.0,13420.5824885438,13420.0,6.5551700592041,18.9369506835938,74.96859741,61502603.0,0.6139,454.79773,22.3431289991291,15478.5,63.4503925883909,WB/UNESCO
ZAF,2022,412.71,South Africa,16651.13,,6534.24867783397,13767.4967589936,14746.7103701698,6530.0,13278.7568307297,14440.0,6.15599012374878,18.8926601409912,78.29319763,62378410.0,0.61479,444.16298,23.7271036201865,15880.81,63.4766699210327,WB/UNESCO
ZMB,2003,0.0,Zambia,47.39,,446.290104839041,2383.87611741089,1942.21520870224,420.0,,1890.0,,,0.980483039426114,10983595.0,0.00847,,,47.39,36.3858560115875,WB/UNESCO
ZMB,2004,0.0,Zambia,42.84,18.04966,548.685974566277,2471.72073328685,2067.93728458142,470.0,,1940.0,2.46342992782593,10.5849895477295,1.1,11338198.0,0.02223,,,42.84,36.8035881130253,WB/UNESCO
ZMB,2005,0.2,Zambia,61.04,25.75265,710.982068171696,2564.47560965912,2212.81202551776,570.0,,2050.0,1.73553001880646,7.72973012924194,1.299999952,11718819.0,0.02493,,,61.04,37.2969823813059,WB/UNESCO
ZMB,2006,0.33,Zambia,69.62,,1051.71714895686,2673.46151928529,2377.99239779581,720.0,,2160.0,,,1.600000024,12129553.0,,,,68.62,37.8392213204204,WB/UNESCO
ZMB,2007,1.93,Zambia,69.27,,1118.73162626953,2796.3529332184,2554.68937618521,900.0,,2270.0,1.24075996875763,6.22791004180908,1.899999976,12565085.0,,,,67.27,38.4034874343601,WB/UNESCO
ZMB,2008,1.93,Zambia,92.91,,1375.50211006997,2908.14362510668,2708.00819659546,1170.0,,2500.0,1.0997200012207,5.65180015563965,2.200000048,13021324.0,0.27819,41.90146,,91.74,38.9629632271162,WB/UNESCO
ZMB,2009,0.37,Zambia,76.75,,1136.24168316848,3065.84420108998,2872.46418369152,1260.0,,2790.0,,,2.5,13490389.0,,,,76.25,39.4908312026796,WB/UNESCO
ZMB,2010,0.33,Zambia,87.81,,1451.10616017155,3266.50749293828,3097.66400489119,1310.0,,2890.0,3.41600445393739,19.8644558494539,3.0,13965594.0,,,,87.9,39.9558857709992,WB/UNESCO
ZMB,2011,3.83,Zambia,100.59,,1624.86817763443,3335.64339500657,3228.48714255039,1380.0,,3070.0,3.35772272046971,18.643060952214,3.5,14437796.0,,,3.99062158481189,98.98,40.3684491825881,WB/UNESCO
ZMB,2012,0.14,Zambia,106.86,,1710.05061343728,3474.55252844092,3323.63312219856,1640.0,,3270.0,3.69500242842903,17.5119682867479,4.099999905,14913629.0,,,3.96159738763825,103.15,40.7698556821596,WB/UNESCO
ZMB,2013,0.77,Zambia,120.54,,1820.71854827391,3535.22449043144,3477.28178777683,1710.0,,3330.0,3.71820710892018,17.4679158828022,4.8,15398997.0,,,,118.74,41.1682266235825,WB/UNESCO
ZMB,2014,4.24,Zambia,129.56,,1707.48573136694,3585.57748507131,3441.31497643775,1740.0,,3370.0,5.15225706811611,20.1654093060307,6.5,15895315.0,,,,128.8,41.5634741658525,WB/UNESCO
ZMB,2015,1.14,Zambia,161.52,11.83535,1295.87788680068,3576.92544834125,3337.47306887696,1530.0,,3270.0,4.62433004379272,16.726110458374,8.8,16399089.0,,,,153.52,41.9555104679652,WB/UNESCO
ZMB,2016,3.42,Zambia,179.73,12.33514,1239.08527877713,3598.17166023389,3313.35121570029,1320.0,,3210.0,3.74792003631592,15.6636199951172,10.30000019,16914423.0,,,,174.12,42.3442476889162,WB/UNESCO
ZMB,2017,4.33,Zambia,208.05,8.91604,1483.46577328065,3612.50597664593,3391.62768492775,1260.0,,3240.0,3.72964000701904,14.9343395233154,12.19999981,17441320.0,,,,203.98,42.7295979877011,WB/UNESCO
ZMB,2018,4.62,Zambia,217.51,,1463.89997855593,3646.95966481655,3442.27307196302,1390.0,,3390.0,4.73973989486694,17.0909004211426,14.2999970950012,17973569.0,,,,215.11,43.1114735233156,WB/UNESCO
ZMB,2019,2.75,Zambia,209.81,,1258.98619844462,3591.56418883108,3361.39750299612,1380.0,,3300.0,4.4182401844799,15.2918654031949,14.47189999,18513839.0,,,,206.64,43.4897864547552,WB/UNESCO
ZMB,2020,1.64,Zambia,266.64,,951.644316655957,3391.59541156095,3157.30009311643,1110.0,,3020.0,3.94374100561712,12.3780247373065,14.64579964,19059395.0,,,,268.45,43.8644489410157,WB/UNESCO
ZMB,2021,2.98,Zambia,312.77,,1127.16077872857,3503.03491418372,3503.03491418372,1050.0,3232.15309021238,3230.0,3.11363465307753,11.514138278853,14.82190037,19603607.0,,,,327.01,44.2353731410926,WB/UNESCO
ZMB,2022,2.84,Zambia,344.27,,1447.12310138035,3585.12379084347,3840.115825721,1170.0,,3630.0,3.65884092023983,,15.0,20152938.0,,,,362.23,44.5988511178469,WB/UNESCO
ZWE,2003,0.59,Zimbabwe,182.34,,468.471932927213,4601.68067845787,2707.98957171289,340.0,,2430.0,,,1.8,12232323.0,,,,182.34,32.6003372313948,WB/UNESCO
ZWE,2004,0.27,Zimbabwe,140.52,,469.719298949304,4287.61686326352,2591.02005433814,320.0,,2250.0,,,2.1,12365896.0,,,,140.69,32.6278168233873,WB/UNESCO
ZWE,2005,0.67,Zimbabwe,141.25,,461.271387547912,4004.68178301248,2495.92081734217,320.0,,2170.0,,,2.400000095,12483432.0,,,,141.25,32.6482709722903,WB/UNESCO
ZWE,2006,0.5,Zimbabwe,171.9,,431.034994414964,3819.24997116607,2453.75642371135,280.0,,2070.0,,,2.400000095,12636445.0,,,,171.7,32.6640794641194,WB/UNESCO
ZWE,2007,0.51,Zimbabwe,185.9,,413.521244592925,3631.55334530411,2396.3783504529,240.0,,1950.0,,,3.0,12804058.0,,,,185.4,32.67762208489,WB/UNESCO
ZWE,2008,1.04,Zimbabwe,126.24,,340.917447588572,2954.11211916469,1986.90882452926,120.0,,1440.0,,,3.5,12959149.0,,,,125.57,32.6912786206175,WB/UNESCO
ZWE,2009,3.41,Zimbabwe,117.6,,735.821693871697,3299.42808702922,2232.85257291912,450.0,3102.29322679239,2170.0,,,4.0,13142790.0,,,,118.12,32.7074288573175,WB/UNESCO
ZWE,2010,2.75,Zimbabwe,147.16,22.81501,902.010759067388,3885.41061373756,2661.36483247516,640.0,3507.64072601256,2570.0,1.54405574575827,8.53672493112948,6.400000095,13356548.0,,,6.9457720142893,144.78,32.7284525810054,WB/UNESCO
ZWE,2011,0.0,Zimbabwe,141.74,,1037.77565157218,4358.94470674386,3047.31708873749,960.0,3809.36792281966,2920.0,,,8.399999619,13595424.0,,,7.111226643716,138.24,32.7567295776968,WB/UNESCO
ZWE,2012,3.66,Zimbabwe,204.73,19.69693,1239.22709745709,5003.50873397069,3472.48572001016,1150.0,4406.21188743779,3360.0,6.07021391405834,29.7510882016037,12.0,13817887.0,,95.1253,7.12874147164551,192.9,32.7931752128328,WB/UNESCO
ZWE,2013,2.93,Zimbabwe,220.97,18.97826,1362.99498323368,5031.70923825425,3783.94633704647,1220.0,4566.52754756194,3660.0,5.99598135667974,28.6603405107662,15.5,14013808.0,,,7.31873655658947,206.72,32.9019343169941,WB/UNESCO
ZWE,2014,2.1,Zimbabwe,269.85,16.83207,1372.91526173161,5081.13441232186,3903.42797706084,1270.0,4661.77817644806,3780.0,6.13835396313315,30.0151492350138,16.3647399572904,14207359.0,,,,260.87,33.1628075970801,WB/UNESCO
ZWE,2015,2.93,Zimbabwe,274.6,,1387.12632595026,5102.73642537223,4045.89864738798,1330.0,5061.32746194533,3970.0,,29.4708298958553,22.74279976,14399013.0,,,11.0489020370076,259.94,33.5612641766874,WB/UNESCO
ZWE,2016,3.6,Zimbabwe,323.32,,1408.13945253431,5070.42413209981,4275.4493505094,1240.0,4787.66907791434,4030.0,,23.5270848466941,23.12000084,14600294.0,,,,313.92,34.0799460726314,WB/UNESCO
ZWE,2017,3.56,Zimbabwe,339.94,,3445.44941020134,5234.4065377844,10756.4454416985,1680.0,5493.99956250768,10480.0,,19.6912287813186,24.39999962,14812482.0,,,,335.65,34.7014953017273,WB/UNESCO
ZWE,2018,4.59,Zimbabwe,392.5,,2270.89531874302,5415.49322028193,3992.890718675,2140.0,5261.87314265305,3940.0,,19.158784626926,25.0,15034452.0,,,,383.4,35.4085538807905,WB/UNESCO
ZWE,2019,15.1,Zimbabwe,426.38,,2184.52155388801,4993.86546928208,4165.92242720214,2430.0,4956.27202192016,4120.0,,10.4635886835479,26.5883007,15271368.0,,,,429.15,36.1837638266364,WB/UNESCO
ZWE,2020,5.45,Zimbabwe,456.49,,2059.63704025274,4527.73949219254,4178.509676231,1980.0,4442.00891306472,4120.0,,15.6666108638886,29.29856532,15526888.0,,,,456.09,37.0097671560802,WB/UNESCO
ZWE,2021,5.72,Zimbabwe,495.68,,2613.6167414057,4827.10960165994,4827.10960165994,2330.0,4751.76860201632,4750.0,,,32.5923996,15797210.0,,,,498.52,37.8692058859373,WB/UNESCO
ZWE,2022,10.72,Zimbabwe,563.05,,2536.40197087505,5036.78317732239,5395.02452868174,2580.0,5002.43145631031,5310.0,,,36.25650024,16069056.0,,,,556.12,38.7055207169041,WB/UNESCO
